hash,filename,Open-WBO-Riss_score,Open-WBO-Riss_cost,Open-WBO-Gluc_score,Open-WBO-Gluc_cost,LinSBPS_score,LinSBPS_cost,SATLike_score,SATLike_cost,Open-WBO-Inc-MCS_score,Open-WBO-Inc-MCS_cost,Open-WBO-Inc-OBV_score,Open-WBO-Inc-OBV_cost,maxroster_score,maxroster_cost,SATLike-c_score,SATLike-c_cost
39008f10c70ae6ebc5cfcdcd081963c0,aes-key-recovery-AES1-76-36.wcnf.xz,0.6078,50,0.7949,38,0.7381,41,0.4079,75,0.6596,46,0.7045,43,0.6078,50,0.5345,57
e44035e719a4c9f163728cb657616426,aes-mul_8_11.wcnf.xz,0.0705,921,0.3333,194,0.3333,194,0.942,68,0.3333,194,0.3939,164,1.0,64,0.942,68
0407c9a31122adb16306950d1f326ee5,aes-mul_8_13.wcnf.xz,0.0836,729,0.3742,162,0.3742,162,1.0,60,0.3742,162,0.3789,160,0.9683,62,1.0,60
5c480a59388fb830f4214e077bae2176,aes-mul_8_14.wcnf.xz,0.0754,755,0.5135,110,0.5135,110,0.9661,58,0.5135,110,0.5229,108,0.9661,58,0.9661,58
0daa3ef64a8653427d70c92d04c7e85d,aes-mul_8_9.wcnf.xz,0.0715,600,0.5119,83,0.5119,83,1.0,42,0.5119,83,0.5309,80,1.0,42,1.0,42
838ae4d3694782ea608dc243073b5921,aes-sbox_8.wcnf.xz,0.0,-,0.7931,845,0.7931,845,0.0,-,0.7931,845,0.7931,845,1.0,670,0.0,-
f6c94e15ab52ec13b4a3ff64a095fac2,atcoss-mesat-atcoss_mesat_02.wcnf.xz,0.6,84,0.7183,70,0.8361,60,0.0,-,0.6892,73,0.8361,60,0.9444,53,0.0,-
ce0c8e73080b230c99bcb093fbc68252,atcoss-mesat-atcoss_mesat_03.wcnf.xz,0.4766,106,0.6296,80,0.7183,70,0.0,-,0.6711,75,0.5795,87,0.0,-,0.0,-
2b9e5ca776512c86bde9b11e6504d375,atcoss-mesat-atcoss_mesat_05.wcnf.xz,0.0,-,0.0,-,0.0,-,0.0,-,0.0,-,0.0,-,0.1884,68,0.0,-
d24d364b96897a1ed2cbfba6833fe39f,atcoss-mesat-atcoss_mesat_10.wcnf.xz,0.1556,89,0.2029,68,0.3415,40,0.0,-,0.1687,82,0.1972,70,0.359,38,0.0,-
61a38599aaf2dd2fd403efc8388716ac,atcoss-mesat-atcoss_mesat_18.wcnf.xz,0.0,-,0.0,-,0.0,-,0.0,-,0.0,-,0.0,-,0.1429,90,0.0,-
d213d1211d4316f8f957b5a826efa1c0,bcp-msp-normalized-f600.wcnf.xz,0.0,-,0.0,-,0.0,-,0.9235,600,0.0,-,0.0,-,0.0,-,0.0,-
ca57f9f6e4b9317531e720fee19e66ff,bcp-msp-normalized-g125.18.wcnf.xz,0.0,-,0.0,-,0.0,-,0.9996,2230,0.0,-,0.0,-,0.0,-,0.9991,2231
df0bd57576b14739c98581ec078985e4,bcp-msp-normalized-g250.15.wcnf.xz,0.0,-,0.0,-,0.0,-,1.0,3750,0.0,-,0.0,-,0.0,-,1.0,3750
028637aa4a6b63ff1383ca07d0a98d12,bcp-msp-normalized-ii16a1.wcnf.xz,0.8903,1266,0.8952,1259,0.9503,1186,0.9186,1227,0.9527,1183,0.9384,1201,0.7642,1475,0.9495,1187
389818c76f53bde76a13826fa9eeedb7,bcp-msp-normalized-ii16a2.wcnf.xz,0.9906,1175,1.0,1164,1.0,1164,0.7277,1600,0.9957,1169,1.0,1164,0.8292,1404,0.8996,1294
fa9524d2cab4733b3ab3440bce7fb29e,bcp-msp-normalized-ii16c1.wcnf.xz,0.9385,1299,0.8689,1403,0.9118,1337,0.9951,1225,0.9139,1334,0.9509,1282,0.8598,1418,0.9791,1245
7b51371eb6810d9f6157a472c30886b8,bcp-msp-normalized-ii16d1.wcnf.xz,0.9459,941,0.9867,902,0.9214,966,0.9186,969,0.9224,965,0.9643,923,0.7795,1142,1.0,890
0f04c00a5486e2a203317e634c5f782e,bcp-syn-normalized-ex1010.pi.wcnf.xz,0.4774,508,0.5731,423,0.5731,423,0.9918,244,0.5731,423,0.5731,423,0.9033,268,0.9959,243
a35420841c78f3bd84822b70c7785c82,bcp-syn-normalized-test4.pi.wcnf.xz,0.5163,183,0.5278,179,0.5278,179,1.0,94,0.5278,179,0.5758,164,0.8796,107,1.0,94
3929384bddeaa4d1600c904854fa2ef8,close-solutions-SAT11__application__fuhs__AProVE11__AProVE11-10.cnf.wcnf.3.wcnf.xz,0.0874,11770,0.621,1656,0.621,1656,0.0,-,1.0,1028,1.0,1028,0.0,-,0.621,1656
ed2f7b0dab79591c36e91ecfc33a81d3,des-cnf.18.p.10.wcnf.xz,0.7333,29,0.7333,29,0.88,24,0.0,-,0.7857,27,0.7857,27,0.6875,31,0.0,-
a8a60055cd89e091c80cca40a729be11,des-cnf.20.p.9.wcnf.xz,0.6857,34,0.75,31,0.8889,26,0.0,-,0.8276,28,0.8889,26,0.8276,28,0.0,-
84e547e5bdb5bf35ffb1b48685a2137b,extension-enforcement-extension-enforcement_non-strict_stb_150_0.05_1_8_3.wcnf.xz,0.5833,11,0.5,13,0.6364,10,0.875,7,0.5,13,0.5833,11,0.2258,30,0.875,7
38b1e8cfe68218cdc4821ac32fe603cc,extension-enforcement-extension-enforcement_non-strict_stb_150_0.1_2_8_2.wcnf.xz,0.5625,15,0.5625,15,0.6429,13,1.0,8,0.75,11,0.6429,13,0.6,14,1.0,8
e9b48aca047aa84a0df8965d17c776ce,extension-enforcement-extension-enforcement_non-strict_stb_200_0.05_1_10_1.wcnf.xz,0.3438,31,0.2895,37,0.3667,29,0.8462,12,0.5,21,0.5789,18,0.44,24,0.6471,16
b61f94fa02e7f0e6bec50a078da4320f,extension-enforcement-extension-enforcement_non-strict_stb_200_0.05_1_10_2.wcnf.xz,0.4138,28,0.48,24,0.6667,17,1.0,11,0.5714,20,0.5714,20,0.4444,26,0.8,14
9f9da4121629558415b64dd96275e869,extension-enforcement-extension-enforcement_non-strict_stb_200_0.05_3_10_0.wcnf.xz,0.4583,23,0.4583,23,0.6111,17,0.8462,12,0.5,21,0.5789,18,0.3056,35,0.9167,11
f27ec489bfd5eba05a03463798fa39da,extension-enforcement-extension-enforcement_non-strict_stb_200_0.05_3_10_1.wcnf.xz,0.5,17,0.5,17,0.75,11,0.9,9,0.6429,13,0.8182,10,0.5294,16,0.9,9
264b42422ce474434ec1a1b47f924123,extension-enforcement-extension-enforcement_non-strict_stb_200_0.05_4_10_0.wcnf.xz,0.2759,28,0.2857,27,0.3636,21,1.0,7,0.5,15,0.5,15,0.4706,16,0.8,9
f38b25ffe31e512cec704d052acc4cb0,extension-enforcement-extension-enforcement_non-strict_stb_200_0.05_4_10_1.wcnf.xz,0.4,19,0.4,19,0.6154,12,0.8,9,0.6154,12,0.6667,11,0.1633,48,0.6667,11
c7170887d9ef67605f8253fff93502d8,extension-enforcement-extension-enforcement_non-strict_stb_200_0.05_4_10_2.wcnf.xz,0.4211,18,0.5333,14,0.5333,14,0.7273,10,0.4,19,0.5714,13,0.1702,46,0.7273,10
a0eb3c1cb9a8e2327742f084f656597b,extension-enforcement-extension-enforcement_non-strict_stb_200_0.05_4_10_3.wcnf.xz,0.5294,16,0.5294,16,1.0,8,0.6923,12,0.5294,16,0.6,14,0.5,17,0.6923,12
1c06abe4aa0a6c1316cd332445aefb78,extension-enforcement-extension-enforcement_non-strict_stb_200_0.05_4_10_4.wcnf.xz,0.45,19,0.45,19,0.5625,15,0.9,9,0.4286,20,0.6429,13,0.2813,31,0.9,9
79168d80df1559dbd97d87ef6f342499,extension-enforcement-extension-enforcement_non-strict_stb_200_0.1_2_10_1.wcnf.xz,0.75,11,0.75,11,1.0,8,1.0,8,0.6,14,0.8182,10,0.9,9,0.9,9
7b601c465b1f5be4ae294c357f67ceff,extension-enforcement-extension-enforcement_non-strict_stb_200_0.1_4_10_4.wcnf.xz,0.4348,22,0.4545,21,0.6667,14,0.9091,10,0.5,19,0.625,15,0.8333,11,0.9091,10
269ec656713f1642cb16f71203c18fa8,fault-diagnosis-s38584_nan_explicit_14_0.wcnf.xz,0.9902,204,0.9486,213,1.0,202,0.6976,290,0.9807,206,0.9951,203,0.7276,278,0.9398,215
d9022ddf9dceb923f2156de669026497,fault-diagnosis-s38584_nan_explicit_5_0.wcnf.xz,0.9672,182,0.885,199,0.9888,178,0.6041,292,0.9779,180,0.9672,182,0.9124,193,0.9171,192
41a2c134035cdcafcb8c05eff42e4b36,fault-diagnosis-s38584_nan_explicit_8_0.wcnf.xz,0.9565,206,0.9851,200,0.9754,202,0.6735,293,0.9565,206,0.9659,204,0.8462,233,0.9519,207
ba012829ee3075bcc9c85d7984b34a7c,gen-hyper-tw-GenHyperTW_2bitcomp_5.wcnf.xz,0.0,-,0.2063,62,0.2203,58,0.8125,15,0.2031,63,0.2031,63,0.0,-,0.6842,18
7ff92ea160371b255e43c2fd03cfb4f8,gen-hyper-tw-GenHyperTW_aim-50-1_6-yes1-3.wcnf.xz,0.7059,16,0.7059,16,0.9231,12,0.9231,12,0.6667,17,0.6667,17,0.8,14,1.0,11
32a25787e8b4ec9cbdcc9d06bc1ea53c,gen-hyper-tw-GenHyperTW_aim-50-2_0-no-3.wcnf.xz,0.7,19,0.7,19,0.7778,17,1.0,13,0.7,19,0.7,19,0.8235,16,1.0,13
5093a81d2334431b437a9b36b836d799,gen-hyper-tw-GenHyperTW_aim-50-2_0-yes1-3.wcnf.xz,0.65,19,0.6842,18,0.8125,15,0.9286,13,0.65,19,0.65,19,0.7222,17,0.9286,13
312539b40771a141d9d730f0c39a60d7,gen-hyper-tw-GenHyperTW_dubois21.wcnf.xz,0.4167,11,0.4545,10,0.625,7,0.625,7,0.5,9,0.4167,11,0.0,-,0.625,7
36e7e31c5880ccc3c45f1c9a81f065b0,gen-hyper-tw-GenHyperTW_dubois23.wcnf.xz,0.2143,13,0.2308,12,0.375,7,0.6,4,0.1579,18,0.2308,12,0.0,-,0.5,5
3e7e1ef43fd8761639e47e6d304b5671,gen-hyper-tw-GenHyperTW_dubois24.wcnf.xz,0.3125,15,0.2778,17,0.625,7,1.0,4,0.25,19,0.2632,18,0.0,-,0.8333,5
f29b2569ab2464fd7582abde70c9fafa,gen-hyper-tw-GenHyperTW_dubois25.wcnf.xz,0.2,19,0.2667,14,0.5,7,0.6667,5,0.2,19,0.3077,12,0.0,-,0.6667,5
15255247c63aa075e943149364039475,gen-hyper-tw-GenHyperTW_dubois27.wcnf.xz,0.2727,21,0.24,24,0.6667,8,1.0,5,0.2609,22,0.2609,22,0.0,-,1.0,5
687e578b2230418bf9f08aad3844daf7,gen-hyper-tw-GenHyperTW_dubois29.wcnf.xz,0.1923,25,0.2174,22,0.625,7,0.625,7,0.2273,21,0.2,24,0.0,-,0.8333,5
a8e89821de3ff0a2f3177242f96f4edf,gen-hyper-tw-GenHyperTW_dubois30.wcnf.xz,0.2609,22,0.2069,28,0.5,11,1.0,5,0.2609,22,0.2308,25,0.0,-,1.0,5
93212e2d164c242e32d3fb0b325b585c,gen-hyper-tw-GenHyperTW_flat30-1.wcnf.xz,0.0,-,0.5313,63,0.6182,54,0.5574,60,0.5152,65,0.5574,60,0.0,-,0.0,-
a3b1a9891bb5a8a138009bc80c20cc10,gen-hyper-tw-GenHyperTW_flat30-99.wcnf.xz,0.3881,66,0.4,64,0.5306,48,0.5,51,0.3939,65,0.4,64,0.0,-,0.0,-
6f879024c5e1685d51ccea5368c7744c,gen-hyper-tw-GenHyperTW_hole6.wcnf.xz,0.4211,18,0.4211,18,0.4444,17,1.0,7,0.4,19,0.4444,17,0.5333,14,1.0,7
f2266f800b6d0974ede2a2ff838cd248,gen-hyper-tw-GenHyperTW_hole8.wcnf.xz,0.2326,42,0.2273,43,0.303,32,0.9091,10,0.2439,40,0.2083,47,0.0,-,0.9091,10
84ae3dd7eecd026d0c06c75655d5ea94,gen-hyper-tw-GenHyperTW_par8-1-c.wcnf.xz,0.5217,22,0.48,24,0.75,15,0.75,15,0.4444,26,0.4138,28,0.0,-,0.8571,13
2cb3d726bc1c2ba1ce5c1e6403f2a1ba,gen-hyper-tw-GenHyperTW_par8-2-c.wcnf.xz,0.375,23,0.3,29,0.9,9,0.6,14,0.3333,26,0.3214,27,0.0,-,0.6,14
fa01f13d30e5ef49e338145747da51d3,gen-hyper-tw-GenHyperTW_par8-3-c.wcnf.xz,0.4138,28,0.3333,35,0.5455,21,0.6667,17,0.3871,30,0.3158,37,0.0,-,0.8571,13
1af983a908023ceff8dbd47d4ddda175,gen-hyper-tw-GenHyperTW_par8-4-c.wcnf.xz,0.375,23,0.36,24,0.6,14,0.6429,13,0.3462,25,0.3214,27,0.0,-,0.8182,10
d2077bdd118ef8f850e77b725703d3a4,gen-hyper-tw-GenHyperTW_par8-5-c.wcnf.xz,0.4138,28,0.3636,32,0.5,23,0.7059,16,0.3871,30,0.375,31,0.0,-,0.75,15
9673fc8dda0ebb86b60cf5cee50e859a,gen-hyper-tw-GenHyperTW_pret60_60.wcnf.xz,0.5,13,0.5833,11,0.7778,8,0.7778,8,0.5385,12,0.5385,12,0.0,-,0.7778,8
931a9bae826890091144f2cd5ff39652,gen-hyper-tw-GenHyperTW_s208.wcnf.xz,0.3226,30,0.3226,30,0.6667,14,0.5882,16,0.1923,51,0.303,32,0.0,-,0.9091,10
012afb3a2a741d212cdfe35609cc25d2,gen-hyper-tw-GenHyperTW_uf20-050.wcnf.xz,0.875,7,0.875,7,0.875,7,1.0,6,0.875,7,0.875,7,1.0,6,1.0,6
02b954e56938c609faed7744eb907854,hs-timetabling-GreeceWesternGreeceUniversityInstance4.xml.wcnf.xz,0.1138,166,0.083,228,0.2923,64,0.0181,1049,0.1011,187,0.0936,202,0.1138,166,0.1092,173
fe4c8a2d81630e00a56809e4d787762e,maxclique-brock800_2.clq.wcnf.xz,0.9987,781,0.9987,781,1.0,780,0.9962,783,0.9987,781,0.9974,782,1.0,780,0.9962,783
24833074f8affcd157ef9dd25296106f,maxclique-p_hat1000-1.clq.wcnf.xz,1.0,990,1.0,990,1.0,990,0.999,991,1.0,990,1.0,990,1.0,990,0.999,991
801a7ce8164130e2084336b9fe396843,maxclique-p_hat1000-2.clq.wcnf.xz,0.9938,960,0.9927,961,0.999,955,0.9948,959,0.9938,960,0.9927,961,1.0,954,0.9938,960
7e02b8b384597e647cedd92d36eaa4fd,maxcut-MANN_a9.clq.wcnf.xz,0.9702,435,0.9883,427,0.9953,424,1.0,422,0.968,436,0.9724,434,1.0,422,1.0,422
a9b91060815e17a91cc6600e52792690,maxcut-brock200_1.clq.wcnf.xz,0.9122,261,0.9598,248,0.9876,241,1.0,238,0.9484,251,0.9522,250,1.0,238,1.0,238
6684d682f57c97534e30a23aafd0e29b,maxcut-brock400_2.clq.wcnf.xz,0.944,267,0.9547,264,0.9806,257,1.0,252,0.9234,273,0.9547,264,1.0,252,1.0,252
b46985c32b7ce336ae4da2acc33c32c8,maxcut-brock400_4.clq.wcnf.xz,0.9294,268,0.9259,269,0.9921,251,1.0,249,0.9259,269,0.9398,265,1.0,249,1.0,249
6111b146f0ea49657d4ef70cc639e47a,maxcut-hamming6-4.clq.wcnf.xz,1.0,192,1.0,192,1.0,192,1.0,192,1.0,192,1.0,192,1.0,192,1.0,192
197f5b7072bee2e90deef58819bc671c,maxcut-p_hat500-3.clq.wcnf.xz,0.9468,300,0.9596,296,0.9896,287,1.0,284,0.976,291,0.9596,296,1.0,284,0.9965,285
fc469e1640f8d601ad7acfc48029d953,maxcut-t6pm3-8888.spn.wcnf.xz,0.6884,198,0.6256,218,0.8405,162,0.9856,138,0.6313,216,0.7405,184,1.0,136,0.9856,138
64fe9eb8e89d347bb36d204833e9884a,min-fill-MinFill_R0_myciel6.wcnf.xz,0.4679,1728,0.5408,1495,0.5094,1587,0.9794,825,0.769,1051,0.4936,1638,0.695,1163,0.8989,899
c441a685a5e25f3dd28b0d6b65e9f0cd,min-fill-MinFill_R0_queen11_11.wcnf.xz,0.9099,4884,0.923,4815,0.9013,4931,0.843,5272,0.9671,4595,0.934,4758,0.8825,5036,0.8991,4943
df11b5a4e85840c22f186c308a24a3e6,min-fill-MinFill_R0_queen6_6.wcnf.xz,0.9588,242,0.9831,236,1.0,232,0.9915,234,0.9668,240,0.9831,236,0.9749,238,0.9708,239
7c44e5592cce892060a3411115844599,min-fill-MinFill_R0_queen8_12.wcnf.xz,0.8926,2773,0.8919,2775,0.9771,2533,0.7774,3184,0.9436,2623,0.9147,2706,0.8118,3049,0.8642,2864
3fc9af170b9d5adb0d35e99318434462,min-fill-MinFill_R0_queen8_8.wcnf.xz,0.8587,1089,0.8509,1099,0.9649,969,0.7452,1255,0.9052,1033,0.894,1046,0.8923,1048,0.8619,1085
cfccbc4b1c707e54e6079ac274241296,min-fill-MinFill_R1_games120.wcnf.xz,0.886,2647,0.76,3086,0.7797,3008,0.5538,4235,1.0,2345,0.7486,3133,0.5798,4045,0.5915,3965
11fe811f42ccd41607ce12edc080f430,min-fill-MinFill_R3_miles1000.wcnf.xz,0.3135,2975,0.3479,2681,0.2425,3847,0.263,3547,0.5212,1789,0.2977,3133,1.0,932,0.242,3854
e34c0270b6d40bcfaa886dfd8ff1ada1,min-fill-MinFill_R3_miles750.wcnf.xz,0.3945,2478,0.2822,3465,0.2569,3806,0.3471,2817,0.4729,2067,0.3484,2806,1.0,977,0.2548,3838
dcecf76b5a9a4f55ee6233d64600f323,optic-gen_add_6_carry_991.wcnf.xz,0.4686,238,0.9333,119,0.9333,119,0.9912,112,0.9333,119,0.9333,119,1.0,111,0.9912,112
ef495b62cbe2d75a743558668aab61de,optic-gen_mult_3_6_9999.wcnf.xz,0.7412,84,0.7975,78,0.9265,67,1.0,62,0.8182,76,0.75,83,0.9265,67,1.0,62
c1273b651434ec730869f740b14d1c3d,optic-gen_mult_4_5_33.wcnf.xz,0.7391,988,0.8204,890,0.8204,890,1.0,730,0.8204,890,0.8307,879,0.9892,738,1.0,730
3934fd9d6da7a2871f492a739a87390d,optic-gen_mult_4_5_399.wcnf.xz,0.7198,1016,0.8215,890,0.8215,890,0.9986,732,0.8215,890,0.8318,879,0.8938,818,0.9986,732
5630bf4435431bebdf78576fd5f4b7f0,optic-gen_mult_4_5_991.wcnf.xz,0.5784,203,0.7613,154,0.7613,154,0.9916,118,0.7613,154,0.7613,154,0.9219,127,0.9916,118
0aaca0d2984bfcb2b605cbc95f024ae5,optic-gen_mult_4_5_9999.wcnf.xz,0.559,355,0.7158,277,0.7158,277,1.0,198,0.7158,277,0.7158,277,0.9387,211,1.0,198
45d37462b58ad058a2a92343832931b0,optic-gen_mult_4_6_991.wcnf.xz,0.4633,299,0.7433,186,0.7433,186,0.9858,140,0.7433,186,0.7433,186,0.9205,150,0.9858,140
0ed4e0889677022a393042654bb6e01d,optic-gen_mult_4_6_9999.wcnf.xz,0.4558,780,0.7036,505,0.7036,505,0.9972,356,0.7036,505,0.7036,505,0.5761,617,0.9972,356
0cf2586eed0f1d06328f91dce40345f0,optic-gen_mult_4_7_991.wcnf.xz,0.4329,327,0.7282,194,0.7282,194,0.9793,144,0.7282,194,0.7282,194,0.6636,213,0.9793,144
aae1f441fa0d574a373aad49243a8c6e,optic-gen_mult_5_5_991.wcnf.xz,0.544,431,0.8453,277,0.8453,277,0.9958,235,0.8453,277,0.8453,277,0.8935,262,0.9958,235
f367a7637ab0550c49f8d4d1322685e3,optic-gen_square_5_9999.wcnf.xz,0.686,85,0.8082,72,0.8082,72,1.0,58,0.8082,72,0.8082,72,0.8194,71,1.0,58
f8152ebd3a50aaac4d2d500269be1117,reversi-rev66-12.wcnf.xz,1.0,21,1.0,21,1.0,21,0.0,-,1.0,21,1.0,21,1.0,21,1.0,21
51a56b1c8107453da4a79a4644c5b050,reversi-rev66-14.wcnf.xz,1.0,19,1.0,19,1.0,19,0.0,-,1.0,19,1.0,19,1.0,19,0.8333,23
7c9bf5669164f4536778846222835fdf,reversi-rev66-16.wcnf.xz,1.0,17,1.0,17,1.0,17,0.0,-,0.8182,21,1.0,17,1.0,17,0.7826,22
0d96291aa07376b6d958c54e2f0b66e1,reversi-rev66-18.wcnf.xz,1.0,15,1.0,15,1.0,15,0.0,-,1.0,15,0.7619,20,0.7619,20,0.6957,22
97e8f080547ee6fcb9f04f8c4f181e82,reversi-rev66-22.wcnf.xz,1.0,11,0.7059,16,0.7059,16,0.0,-,0.8571,13,1.0,11,0.6316,18,0.6316,18
721e129959587b79a4429bb1a8dab4e9,reversi-rev66-26.wcnf.xz,0.6667,11,0.8,9,1.0,7,0.0,-,0.6154,12,0.5714,13,0.5333,14,0.4706,16
f9ee2d20614281972550c70dfd7e0ee5,scheduling-cnf_10.wcnf.xz,0.4186,128,0.551,97,1.0,53,0.2186,246,0.5243,102,0.6,89,0.432,124,0.4252,126
9db6427cdafcca5d9912887ea53b4d20,scheduling-cnf_12.wcnf.xz,0.6739,91,0.7045,87,1.0,61,0.4429,139,0.775,79,0.7294,84,0.8493,72,0.5,123
1138c3481b5bea8d51cb8c29e9d9e271,scheduling-cnf_small.wcnf.xz,1.0,28,1.0,28,0.9063,31,0.5273,54,1.0,28,1.0,28,1.0,28,0.5179,55
8591966e42564f7412257611d3cf3ab8,sean-safarpour-SM_MAIN_MEM_buggy1.dimacs.filtered.wcnf.xz,0.0026,165270,0.7491,577,0.7491,577,0.958,451,0.7491,577,0.7504,576,0.0,-,0.9558,452
7e367781dd0d228be9b3c603b654eb4c,sean-safarpour-rsdecoder-problem.dimacs_41.filtered.wcnf.xz,0.0,-,0.0012,2589,0.0012,2589,1.0,2,0.0012,2563,0.1667,17,0.0,-,1.0,2
5422a57691a067ae4db249688ce4f614,sean-safarpour-wb_4m8s-problem.dimacs_49.filtered.wcnf.xz,0.0008,267932,0.0,-,0.0,-,0.9686,222,0.0,-,0.0,-,0.0,-,0.9774,220
4d94f19fe0d0fadc9e8abfe0597a3220,sean-safarpour-wb_4m8s4.dimacs.filtered.wcnf.xz,0.0039,54829,0.9177,230,0.9177,230,0.968,218,0.9177,230,0.9177,230,0.0,-,0.9593,220
7779f36464b931d3354831be8ad7581a,set-covering-scpclr11_maxsat.wcnf.xz,0.6857,34,0.6857,34,0.8889,26,1.0,23,0.7742,30,0.75,31,1.0,23,1.0,23
0627f9b443abb22084ccc217288d2a2d,set-covering-scpclr12_maxsat.wcnf.xz,0.6486,36,0.6667,35,0.8,29,0.8571,27,0.6857,34,0.7059,33,0.8889,26,0.8571,27
d7d17d11822d92e4b551eba2f2db3c5e,set-covering-scpclr13_maxsat.wcnf.xz,0.7838,36,0.8286,34,0.9667,29,0.9667,29,0.8056,35,0.8056,35,1.0,28,0.9667,29
119c43b96680bbca8eed5a3091409409,set-covering-scpcyc06_maxsat.wcnf.xz,0.8133,74,0.7922,76,0.9683,62,1.0,60,0.8026,75,0.8133,74,1.0,60,1.0,60
79878f1b11b4d9d86e74097976eb58a7,set-covering-scpcyc07_maxsat.wcnf.xz,0.7713,187,0.725,199,0.9539,151,0.9603,150,0.7108,203,0.7513,192,1.0,144,0.9603,150
d0c2465e3897612a9901a9f0ca419be2,set-covering-scpcyc08_maxsat.wcnf.xz,0.7096,488,0.6045,573,0.8443,410,0.9507,364,0.6275,552,0.7728,448,1.0,346,0.9507,364
a9002a5e46e51a718eccb9d0c2550be1,set-covering-scpcyc09_maxsat.wcnf.xz,0.7003,1150,0.5359,1503,0.5807,1387,0.9618,837,0.5997,1343,0.7863,1024,1.0,805,0.9618,837
e5e3279c2343263688a6860559b2ed1b,set-covering-scpcyc10_maxsat.wcnf.xz,0.7198,2626,0.513,3685,0.3413,5540,0.9818,1925,0.1658,11401,0.8204,2304,1.0,1890,0.9818,1925
3308b0decfa3f7f673a2cf1d461edd8d,set-covering-scpcyc11_maxsat.wcnf.xz,0.3802,11264,0.5714,7495,0.1521,28160,0.991,4321,0.1521,28151,0.1521,28151,1.0,4282,0.991,4321
5a451c257892a7d7f43ffa3b7af676a0,treewidth-computation-TWComp_1c75_N69.wcnf.xz,0.9375,31,0.9677,30,1.0,29,0.8108,36,1.0,29,0.9375,31,0.0,-,0.8333,35
975ce1a8a305ab75c80f91ab05634626,treewidth-computation-TWComp_1dp_N76.wcnf.xz,0.9,29,0.931,28,1.0,26,0.871,30,0.9643,27,0.9643,27,0.0,-,0.7941,33
bb95fedb197e9d32dc07ff8020f17af2,treewidth-computation-TWComp_eil51.tsp_N51.wcnf.xz,0.8182,10,0.9,9,0.9,9,0.8182,10,0.8182,10,0.8182,10,0.8182,10,0.75,11
684479f2e5c5a721acd41167544df706,treewidth-computation-TWComp_queen5_5_N25.wcnf.xz,1.0,18,1.0,18,1.0,18,1.0,18,1.0,18,1.0,18,0.95,19,1.0,18
fdf0acd9adff3afa6bbcd9c61d0b3128,treewidth-computation-TWComp_queen6_6_N36.wcnf.xz,1.0,25,1.0,25,1.0,25,0.9286,27,1.0,25,1.0,25,0.0,-,0.963,26
cd47df16d41a5a3fd65bc706ffe145ea,uaq-uaq-ppr-nr200-nc66-n5-k2-rpp4-ppr14-plb100.wcnf.xz,0.8734,78,0.8625,79,0.9583,71,1.0,68,0.8625,79,0.9079,75,1.0,68,1.0,68
36ddfe6070388e1ee8c049473f964f6a,uaq-uaq-ppr-nr200-nc66-n5-k2-rpp4-ppr6-plb100.wcnf.xz,0.9571,69,0.9437,70,0.971,68,1.0,66,0.9571,69,0.971,68,0.9571,69,1.0,66
572f8e5fdbc6cc7c41087f36c82e9017,uaq-uaq-ppr-nr200-nc66-n5-k2-rpp4-ppr7-plb100.wcnf.xz,0.9474,75,0.9863,72,0.973,73,1.0,71,0.96,74,0.9,79,0.96,74,1.0,71
bc090f0c80119a669467337cc315f290,uaq-uaq-ppr-nr200-nc66-n5-k2-rpp4-ppr8-plb100.wcnf.xz,0.9577,70,0.9444,71,0.9577,70,1.0,67,0.9444,71,0.9444,71,0.9855,68,1.0,67
e0f206396775e65622c954f8f249d7dc,uaq-uaq-ppr-nr200-nc66-n5-k2-rpp6-ppr11-plb100.wcnf.xz,0.9,79,0.878,81,0.96,74,1.0,71,0.9351,76,0.9114,78,0.9863,72,1.0,71
d4e2b7a033ea086555618f633e1942c5,uaq-uaq-ppr-nr200-nc66-n5-k2-rpp6-ppr13-plb100.wcnf.xz,0.9024,81,0.925,79,0.961,76,1.0,73,0.9024,81,0.9136,80,0.9867,74,1.0,73
0a843432931100b79ad469d409f5f088,uaq-uaq-ppr-nr200-nc66-n5-k2-rpp6-ppr14-plb100.wcnf.xz,0.9036,82,0.8929,83,0.9375,79,0.9868,75,0.8721,85,0.8721,85,0.9036,82,0.9868,75
578fe2a2ecadccb1ad34b5df843a3820,uaq-uaq-ppr-nr200-nc66-n5-k2-rpp6-ppr6-plb100.wcnf.xz,0.9054,73,0.9571,69,0.9571,69,1.0,66,0.9178,72,0.8933,74,0.9306,71,1.0,66
8eeadd167ab74f59850881a0384223d5,uaq-uaq-ppr-nr200-nc66-n5-k2-rpp6-ppr9-plb100.wcnf.xz,0.8649,73,0.9014,70,0.9552,66,1.0,63,0.9014,70,0.9143,69,0.9143,69,1.0,63
8ffac9b06480be645c4a982ff36aa37c,xai-mindset-australian.wcnf.xz,0.725,708,0.5667,906,0.9483,541,0.306,1679,0.8668,592,0.9345,549,0.0,-,0.3054,1682
b68c32a1297a44ecb116e4992904415e,xai-mindset-bnn-last-layer-f10.wcnf.xz,0.9228,1203,0.9167,1211,0.9167,1211,0.0,-,0.9167,1211,0.9167,1211,0.9447,1175,0.9167,1211
88a7c40956ba55b28f84471577bfc5a4,xai-mindset-bupa.wcnf.xz,0.6595,463,0.6876,444,0.9808,311,0.4928,620,0.8895,343,0.8248,370,0.0,-,0.7747,394
ea05ad3213f6ac2a7a652a661971306e,xai-mindset-cleve.wcnf.xz,0.7368,322,0.7778,305,0.8623,275,0.5032,472,0.7933,299,0.9558,248,0.0,-,0.8041,295
e423f4dcaa53436a9ef1bd9553bc2671,xai-mindset-cleveland-nominal.wcnf.xz,0.8267,276,0.8513,268,0.9957,229,0.0,-,0.7316,312,0.845,270,0.8577,266,0.7924,288
7ee244cc7368c15b18195db3f955a922,xai-mindset-cleveland.wcnf.xz,0.4762,1236,0.3916,1503,0.909,647,0.4195,1403,0.8307,708,1.0,588,0.0,-,0.6979,843
a5ca62b61a0f1255764b0e99e9b1a503,xai-mindset-colic.wcnf.xz,0.4354,417,0.5566,326,0.943,192,0.2164,840,0.6973,260,0.8273,219,0.0,-,0.7309,248
2228134d6a12f837aaf01e947cf3a9b7,xai-mindset-diabetes.wcnf.xz,0.666,984,0.6721,975,0.8877,738,0.3542,1851,0.8925,734,0.9162,715,0.0,-,0.3836,1709
288e384925e7207da8d6581d97af497f,xai-mindset-ecoli.wcnf.xz,0.7359,813,0.7182,833,0.9103,657,0.4356,1374,0.8569,698,0.9117,656,0.0,-,0.41,1460
e48e53446cd9d219df86ca511e812a05,xai-mindset-haberman.wcnf.xz,0.8698,429,0.7556,494,0.9664,386,0.0,-,0.8779,425,0.8969,416,0.6182,604,0.8367,446
8fb8f6b553c6e82b72e1ad36a8af192b,xai-mindset-heart-h.wcnf.xz,0.861,258,0.4912,453,0.8321,267,0.3662,608,0.6677,333,0.7993,278,0.0,-,0.6862,324
2a041153d2a8cd5e225db6a0a8abce81,xai-mindset-heart-statlog.wcnf.xz,0.7725,254,0.6611,297,0.8795,223,1.0,196,0.7849,250,0.8914,220,0.0,-,0.7011,280
a123bf38e6677c36d1b74356c03dcf43,xai-mindset-hungarian.wcnf.xz,0.594,366,0.7148,304,0.6667,326,0.3528,617,0.5633,386,0.8549,254,0.0,-,0.5633,386
c621bcb28be51e6c470a28e1c8dab829,xai-mindset-liver-disorder.wcnf.xz,0.7928,390,0.7014,441,0.9226,335,0.4493,689,0.847,365,0.8587,360,0.0,-,0.7888,392
a315a75e3730f5ad12c9a3ede77a338f,xai-mindset-postoperative-patient-data.wcnf.xz,0.84,74,0.875,71,1.0,62,0.5727,109,0.8289,75,0.8289,75,0.913,68,0.63,99
6a0db8fde6fddcde9b2e5c18ad56409c,xai-mindset-shuttleM.wcnf.xz,0.4508,385,0.4793,362,0.4929,352,0.0,-,0.3187,545,0.6591,263,0.0,-,0.0,-
baa25bdccc197bb2a693215446bdcdcf,xai-mindset-soybean.wcnf.xz,0.3468,518,0.4036,445,0.9375,191,0.0,-,0.5438,330,0.5769,311,0.4663,385,0.1125,1599
