hash,filename,QMaxSAT,RC2-A,maxino,Pacose,RC2-B,LMHS,Open-WBO-Riss,Open-WBO-Gluc,MaxHS
b688abb30c52d1658d943698ed57b2f1,css-refactoring-amazon.wcnf.xz,686.817,19.4466,22.6544,283.803,47.7597,3600.0,70.1173,102.37,3600.0
5eeedd461e8a8462a1c80644293fd2bd,css-refactoring-archlinux.wcnf.xz,3.65933,0.824893,0.114276,0.192985,0.904345,20.1483,0.135602,0.0822499,3.82789
26fcd89b956d7e76eb3d1d49a3d56490,css-refactoring-dblp.wcnf.xz,23.0207,4.24375,1.39715,5.4351,7.11285,3600.0,1.36492,1.76459,448.13
1682f989fd0e1f94ea32171d8a21ff5e,css-refactoring-ebay.wcnf.xz,777.699,14.5659,12.7378,60.8801,19.5822,3600.0,12.4515,20.8773,3600.0
e58dfc6f221686dd4313f6840ba76c4d,css-refactoring-facebook1.wcnf.xz,27.7331,4.18003,3.32849,9.59311,4.96231,3600.0,3.52925,3.07451,3600.0
cb72f3f0638c4fea014911a7085b35b6,css-refactoring-github.wcnf.xz,1663.98,37.0614,37.8855,195.907,48.0173,3600.0,46.3362,41.1294,3600.0
f87ee170541f4a557babdde7ae752269,css-refactoring-guardian.wcnf.xz,3600.0,25.5771,21.1964,173.32,30.2761,3600.0,29.0005,30.1402,3600.0
cdf036414a30bd56c675e6eb85f2734f,css-refactoring-londonist.wcnf.xz,118.062,30.6195,2.36264,14.3127,32.5764,3600.0,2.40862,1.35331,66.2357
ab39be7e20b489e9db5dd505d70e7aca,css-refactoring-openstreetmap.wcnf.xz,46.5045,3.9376,2.01191,12.2054,4.57912,3600.0,2.26153,1.75027,122.788
98e8f5155a869d7bef03db0ab774a388,css-refactoring-wikipedia.wcnf.xz,8.53023,1.48411,0.29745,0.919039,1.57791,19.141,0.432916,0.235106,5.00381
7e500417362b13613c8cdb94d5991b62,css-refactoring-youtube.wcnf.xz,3600.0,41.1968,3600.0,3600.0,53.641,3600.0,3600.0,3600.0,3600.0
94f38bdd1c3322360696de63d079cfd0,power-distribution-full-power-distribution_1_2.wcnf.xz,0.011183,0.0776969,0.00843889,0.00826391,0.0770199,0.0228789,0.00728404,0.00907498,0.0152391
7eb6d9ad8f8a6e886b0dc9aee7aebe93,power-distribution-full-power-distribution_1_3.wcnf.xz,0.00840093,0.137299,0.0143701,0.0103181,0.13627,0.0827691,0.01372,0.007996,0.0546299
44c81d113faa54b26282ec117997a539,power-distribution-full-power-distribution_1_4.wcnf.xz,0.0154811,0.20506,0.0289491,0.01839,0.206042,0.16437,0.0283021,0.017393,0.0886431
258e7b3b57e7985cbb32977fd1a0c426,power-distribution-full-power-distribution_1_5.wcnf.xz,0.107343,0.425826,0.137848,0.157702,0.428989,0.459393,0.124391,0.105614,0.239499
178fdfc36d3c7dc6256304f6e228e41b,power-distribution-full-power-distribution_1_6.wcnf.xz,0.540131,1.40523,0.656392,1.81137,1.45047,1.46707,0.892397,0.698319,0.733685
5e5284830f7aefdceeade792aa98744e,power-distribution-full-power-distribution_1_8.wcnf.xz,88.004,93.3183,52.3788,388.448,101.669,2100.07,152.7,77.5495,388.516
ce3d6ebfa81e919d192e9ed5f0bdf9ff,power-distribution-full-power-distribution_2_2.wcnf.xz,0.00871698,0.171897,0.049412,0.0076069,0.174366,0.984756,0.0131021,0.00979188,2.2073
e338f29de2752ba5c69c631c013eea62,power-distribution-full-power-distribution_2_3.wcnf.xz,0.0339691,0.458887,0.137763,0.031087,0.467493,1.6475,0.0538489,0.0336219,0.383309
c912215fe50b052dd3e779977344adc5,power-distribution-full-power-distribution_2_6.wcnf.xz,3.31101,5.54804,4.57787,4.41569,5.67442,30.9179,3.45725,2.73958,11.8398
6f3cf0ba8c4b64737ba4c6dcb1648834,power-distribution-full-power-distribution_3_2.wcnf.xz,0.0110359,0.106928,0.0124409,0.00860907,0.108997,0.0636591,0.0087521,0.0105171,0.0378751
c6b46dc41ac0bde9f4dce1d94669ea1d,power-distribution-full-power-distribution_3_3.wcnf.xz,0.010343,0.236288,0.0417169,0.00979391,0.236203,0.181508,0.0186759,0.0145621,0.127927
e34969f5bb466d1511265bd9a1022226,power-distribution-full-power-distribution_3_5.wcnf.xz,0.0524759,0.768812,0.218204,0.0466991,0.763918,0.898436,0.0773689,0.0601109,0.529476
d278978398c56348b460ffbbb5513844,power-distribution-full-power-distribution_3_6.wcnf.xz,0.096336,1.13321,0.354138,0.091383,1.13839,1.43934,0.163046,0.11336,0.807051
757ec27cd17d48d75c9fabdf0eaaf0d6,power-distribution-full-power-distribution_3_7.wcnf.xz,0.362827,1.83851,0.74357,0.367482,1.84613,2.38176,0.718065,0.368153,1.53742
4e298475d7d718d538ad5255fa15cd08,power-distribution-full-power-distribution_4_2.wcnf.xz,0.0161969,0.395552,0.255864,0.0151601,0.4024,2.00506,0.0274799,0.0238651,25.2433
c0814c3e78a622aeb61b50d86a9a4988,power-distribution-full-power-distribution_4_3.wcnf.xz,0.0667049,1.23291,0.906313,0.0768799,1.23658,18.5365,0.120498,0.086853,2.19566
b7d3883ab0afb3ef9861e8e4a8c4d9d7,power-distribution-full-power-distribution_4_5.wcnf.xz,0.547664,4.73552,4.6572,0.456009,4.73051,168.476,0.716749,0.518105,9.82441
c5f950eee3a2052f7abb5be427a0c7ae,power-distribution-full-power-distribution_4_6.wcnf.xz,1.1986,7.35056,6.5662,1.37434,7.47928,313.64,1.76067,1.2958,21.4906
788b5502c386d1ab914ff81700de54bb,power-distribution-full-power-distribution_4_7.wcnf.xz,7.5461,15.6219,14.7429,10.548,16.2208,931.827,9.7894,6.75307,125.106
1461cfb31b3a5cffefa59d5d87cfc254,power-distribution-full-power-distribution_4_8.wcnf.xz,95.036,225.31,232.073,437.18,231.172,3600.0,279.694,173.195,815.075
4cd43fb32a4254d45f1a3f9d0cad29e7,power-distribution-sparse-power-distribution_10_2.wcnf.xz,0.017187,0.153181,0.0176139,0.0133559,0.154633,0.079882,0.015955,0.00983198,0.0552991
fbaef85dac8cccfe507a937f91446ae4,power-distribution-sparse-power-distribution_10_4.wcnf.xz,1.13261,0.94071,0.545718,1.158,0.897629,1.00862,0.901633,0.55034,0.562425
39d18da4979c1741479ee94b5cb6b713,power-distribution-sparse-power-distribution_10_6.wcnf.xz,383.703,657.713,449.239,1727.33,959.322,109.358,693.564,1756.46,53.5739
a539e2f8fc1b5306877fdf69b2fdf898,power-distribution-sparse-power-distribution_10_8.wcnf.xz,3600.0,3600.0,3600.0,3600.0,3600.0,3600.0,3600.0,3600.0,3600.0
11c4b3f062a3d35279b34a04adbd2a4a,power-distribution-sparse-power-distribution_11_3.wcnf.xz,0.234725,0.691497,0.138089,0.211023,0.706502,0.773251,0.175686,0.123701,0.416461
91fff1fe976fe0e6cb523ff4d37116f4,power-distribution-sparse-power-distribution_11_5.wcnf.xz,39.6518,50.9396,41.7646,41.54,29.9944,14.5603,96.0397,34.4249,8.68197
b917200e0322d18750fedab5c9b5f8e9,power-distribution-sparse-power-distribution_11_6.wcnf.xz,806.577,686.788,3600.0,1776.41,1551.65,179.518,3600.0,2492.23,125.145
7162a71886ac58ec4fec0a639c4dd198,power-distribution-sparse-power-distribution_12_2.wcnf.xz,0.0709621,0.352786,0.111599,0.053084,0.353229,0.324386,0.040102,0.0308551,0.213277
b416e4c676445e682820f85eb0469e27,power-distribution-sparse-power-distribution_12_4.wcnf.xz,5.21585,3.11392,2.70756,4.97923,3.19898,4.78531,3.38379,2.81389,1.93323
38ddffc64d97feb64bc5b46bdd07f271,power-distribution-sparse-power-distribution_12_5.wcnf.xz,120.074,81.1571,77.1209,346.94,105.457,21.1333,593.97,129.592,13.0188
aebb3a455c212726d9491ef770ccda4e,power-distribution-sparse-power-distribution_12_8.wcnf.xz,3600.0,3600.0,3600.0,3600.0,3600.0,3600.0,3600.0,3600.0,3600.0
e5658177ad0d396b19beb262fb686def,power-distribution-sparse-power-distribution_6_2.wcnf.xz,0.011039,0.0934571,0.0120111,0.00916292,0.091854,0.0302579,0.00842993,0.00886207,0.0228871
982fefbe52ab8f34670a3ed33859ba57,power-distribution-sparse-power-distribution_6_6.wcnf.xz,0.739978,1.49289,0.969677,0.847299,1.49455,1.72967,1.0119,0.849237,2.83176
689f7cd3fbadcef39d37839b29153296,power-distribution-sparse-power-distribution_6_7.wcnf.xz,4.19847,5.02883,7.72295,4.99139,5.16651,14.3522,9.52196,4.32997,9.56044
d4abfde9126c02eb3557dbcf457015aa,power-distribution-sparse-power-distribution_7_2.wcnf.xz,0.00774597,0.131434,0.015379,0.00839811,0.133044,0.180865,0.0107821,0.0070019,0.194787
5247a9a85b1392aeaff80273a6337dc4,power-distribution-sparse-power-distribution_8_7.wcnf.xz,92.5933,93.5805,104.772,156.307,100.757,611.098,481.905,160.11,568.04
5c04f9e06b130ff5d2c3388ed4d7e144,power-distribution-sparse-power-distribution_9_2.wcnf.xz,0.0089139,0.0957019,0.0079729,0.00825189,0.0975389,0.144179,0.00894802,0.00954895,0.054588
0dd4da9f372429f9ea86d1a3271c8d71,power-distribution-sparse-power-distribution_9_4.wcnf.xz,0.145164,0.358803,0.09193,0.119937,0.361335,0.310248,0.0978289,0.0722181,0.210439
d6b79aa019e1a1376eda72da9b057b1d,power-distribution-sparse-power-distribution_9_5.wcnf.xz,2.24952,1.31564,0.938546,2.24476,1.45518,1.30368,1.89221,1.31721,1.40546
83bd2fc9e5d0dc6e5ff34855c319b6a9,power-distribution-sparse-power-distribution_9_6.wcnf.xz,13.1865,6.26193,5.96116,11.7975,7.11038,15.1511,11.6133,5.37268,9.15115
1d69eb0fbbde8c41206c99b062d6ac4d,robot-nagivation-robot-navigation_10.wcnf.xz,3600.0,3600.0,3600.0,3600.0,3600.0,3600.0,3600.0,3600.0,3600.0
38da17874408d58f540931f29769c280,robot-nagivation-robot-navigation_8.wcnf.xz,1521.67,3600.0,3600.0,3418.1,3600.0,3600.0,3600.0,3600.0,2556.05
aabff9eae3f574ccd7075bf1c80e979a,robot-nagivation-robot-navigation_9.wcnf.xz,3600.0,3600.0,3600.0,3600.0,3600.0,3600.0,3600.0,3600.0,3600.0
49d93d32958c8bcf424ad7edd154e9ed,tcp-tcp_students_105_it_10.wcnf.xz,0.163458,1.59242,0.189783,0.13234,1.62398,1.40943,0.140285,0.563711,0.708934
3f6c71aa7fcf133f25b474df6728a0e7,tcp-tcp_students_105_it_11.wcnf.xz,1.8942,1.82579,0.695287,0.862278,2.28118,313.38,0.335779,0.366076,13.6482
00a1a78381f45936763c3c8b799f6715,tcp-tcp_students_105_it_12.wcnf.xz,2.18477,1.79248,0.506901,0.889671,2.43903,26.3909,0.206651,0.264267,6.60145
3fb1821a8294fb1e0569b2729dd9df29,tcp-tcp_students_105_it_13.wcnf.xz,11.9644,2.63717,1.07186,1.22163,2.80058,928.115,0.541291,0.623605,108.228
79e95fa01e297222e7183b95feb24342,tcp-tcp_students_105_it_15.wcnf.xz,105.341,30.5766,95.3171,209.474,47.4642,3600.0,37.7642,43.9769,848.093
e6c78a185ce3661b3280ca85d5f0cd1e,tcp-tcp_students_105_it_2.wcnf.xz,422.872,3600.0,479.515,843.44,3600.0,3600.0,162.244,1051.19,3600.0
4f7267b340d1e8b42884761b653a5783,tcp-tcp_students_105_it_3.wcnf.xz,686.972,1631.49,3600.0,309.288,3600.0,3600.0,1326.43,1414.31,3600.0
ad3878cfd750fd769f6cfb0e327804c3,tcp-tcp_students_105_it_5.wcnf.xz,5.48498,2.94063,1.34418,4.67612,3.53249,244.487,1.26341,1.06642,52.2738
dabd6100bb0f268090f54b76b02908bd,tcp-tcp_students_105_it_6.wcnf.xz,1138.66,3290.51,3600.0,996.745,3600.0,3600.0,3413.47,1856.5,3600.0
71535983d16c50c175acd009efad261a,tcp-tcp_students_105_it_7.wcnf.xz,90.9906,68.6977,64.6893,87.6816,1481.87,3600.0,54.2856,39.2094,3600.0
96927c406aee5d9e209f2962eb78195f,tcp-tcp_students_105_it_9.wcnf.xz,320.361,24.6672,40.7841,170.764,52.8448,3600.0,24.6453,20.4981,1944.71
2367b02dccb7346b3b8c3c3a152066a3,tcp-tcp_students_112_it_1.wcnf.xz,24.4207,7.1894,15.2651,16.2263,13.1454,3600.0,5.10958,5.5078,1375.99
310e4259149d3efdbd7632512f0e393f,tcp-tcp_students_112_it_10.wcnf.xz,109.452,6.44515,7.63375,21.971,10.0307,3600.0,4.26971,4.16436,1381.4
5f722ae01a7100928e6bde9f45c05a2a,tcp-tcp_students_112_it_11.wcnf.xz,3.48935,2.30627,1.41984,1.10579,3.32923,586.781,0.836897,0.390059,77.451
7a7996eac0b8bfab64c2b788ea22102b,tcp-tcp_students_112_it_12.wcnf.xz,3.82919,215.687,210.889,3.70971,191.107,1186.57,40.5078,79.7182,262.825
b890e18a95bee0d8ec9c550a30e3a3ee,tcp-tcp_students_112_it_14.wcnf.xz,2.25209,2.26207,0.662294,1.2569,2.55133,339.94,0.570994,0.478244,25.6331
a1a876f2cf98bde9fa630df5418b220d,tcp-tcp_students_112_it_2.wcnf.xz,493.761,98.408,343.838,525.82,315.648,3600.0,115.818,93.1922,3600.0
63134c140378ec451c0d842298b7b2b9,tcp-tcp_students_112_it_5.wcnf.xz,642.611,799.659,3600.0,569.383,1563.99,3600.0,855.485,631.333,3600.0
1ff94efc27c8dd72136bd576aac5dae6,tcp-tcp_students_112_it_6.wcnf.xz,224.206,52.007,225.09,202.472,146.265,3600.0,47.9252,47.6601,3600.0
f3bf413805fe0a7012f82d9a6c840897,tcp-tcp_students_112_it_8.wcnf.xz,3.41565,2.11466,0.548337,2.53626,2.70628,103.636,0.341245,0.430108,4.3235
7546362ea3f7becb36fc0b6554d4c4ef,tcp-tcp_students_91_it_1.wcnf.xz,7.26447,2.62641,2.00881,5.20009,5.50874,3600.0,2.14061,1.16019,364.952
ccd5d1bc378fef6e24c1491f496d4d02,tcp-tcp_students_91_it_11.wcnf.xz,6.30173,2.83773,1.98811,3.63259,5.09639,1179.54,1.76867,1.4595,101.508
e7dda2948ff95d4fee42fae594cf767c,tcp-tcp_students_91_it_12.wcnf.xz,8.60259,2.53187,1.29185,2.80164,5.38493,3600.0,0.911221,1.03669,1487.93
270b840d693c9af7d1f749889e48242d,tcp-tcp_students_91_it_13.wcnf.xz,905.122,597.889,1341.66,1155.82,631.453,3600.0,815.997,636.098,3600.0
5299b2258f2baaa101b9b3be97242f5a,tcp-tcp_students_91_it_14.wcnf.xz,27.5866,4.95549,6.92573,18.7193,15.0504,3600.0,5.42351,6.9562,3600.0
f51990c25f16965d377c30fc3b535839,tcp-tcp_students_91_it_2.wcnf.xz,2.13382,1.41283,0.756776,1.61359,1.96041,332.915,0.425116,0.498233,36.382
c949d5645909704147c884879df4f1fc,tcp-tcp_students_91_it_3.wcnf.xz,6.93855,5.61673,6.35842,1.54553,10.4355,2081.09,5.29051,3.80682,278.839
4190ee4d7b7946ff02b4b66d6bf528a7,tcp-tcp_students_91_it_5.wcnf.xz,16.4529,3.46902,5.24391,30.453,7.95545,3600.0,2.77967,2.67576,2749.27
585bc6f431a9010b4afd27610591bf70,tcp-tcp_students_91_it_7.wcnf.xz,39.325,6.98625,13.3592,9.78803,13.9224,3600.0,5.53696,7.4081,2867.75
37454fad9811f402fcab884c0c299e2d,tcp-tcp_students_98_it_1.wcnf.xz,5.49549,2.57137,1.91393,5.77345,3.89998,2417.06,0.78626,0.98051,678.267
7d71b2e65ec6e8071b9f26c1de0c9358,tcp-tcp_students_98_it_11.wcnf.xz,3600.0,1459.63,3600.0,3600.0,3600.0,3600.0,2851.9,1602.68,3600.0
20829fa4fadc51616d1a1c105a5dba3e,tcp-tcp_students_98_it_12.wcnf.xz,27.9728,6.87082,9.34904,48.2181,13.2981,3600.0,6.28723,5.83545,311.924
457ce4d7f27b424ed789de9c53cf191c,tcp-tcp_students_98_it_13.wcnf.xz,336.968,31.1888,60.9093,270.423,130.228,3600.0,82.2741,35.0927,3600.0
8d0ab42833fed665870b6c700c1411dd,tcp-tcp_students_98_it_14.wcnf.xz,3600.0,3423.99,3600.0,3531.34,3600.0,3600.0,3384.13,757.622,3600.0
5baf10e45b84633e74ce1e3f0cc3a146,tcp-tcp_students_98_it_15.wcnf.xz,3600.0,3600.0,3600.0,3600.0,3600.0,3600.0,3600.0,3600.0,3600.0
60c4bcd6f57d5947db8b4722d4a9082b,tcp-tcp_students_98_it_4.wcnf.xz,11.3911,5.6082,6.455,7.36747,13.3124,3600.0,6.22769,3.23109,1302.87
ad72aab785063af34bb18a83d65599cf,tcp-tcp_students_98_it_5.wcnf.xz,0.413943,1.3196,0.220804,0.157329,1.51834,36.9964,0.148875,0.139714,3.00378
2feb98de011e5c3d5dd481b9ef87bfe5,tcp-tcp_students_98_it_6.wcnf.xz,344.326,224.505,823.511,181.141,410.398,3600.0,767.794,134.064,3600.0
f5881daf86521d307015e456ba562447,tcp-tcp_students_98_it_7.wcnf.xz,23.7494,2.80249,2.79615,14.1498,3.72058,3600.0,1.86064,1.40968,314.786
6d3f25814c04a35334387f1b8386d9cb,tcp-tcp_students_98_it_8.wcnf.xz,3.95332,2.65129,1.23088,2.26146,10.2789,1135.33,1.63015,1.10945,401.504
0bdece43410db765fff8fe6e2f08d750,drmx-atmostk-drmx-am12-outof-40-emtot-w.wcnf.xz,0.018011,1.31923,1.95294,0.01,0.827385,25.2507,25.984,8.17385,19.3781
68a265e064dc1ddd34a2407e15220bad,drmx-atmostk-drmx-am12-outof-40-eseqc-w.wcnf.xz,0.0390091,0.384899,0.821976,0.03,0.243073,602.752,9.29027,8.19077,980.167
6f7f01fde606d51202548bf3d593fac6,drmx-atmostk-drmx-am12-outof-40-esortn-w.wcnf.xz,0.526198,5.03022,6.96651,0.34,4.54918,875.914,1067.26,93.4543,3600.0
b0ee47f4c3272fd7f8b982bf5693f6ef,drmx-atmostk-drmx-am12-outof-40-etot-w.wcnf.xz,0.016068,1.46244,1.04871,0.01,0.803161,21.3901,73.3254,57.8122,13.7152
bfa2a3450704862d13bd58120b9444e2,drmx-atmostk-drmx-am16-outof-45-ecardn-w.wcnf.xz,0.40633,1.12535,44.4944,0.56,2.92189,3600.0,3600.0,3600.0,3600.0
100da06932295ee9b54c4c459efd23f4,drmx-atmostk-drmx-am16-outof-45-emtot-w.wcnf.xz,0.101442,1.42352,6.80025,0.11,2.44314,390.652,237.44,33.3274,62.9285
2e4000990011fa93c23357a98c275c0c,drmx-atmostk-drmx-am16-outof-45-eseqc-w.wcnf.xz,0.0708339,0.983436,5.85888,0.07,0.992805,3600.0,75.9687,21.6323,3600.0
bc1c742af13ed06b83ff4da2b0712577,drmx-atmostk-drmx-am16-outof-45-esortn-w.wcnf.xz,0.448542,1.12108,56.1027,0.55,2.56796,3600.0,3600.0,3600.0,3600.0
ae75d9fd687d5b024db479abf4bf17a5,drmx-atmostk-drmx-am20-outof-50-ekmtot-w.wcnf.xz,0.090944,10.4598,155.189,0.09,9.71925,891.804,155.844,91.0946,1811.88
5725a6d1e3a5948ef9060629816a534a,drmx-atmostk-drmx-am20-outof-50-eseqc-w.wcnf.xz,0.100575,3.47791,9.0713,0.09,1.84016,3600.0,281.251,56.2946,3600.0
4d8fda092f52bddf164a6cc5ac4378a8,drmx-atmostk-drmx-am20-outof-50-esortn-w.wcnf.xz,2.71566,60.9906,562.941,4.25,103.039,3600.0,3600.0,3600.0,3600.0
abaaf1b136db68bf1baa0f79daf4241a,drmx-atmostk-drmx-am20-outof-50-etot-w.wcnf.xz,0.0863859,18.1341,732.556,0.07,9.12195,3600.0,2124.87,1285.99,1470.01
71c2f89d1d688bf461493cecf99042c5,drmx-atmostk-drmx-am24-outof-55-emtot-w.wcnf.xz,0.187467,14.2783,403.602,0.21,10.2004,3600.0,3600.0,2913.79,3600.0
f1850f267abe911aaf90cf553b41c7b5,drmx-atmostk-drmx-am24-outof-55-eseqc-w.wcnf.xz,0.160442,2.50202,111.078,0.17,1.40076,3600.0,581.348,218.205,3600.0
af6199dc0672ac0164088b0729925aa8,drmx-atmostk-drmx-am24-outof-55-esortn-w.wcnf.xz,3.52149,27.4686,562.464,8.39,22.6344,3600.0,3600.0,3600.0,3600.0
6776a2d36f5a565c33023bce71fde9c8,drmx-atmostk-drmx-am28-outof-60-etot-w.wcnf.xz,0.082594,14.3321,298.633,0.08,23.4996,3600.0,3600.0,881.605,3600.0
bf1208d1f69e88b4f09fbda4e87ba225,drmx-atmostk-drmx-am32-outof-70-ekmtot-w.wcnf.xz,0.274562,168.64,630.981,0.24,117.376,3600.0,1057.54,864.529,3600.0
a2e01e3be0c93646d7f696f9ac9f5934,drmx-atmostk-drmx-am32-outof-70-eseqc-w.wcnf.xz,0.543671,7.0495,579.031,0.41,4.81692,3600.0,3600.0,1413.85,3600.0
214499883d3785eae56b9805cb74f239,drmx-atmostk-drmx-am32-outof-70-esortn-w.wcnf.xz,8.51591,18.1302,3600.0,11.75,5.64414,3600.0,3600.0,3600.0,3600.0
28c1dac37ca3f1323ab394e05836387b,drmx-atmostk-drmx-am32-outof-70-etot-w.wcnf.xz,0.246714,149.147,2131.9,0.21,95.4919,3600.0,3600.0,3600.0,3600.0
300e38d90be262b94e8b49d41c61223b,drmx-cryptogen-geffe128_2.wcnf.xz,3600.0,57.7958,3600.0,3600.0,56.038,3600.0,75.1025,26.7494,2.90662
13594510371eb7098c2b2e49ec0c56ed,drmx-cryptogen-geffe128_3.wcnf.xz,3600.0,62.6771,3600.0,3600.0,68.2228,3600.0,48.2368,71.4249,59.409
42b781ad7ae1b19027cdd1254b54060a,drmx-cryptogen-geffe128_4.wcnf.xz,3600.0,682.172,3600.0,3600.0,592.246,3600.0,493.075,371.895,7.46906
27024d98cf55ab56191f48a035efca93,drmx-cryptogen-geffe128_5.wcnf.xz,3600.0,45.6159,3600.0,3600.0,43.7435,3600.0,63.256,33.181,22.5715
a15f25d50f419da92cdcf6a7309b5a5b,drmx-cryptogen-geffe128_7.wcnf.xz,3600.0,352.938,3600.0,3600.0,352.05,3600.0,199.504,123.248,292.431
ee440a86ad32b0a9f32ff73911e6552b,drmx-cryptogen-geffe128_8.wcnf.xz,3600.0,141.909,3600.0,3600.0,145.374,3600.0,138.811,46.5053,29.2014
8d04368ee9a63120d9535820179ec975,drmx-cryptogen-threshold128_1.wcnf.xz,3600.0,262.099,3600.0,3600.0,257.752,3600.0,378.873,76.0573,21.5947
99ab8e8c7925745b64d5b79ea073bab8,drmx-cryptogen-threshold128_3.wcnf.xz,3600.0,282.923,3600.0,3600.0,281.942,3600.0,918.636,482.539,1.26848
93b7ae2ab28ab1f783dca9c7db0595fa,drmx-cryptogen-threshold128_7.wcnf.xz,3600.0,159.08,3600.0,3600.0,159.041,3600.0,333.463,96.7852,130.753
b467da67e895a72a60f1083f4eed95ec,drmx-cryptogen-threshold128_8.wcnf.xz,3600.0,2508.91,3600.0,3600.0,2493.74,3600.0,3358.06,1061.14,66.6869
d7b19e1caffd07748c6b8a064e1f7ebc,drmx-cryptogen-threshold128_9.wcnf.xz,3600.0,56.4505,3600.0,3600.0,56.2537,3600.0,33.0973,55.2259,46.1228
93bdd2fca6b51a381b4a462a1fd222d6,drmx-cryptogen-wolfram72_5.wcnf.xz,3600.0,212.703,3600.0,3600.0,212.469,3600.0,357.418,106.26,15.7984
b02193251b4248380bb0da1261aa7702,drmx-cryptogen-wolfram72_6.wcnf.xz,3600.0,214.088,3600.0,3600.0,212.652,3600.0,228.301,78.7426,1.6445
882b008f54b563dae18b7cd447d9b75e,drmx-cryptogen-wolfram72_8.wcnf.xz,3600.0,232.741,3600.0,3600.0,233.533,3600.0,238.312,83.1266,8.5025
b95f54c1dae16c927d5bbecb41a3fa75,drmx-cryptogen-wolfram80_0.wcnf.xz,3600.0,444.36,3600.0,3600.0,440.399,3600.0,1600.05,194.993,118.769
083faa659160886a289112e71e9bf0fe,drmx-cryptogen-wolfram80_1.wcnf.xz,3600.0,374.487,3600.0,3600.0,371.473,3600.0,1271.7,522.841,44.8299
46d6acd41c6cff30e30c2b6ea6e43759,drmx-cryptogen-wolfram80_3.wcnf.xz,3600.0,343.239,3600.0,3600.0,340.829,3600.0,731.189,139.019,11.9452
8b285e0eba7688f0302e8cf4836d7175,drmx-cryptogen-wolfram80_5.wcnf.xz,3600.0,331.865,3600.0,3600.0,333.98,3600.0,2287.79,565.496,4.5765
6780c7cdc73ce3836f76d1f9a6752341,drmx-cryptogen-wolfram80_7.wcnf.xz,3600.0,337.407,3600.0,3600.0,337.099,3600.0,479.317,75.4526,12.1735
d7499251e2cfcee99f380621921831e7,drmx-cryptogen-wolfram80_9.wcnf.xz,3600.0,345.296,3600.0,3600.0,346.636,3600.0,356.229,109.91,8.28288
d50f9c24f4adabb9b4e4227453bb6899,cluster-expansion-IS10_5.0.5.0.0.5_softer_periodic.wcnf.xz,3600.0,3600.0,3600.0,3600.0,3600.0,3600.0,3600.0,3600.0,3600.0
bfa8648f1ea694df841e675c8debe9fd,cluster-expansion-IS11_5.0.5.0.0.5_softer_periodic.wcnf.xz,3600.0,3600.0,3600.0,3600.0,3600.0,3600.0,3600.0,3600.0,3600.0
37ab8b0d070ccee23764ae47f03675c3,cluster-expansion-IS12_5.0.5.0.0.5_softer_periodic.wcnf.xz,3600.0,3600.0,3600.0,3600.0,3600.0,3600.0,3600.0,3600.0,3600.0
4b6d460f198abf8f38854495589bd501,cluster-expansion-IS13_5.0.5.0.0.5_softer_periodic.wcnf.xz,3600.0,3600.0,3600.0,3600.0,3600.0,3600.0,3600.0,3600.0,3600.0
b1cdfc3adbc958aa2d98733df6dc8926,cluster-expansion-IS14_5.0.5.0.0.5_softer_periodic.wcnf.xz,3600.0,3600.0,3600.0,3600.0,3600.0,3600.0,3600.0,3600.0,3600.0
34d5c180ed643738b1caf127d59c911e,cluster-expansion-IS15_5.0.5.0.0.5_softer_periodic.wcnf.xz,3600.0,3600.0,3600.0,3600.0,3600.0,3600.0,3600.0,3600.0,3600.0
74cf4fe9efd09cdce9575c9f64a3dc84,cluster-expansion-IS16_5.0.5.0.0.5_softer_periodic.wcnf.xz,3600.0,3600.0,3600.0,3600.0,3600.0,3600.0,3600.0,3600.0,3600.0
951d7e37c57fc80023cb2898a53fe1db,cluster-expansion-IS17_5.0.5.0.0.5_softer_periodic.wcnf.xz,3600.0,3600.0,3600.0,3600.0,3600.0,3600.0,3600.0,3600.0,3600.0
af02cb9c4c91246868de889b6039a684,cluster-expansion-IS19_5.0.5.0.0.5_softer_periodic.wcnf.xz,3600.0,3600.0,3600.0,3600.0,3600.0,3600.0,3600.0,3600.0,3600.0
e946d95f945bc6cecee5e80253f78a3a,cluster-expansion-IS1_5.0.5.0.0.5_softer_periodic.wcnf.xz,3600.0,3600.0,3600.0,3600.0,3600.0,3600.0,3600.0,3600.0,3600.0
f8d1f6fc99f72813ee1a597f676fca29,cluster-expansion-IS20_5.0.5.0.0.5_softer_periodic.wcnf.xz,3600.0,3600.0,3600.0,3600.0,3600.0,3600.0,3600.0,3600.0,3600.0
217886868155609a74277a9775143fc7,cluster-expansion-IS23_5.0.5.0.0.5_softer_periodic.wcnf.xz,3600.0,3600.0,3600.0,3600.0,3600.0,3600.0,3600.0,3600.0,3600.0
8fdb0fa7ac9977becc2539c51ddba043,cluster-expansion-IS2_5.0.5.0.0.5_softer_periodic.wcnf.xz,3600.0,3600.0,3600.0,3600.0,3600.0,3600.0,3600.0,3600.0,3600.0
d0732515c0909712a4e2551819e856e9,cluster-expansion-IS3_5.0.5.0.0.5_softer_periodic.wcnf.xz,3600.0,3600.0,3600.0,3600.0,3600.0,3600.0,3600.0,3600.0,3600.0
2a416d13883d7a993b909449d37167c9,cluster-expansion-IS4_5.0.5.0.0.5_softer_periodic.wcnf.xz,3600.0,3600.0,3600.0,3600.0,3600.0,3600.0,3600.0,3600.0,3600.0
8f5b54700277be0115f09bc70cf1f65e,cluster-expansion-IS5_5.0.5.0.0.5_softer_periodic.wcnf.xz,3600.0,3600.0,3600.0,3600.0,3600.0,3600.0,3600.0,3600.0,3600.0
cd8e857cff040263ead2f43c20075345,cluster-expansion-IS6_5.0.5.0.0.5_softer_periodic.wcnf.xz,3600.0,3600.0,3600.0,3600.0,3600.0,3600.0,3600.0,3600.0,3600.0
ea6e134f6cd044eb13e5c21920bfaafe,cluster-expansion-IS7_5.0.5.0.0.5_softer_periodic.wcnf.xz,3600.0,3600.0,3600.0,3600.0,3600.0,3600.0,3600.0,3600.0,3600.0
a28c0812e4005a40ae9e40788d239cf2,cluster-expansion-IS8_5.0.5.0.0.5_softer_periodic.wcnf.xz,3600.0,3600.0,3600.0,3600.0,3600.0,3600.0,3600.0,3600.0,3600.0
47f2d80db6d2c3c160929db7a2fa4be2,cluster-expansion-IS9_5.0.5.0.0.5_softer_periodic.wcnf.xz,3600.0,3600.0,3600.0,3600.0,3600.0,3600.0,3600.0,3600.0,3600.0
a2300a0f69241062c9528bbea98555b5,auc-paths-cat_paths_60_130_0000.txt.wcnf.xz,31.4871,123.404,0.23321,0.431003,2.38488,0.057915,0.681135,0.355214,0.0408369
3d8522fbceff3abcb97705a1da71c232,auc-paths-cat_paths_60_130_0001.txt.wcnf.xz,66.6247,843.217,0.265836,1.66575,749.479,0.0637369,0.901621,0.679073,0.0696971
75f5f3651595a2c0db44e84a5510313f,auc-paths-cat_paths_60_130_0003.txt.wcnf.xz,53.8509,29.7706,0.575606,1.01392,1.24925,0.0593691,0.859891,0.492177,0.036227
771b7e41076fd29eea49bd95d9b23420,auc-paths-cat_paths_60_140_0000.txt.wcnf.xz,22.1649,211.099,0.0751969,1.1716,7.52877,0.066604,0.377972,0.565227,0.0418441
6f9c1d2d0800de502cc90c3b34c609c3,auc-paths-cat_paths_60_140_0001.txt.wcnf.xz,642.336,143.35,6.01916,6.13308,1.88086,0.0673341,20.4701,14.5876,0.057345
8808f3ef6ef2557c0852d0242864b1b6,auc-paths-cat_paths_60_140_0002.txt.wcnf.xz,636.569,1205.95,4.05867,15.9125,69.8583,0.0666751,17.815,43.5633,0.057785
0c28fa8e32f8a5e5407132d7680d7bce,auc-paths-cat_paths_60_140_0003.txt.wcnf.xz,2094.23,533.423,1.57355,10.8093,10.5343,0.0695381,15.5361,2.19329,0.075988
7b2c05021250bafd07ff7f3143cdcb94,auc-paths-cat_paths_60_150_0000.txt.wcnf.xz,327.575,276.274,3.29588,12.0544,50.8671,0.075146,3.48729,1.31332,0.098613
4b68c0abfff4be56b3481ebbdc46120f,auc-paths-cat_paths_60_150_0002.txt.wcnf.xz,347.725,383.726,0.565434,3.46831,41.3207,0.0697169,0.517841,0.322373,0.066846
81b586ec75dd436fcaba4f178894a1d4,auc-paths-cat_paths_60_150_0003.txt.wcnf.xz,1507.03,791.535,3.00188,18.5859,150.723,0.081042,4.06306,5.62508,0.067306
3a1b70d97f69d4661d147c4a66589bd4,auc-paths-cat_paths_60_160_0000.txt.wcnf.xz,1884.74,142.964,8.82468,27.2294,1.58321,0.082596,10.6598,7.72096,0.0811261
f420961dfa836150930d8651a7d4321f,auc-paths-cat_paths_60_160_0002.txt.wcnf.xz,3600.0,1083.82,526.559,684.347,400.875,0.0761829,3600.0,608.466,0.134339
56228c294e6499ace336b1ac38bdc5e8,auc-paths-cat_paths_60_160_0003.txt.wcnf.xz,3600.0,943.618,4.27938,18.7105,9.22671,0.0837909,2.26983,3.94882,0.0588349
4f04b40aed05d557d08c6b8b8563e89a,auc-paths-cat_paths_60_170_0003.txt.wcnf.xz,1015.71,1444.25,8.85438,7.26226,24.3382,0.0918371,10.7955,11.4702,0.12905
43a2e2743d9a4f3c82b9df4bcfb6d0b9,auc-paths-cat_paths_60_170_0005.txt.wcnf.xz,3600.0,3600.0,461.039,452.75,3223.67,0.0743549,3600.0,1234.17,0.244052
10538d318bff7e093a5974345f95ff95,af-synthesis-af-synthesis_stb_50_100_9.wcnf.xz,1627.44,1740.95,3031.24,750.967,2017.64,3600.0,3600.0,3600.0,3600.0
4d475f6c708f3aa8bd348708f088d032,af-synthesis-af-synthesis_stb_50_120_2.wcnf.xz,1051.72,1943.0,3600.0,308.999,2114.25,3600.0,3600.0,3206.11,2713.2
0440d40d13dab05c23f5bc5b2c7d77ec,af-synthesis-af-synthesis_stb_50_120_3.wcnf.xz,1037.94,1145.52,2748.2,294.15,1378.37,3600.0,3600.0,2010.83,2101.11
7b9df1f4265763e2f50e9b9f38b93352,af-synthesis-af-synthesis_stb_50_120_5.wcnf.xz,1846.94,3600.0,2543.92,335.243,3600.0,3600.0,3600.0,3600.0,3600.0
07042ec06b195d879ca14c112de2fce7,af-synthesis-af-synthesis_stb_50_120_7.wcnf.xz,3600.0,1196.56,3418.84,412.856,1423.63,3600.0,3600.0,2886.96,3600.0
f7f9da5cf24bc5e759e949c66703a71a,af-synthesis-af-synthesis_stb_50_120_9.wcnf.xz,2753.48,1701.49,3600.0,675.437,2472.51,3600.0,3600.0,3018.58,3600.0
d9b2fe4aa5cd097aecb518f5f23f9bd6,af-synthesis-af-synthesis_stb_50_140_0.wcnf.xz,1965.27,3600.0,3600.0,329.792,3590.65,3600.0,3600.0,3600.0,3600.0
9eb67aaeeb64005c3e2011ba3e10205f,af-synthesis-af-synthesis_stb_50_140_1.wcnf.xz,2845.51,3600.0,3600.0,923.979,3600.0,3600.0,3600.0,3600.0,3600.0
db6a8400b605b33fefe53fe41db58608,af-synthesis-af-synthesis_stb_50_140_3.wcnf.xz,456.973,1233.96,2633.54,196.48,3600.0,3600.0,3600.0,1646.25,2073.03
3471182ada8ef00252163223650598d9,af-synthesis-af-synthesis_stb_50_140_5.wcnf.xz,3018.06,1096.61,2647.12,748.335,939.414,3600.0,3600.0,1562.38,3600.0
cf5834d6f0c086af7eb414a23e2cd29e,af-synthesis-af-synthesis_stb_50_140_7.wcnf.xz,2192.13,3530.3,3600.0,377.103,3600.0,3600.0,3600.0,3600.0,3600.0
7baa6d2674af05c0df4b8bcd94739b93,af-synthesis-af-synthesis_stb_50_140_8.wcnf.xz,3119.28,3600.0,3600.0,1108.81,3600.0,3600.0,3600.0,3600.0,3600.0
7150620331835163562cf13c7313dc46,af-synthesis-af-synthesis_stb_50_160_1.wcnf.xz,1256.11,1568.94,3535.82,266.516,3600.0,3600.0,3600.0,3308.13,3600.0
827997a06805e933f93bcbe6b83a5ede,af-synthesis-af-synthesis_stb_50_160_4.wcnf.xz,1901.91,2679.26,3600.0,500.396,1944.6,3600.0,3600.0,3600.0,3600.0
93306a635fb602ae939464a684c2fb9b,af-synthesis-af-synthesis_stb_50_160_9.wcnf.xz,622.992,911.453,1525.11,275.376,876.448,3600.0,3076.03,943.598,3031.85
d0bfacd6a99ee3f76c2cf40f657e611c,af-synthesis-af-synthesis_stb_50_180_1.wcnf.xz,3600.0,3600.0,3600.0,1554.94,3600.0,3600.0,3600.0,3600.0,3600.0
4beddb974822d3819cc4c870caa17a98,af-synthesis-af-synthesis_stb_50_180_2.wcnf.xz,1935.32,1823.46,3600.0,313.759,2183.76,3600.0,3600.0,3600.0,3600.0
58688347812a692f7bd3d9e3c623d25d,af-synthesis-af-synthesis_stb_50_200_5.wcnf.xz,1517.01,1898.87,2804.67,672.764,1149.52,3600.0,3600.0,1556.03,3600.0
3c4a6f9088846f09d5fc468bd2ff001a,af-synthesis-af-synthesis_stb_50_200_6.wcnf.xz,3600.0,2174.14,3600.0,923.575,2848.18,3600.0,3600.0,3600.0,3600.0
9334abf9f099aa8712cc9ad7f441291b,af-synthesis-af-synthesis_stb_50_20_8.wcnf.xz,3600.0,3600.0,3600.0,384.135,3600.0,3600.0,3600.0,3600.0,3600.0
4dcd43729ee1967a108f1dfcfda1d0f5,af-synthesis-af-synthesis_stb_50_40_2.wcnf.xz,1027.55,3106.59,2862.01,263.243,927.143,3600.0,3600.0,2086.96,3600.0
141289a2a2bc7962e2661f03349346b0,af-synthesis-af-synthesis_stb_50_60_2.wcnf.xz,1262.12,3600.0,3600.0,371.714,3600.0,3600.0,3600.0,3600.0,3600.0
3dc6a74832ebabb991ee48ed3b65e678,af-synthesis-af-synthesis_stb_50_80_2.wcnf.xz,402.459,662.626,1075.85,84.7297,1090.06,3386.1,3169.61,565.693,602.758
f0b6d6eeb4d920026c4c3b7cdc79d5a5,af-synthesis-af-synthesis_stb_50_80_3.wcnf.xz,1673.3,3600.0,2734.35,531.909,3600.0,3600.0,3600.0,2863.06,3600.0
24bc67bc4af0dae7c91a8c2b4321f3ef,af-synthesis-af-synthesis_stb_50_80_7.wcnf.xz,1250.52,2015.24,3600.0,595.046,3430.68,3600.0,3600.0,3600.0,3600.0
2719a26c20b015fd8bbedbd23ab46e69,haplotyping-pedigrees-ped2.G.recomb10-0.10-10.wcnf.xz,130.73,30.1998,17.0563,3563.72,69.3512,3600.0,31.1189,13.1155,437.337
7a112d7adb6d1c1a9658f27c05cafeed,haplotyping-pedigrees-ped2.G.recomb10-0.10-9.wcnf.xz,107.559,25.9439,12.691,1609.6,62.649,196.965,16.2211,6.15326,240.635
3dcc9d42d8a3fdfb33ae07d28917f2b8,haplotyping-pedigrees-ped2.G.recomb10-0.20-13.wcnf.xz,1102.52,122.509,34.5478,3600.0,96.8409,3600.0,3600.0,3600.0,3600.0
2105186af003bc114bd8707f33977949,haplotyping-pedigrees-ped2.G.recomb10-0.20-15.wcnf.xz,540.166,44.2234,28.9116,3600.0,106.273,3600.0,310.95,148.365,965.322
eec7299f4051f6060d9757b7ab76b1cb,haplotyping-pedigrees-ped3.D.recomb10-0.20-12.wcnf.xz,0.348108,2.59496,0.311404,0.243179,2.69965,3.30626,0.390044,0.198545,1.30592
a5ed9a8c8ebe0068aec51df8d06be6a0,haplotyping-pedigrees-ped3.D.recomb10-0.20-13.wcnf.xz,0.889418,3.0713,0.886478,0.835413,3.4988,47.4833,1.26015,0.451268,12.5416
64c446bff507bce082f151b381c5cb24,haplotyping-pedigrees-ped3.D.recomb10-0.20-15.wcnf.xz,16.8037,4.43729,2.78496,2.48014,8.23405,137.994,5.6813,1.98131,79.3665
ef9ecaccea109c3683d30b1c0f26f2c7,haplotyping-pedigrees-ped3.E.recomb10-0.20-11.wcnf.xz,10.8699,8.26215,2.23702,64.9737,11.4222,77.4972,3.1626,1.39627,72.11
9ed8698fb894b529632ac3d557c7f43b,haplotyping-pedigrees-ped3.E.recomb10-0.20-13.wcnf.xz,8.58695,8.16148,1.97683,50.9991,10.2334,3600.0,4.62766,2.0724,49.6388
088cebd9b9bb119ee89c50100ab11839,haplotyping-pedigrees-ped3.E.recomb10-0.20-14.wcnf.xz,14.9007,12.0076,5.3925,104.758,17.1754,3600.0,34.2206,14.0755,3600.0
9abeff7f0bdd7eb46259f02f9c47caa9,haplotyping-pedigrees-ped3.F.recomb10-0.01-1.wcnf.xz,3.67685,4.63299,0.713494,16.5325,5.52636,13.9848,1.35692,0.534623,6.82539
401cdeaf2fceb1273b62962e3910ef13,haplotyping-pedigrees-ped3.F.recomb10-0.01-2.wcnf.xz,2.53704,4.37112,0.913246,17.5525,5.49589,13.7033,1.19749,0.428255,10.9936
39f28530a402005c2f7b09a13c25d28b,haplotyping-pedigrees-ped3.F.recomb10-0.01-3.wcnf.xz,3.13342,5.16023,0.740863,18.3267,6.01515,16.5924,1.18944,0.440284,9.5528
7919b6f52fcf7d8a0b0f482cb7245088,haplotyping-pedigrees-ped3.F.recomb10-0.01-4.wcnf.xz,2.70958,5.2906,0.843277,10.7761,6.30153,46.0453,1.54822,0.498099,17.0926
bd0273c636eb442b26e970f35b9bcc69,haplotyping-pedigrees-ped3.F.recomb10-0.10-8.wcnf.xz,11.658,7.19373,2.18333,96.2461,9.35485,3600.0,5.75438,2.6187,87.303
9d7a8f910d7d10f7e62b0e8a72c2d50f,haplotyping-pedigrees-ped3.F.recomb10-0.10-9.wcnf.xz,6.25159,5.91838,1.08408,13.8223,7.15502,3600.0,2.65072,1.21734,34.2108
b703f2553403a1df7626aeca0398aa1a,haplotyping-pedigrees-ped3.F.recomb10-0.20-12.wcnf.xz,36.3092,10.3213,4.17402,161.693,10.7074,3600.0,58.4966,27.7614,290.614
27b2d520343c86cfc7ab26efffee5312,haplotyping-pedigrees-ped3.F.recomb10-0.20-14.wcnf.xz,11.6658,8.2285,2.13767,48.3922,9.69495,283.953,7.34168,3.16822,64.2455
a9794a383d963b9f120eeade5bcb7b61,haplotyping-pedigrees-ped3.F.recomb10-0.20-15.wcnf.xz,5.58896,8.00164,1.23365,20.7665,8.90876,63.1228,2.33851,1.01041,57.7574
2f0310d5067b160c0733af8e08e1fdac,haplotyping-pedigrees-ped3.G.recomb10-0.01-5.wcnf.xz,15.7824,6.57126,1.61731,181.587,10.1114,39.9676,4.78316,1.49044,48.798
48b40342c9c5849817e32a1b5b39bbda,haplotyping-pedigrees-ped3.G.recomb10-0.10-6.wcnf.xz,14.7649,9.44441,2.56995,546.77,15.5326,165.675,6.0391,4.10061,100.531
47915ddef66b9b759cb20d8147effa88,haplotyping-pedigrees-ped3.G.recomb10-0.10-7.wcnf.xz,12.9749,9.33052,2.39698,481.734,15.8537,51.7595,5.70595,1.85622,119.555
44c13299d11e835dbe6bcb647ad1a98a,haplotyping-pedigrees-ped3.G.recomb10-0.10-9.wcnf.xz,28.3118,9.88577,3.34894,938.602,17.253,3600.0,7.77096,1.86609,120.179
b50047c31396a27d761702758abfacda,haplotyping-pedigrees-ped3.G.recomb10-0.20-11.wcnf.xz,212.478,42.7456,31.8948,3600.0,31.5928,3600.0,2953.05,3600.0,3600.0
a38411ecf22cd6e576deb79714f1adb5,haplotyping-pedigrees-ped3.G.recomb10-0.20-14.wcnf.xz,25.1008,13.8248,4.22708,1164.81,20.6879,1127.33,59.4463,111.319,916.163
5feb29db8ebedd4a748463cc99d31527,rna-alignment-k100-13-99.rna.pre.wcnf.xz,134.226,16.2293,3600.0,155.364,16.0973,3600.0,3600.0,3600.0,3600.0
1cbf9638aa795d237dcf7524fc927b1d,rna-alignment-k100-18-95.rna.pre.wcnf.xz,222.11,17.2772,3600.0,159.661,17.7422,3600.0,3600.0,3600.0,3600.0
bac09980858f395205804547cacdfe79,rna-alignment-k100-2-14.rna.pre.wcnf.xz,207.22,17.0991,3600.0,156.776,17.2103,3600.0,3600.0,3600.0,3600.0
9146c16c636f44f33009c42538154d91,rna-alignment-k100-32-47.rna.pre.wcnf.xz,142.831,17.0883,3600.0,63.5353,17.6647,3600.0,3600.0,3600.0,3600.0
cd799b346e8c525b91a3a066079333d8,rna-alignment-k100-33-71.rna.pre.wcnf.xz,153.339,15.6738,3600.0,74.4887,16.6732,3600.0,3600.0,3600.0,3600.0
a4acb8303f8bf13924cf476d2098d428,rna-alignment-k100-42-56.rna.pre.wcnf.xz,149.386,20.6271,3600.0,114.051,19.4903,3600.0,3600.0,3600.0,3600.0
8951ad51269668f77526f75ddc8f8b0f,rna-alignment-k100-71-84.rna.pre.wcnf.xz,135.138,17.0397,3600.0,82.3727,16.5741,3600.0,3600.0,3600.0,3600.0
fb741041f475fca0ddc8aa5595a72c36,rna-alignment-k50-13-59.rna.pre.wcnf.xz,1.78638,1.03464,9.88923,1.25088,1.05977,686.44,61.9176,8.44931,318.77
b51ad08ddc17020a772047011d52ba9e,rna-alignment-k50-17-24.rna.pre.wcnf.xz,1.09775,0.911035,7.35988,1.25437,0.915082,799.75,52.0929,16.284,69.3053
dddf4fe0af19269dc8efc4387e5d7ef8,rna-alignment-k50-28-88.rna.pre.wcnf.xz,1.86314,1.18772,20.5666,1.83321,1.19567,848.661,126.191,22.2538,82.1903
09c8b1e2d074d82e47c343260922391f,rna-alignment-k50-6-31.rna.pre.wcnf.xz,1.78674,1.21108,47.0705,1.69042,1.27898,1331.98,88.0776,25.9852,553.975
aee82bf8908f10b2d520eb5e191a843d,rna-alignment-k50-77-83.rna.pre.wcnf.xz,2.04905,0.772048,15.0772,1.35663,0.770066,293.236,50.1541,17.8493,485.031
30c8d6f3cfea4cb628db9e3800fab45d,rna-alignment-random-dif-10.rna.pre.wcnf.xz,0.746355,0.318435,7.49207,1.13334,0.320286,3600.0,44.4973,13.8141,18.1442
deb807110e470d453af817275cdacd89,rna-alignment-random-dif-14.rna.pre.wcnf.xz,0.457552,0.286258,1.48837,0.86454,0.292786,3600.0,11.7548,6.2333,5.12885
5ee947b3d9f3093147797112fe26be5a,rna-alignment-random-dif-20.rna.pre.wcnf.xz,1.62847,0.700121,77.0814,3.51532,0.681803,3600.0,344.099,198.264,222.134
aa691176e77d914c7a2e674301c674f2,rna-alignment-random-dif-22.rna.pre.wcnf.xz,0.640872,0.374171,1.50425,0.472474,0.377634,3600.0,16.4422,6.28407,19.6422
777cd2c5155f12bb1ab93652e92d0321,rna-alignment-random-same-12.rna.pre.wcnf.xz,0.798556,0.356941,4.86582,0.937939,0.357438,3600.0,12.1681,8.76132,4.99458
129ec7c37f75f8e78862bacd220ecdbd,rna-alignment-random-same-14.rna.pre.wcnf.xz,0.100146,0.144956,0.0379409,0.0757439,0.143109,4.72771,0.294204,0.043401,0.624681
be2a4879f24be42561aa468cea5c399e,rna-alignment-random-same-20.rna.pre.wcnf.xz,0.709279,0.516937,2.36746,0.54671,0.519751,2419.71,14.3393,4.51807,1.88907
9212ab5191af2788d56ef4bd4c7eeb70,rna-alignment-random-same-21.rna.pre.wcnf.xz,0.414326,0.244232,1.22188,0.556866,0.240849,3600.0,7.77039,1.88479,0.284444
fd5cca710696b2dcbe0e09c9a025c235,rna-alignment-random-same-23.rna.pre.wcnf.xz,0.844259,0.415123,2.2507,0.783435,0.411986,3600.0,48.5544,8.87404,1.07436
76168ac2711ae4bd453072b6e4c4ed38,rna-alignment-random-same-3.rna.pre.wcnf.xz,2.42432,0.891185,24.4971,2.89,0.877702,3600.0,118.738,153.99,20.5328
edfd08a55931220c9ed774ef5b777de4,rna-alignment-random-same-5.rna.pre.wcnf.xz,0.459614,0.328638,1.34236,0.431409,0.324664,3600.0,11.0245,1.38686,0.797161
3377659264a4683ae04888e0112ea951,rna-alignment-random-same-6.rna.pre.wcnf.xz,0.131301,0.150575,0.143316,0.153235,0.150268,281.071,0.578206,0.365455,0.191998
66d6a18e6f8e91e2c3ede529eebeabe2,rna-alignment-tmosaic-tob-chim.pre.wcnf.xz,0.205841,0.17284,0.219518,0.407172,0.173942,3600.0,1.23538,0.567565,1.12501
da877331cd32856eaf50189f39be46ee,maxcut-MANN_a81.clq.wcnf.xz,3600.0,3600.0,3600.0,3600.0,3600.0,3600.0,3600.0,3600.0,3600.0
65c8001abf1bb4af094a5a5f803f38af,maxcut-hamming10-2.clq.wcnf.xz,3600.0,3600.0,3600.0,3600.0,3600.0,3600.0,3600.0,3600.0,3600.0
6c86df2894fc6a31ff2b089ffcac47d5,maxcut-hamming6-2.clq.wcnf.xz,3600.0,3600.0,3600.0,3600.0,3600.0,3600.0,3600.0,3600.0,3600.0
02d6a3b37db5b0e8f47b15776a0832f8,maxcut-hamming8-2.clq.wcnf.xz,3600.0,3600.0,3600.0,3600.0,3600.0,3600.0,3600.0,3600.0,3600.0
746a5b011e3a9e797959f3f63b655777,maxcut-johnson8-2-4.clq.wcnf.xz,587.934,2069.65,3600.0,361.142,2147.76,4.05619,3600.0,3384.11,5.61021
d7203f59c5747fc33489b670d4f6148f,maxcut-p_hat300-1.clq.wcnf.xz,172.596,189.019,412.391,709.271,155.913,2.55042,1854.52,381.373,3.92189
f7cb3c0719892d6ed8ea2ebe10749eb8,maxcut-p_hat300-2.clq.wcnf.xz,3600.0,3600.0,3600.0,3600.0,3600.0,21.1073,3600.0,3600.0,31.2459
e05d168a54778616762aa4e644e2e091,maxcut-p_hat300-3.clq.wcnf.xz,3600.0,3600.0,3600.0,3600.0,3600.0,3600.0,3600.0,3600.0,2466.67
048305a4e7292470c2349cb944b61264,maxcut-p_hat500-3.clq.wcnf.xz,3600.0,3600.0,3600.0,3600.0,3600.0,3600.0,3600.0,3600.0,3600.0
f5ffc1e76ce02d3a2dfc245698ac2c8c,maxcut-p_hat700-1.clq.wcnf.xz,708.226,3600.0,3600.0,3600.0,3600.0,3.67485,3600.0,3600.0,4.5244
1962b49da8d1404e963747f867dbf2b1,maxcut-p_hat700-2.clq.wcnf.xz,3600.0,3600.0,3600.0,3600.0,3600.0,111.198,3600.0,3600.0,228.387
31f28297d7c99f3ba6713058c784e1c2,maxcut-p_hat700-3.clq.wcnf.xz,3600.0,3600.0,3600.0,3600.0,3600.0,3600.0,3600.0,3600.0,3600.0
43ce494e97d7879d81f458c2e88707eb,maxcut-san1000.clq.wcnf.xz,3600.0,3600.0,3600.0,3600.0,3600.0,26.7194,3600.0,3600.0,34.6043
bea796ffd93e7c1445994173b1757a1f,maxcut-san200_0.9_3.clq.wcnf.xz,3600.0,3600.0,3600.0,3600.0,3600.0,3600.0,3600.0,3600.0,3600.0
9a3269469ede0c2f9274abcb79555f82,maxcut-san400_0.5_1.clq.wcnf.xz,3600.0,3600.0,3600.0,3600.0,3600.0,15.8709,3600.0,3600.0,16.0931
3e1cbcc3c662ffea43538faea8eb92bf,maxcut-sanr200_0.7.clq.wcnf.xz,3600.0,3600.0,3600.0,3600.0,3600.0,3600.0,3600.0,3600.0,533.487
61394be9827fc71d9919a0c7b50b175c,maxcut-sanr200_0.9.clq.wcnf.xz,3600.0,3600.0,3600.0,3600.0,3600.0,3600.0,3600.0,3600.0,3600.0
ff9bec75dd67d2c77dab40428e9acae8,maxcut-t3g3-5555.spn.wcnf.xz,1.56583,173.23,2.70258,1.72127,1.77123,0.440317,7.26504,3.35371,0.628051
c2af11e3670dbd476619f5edd1737e12,maxcut-t5g3-7777.spn.wcnf.xz,3600.0,3600.0,3600.0,3600.0,3600.0,11.1345,3600.0,3600.0,14.2523
82c4e460326eb2d9a78659c1df1dd5e5,maxcut-t7g3-9999.spn.wcnf.xz,3600.0,3600.0,3600.0,3600.0,3600.0,3600.0,3600.0,3600.0,633.191
8fa3495c60f54e544d77a6462301f71b,csg-CSG140-140-46.wcnf.xz,2.74909,12.4182,4.69382,1.62305,13.3762,8.2578,0.691619,0.639223,10.8379
3f1f434cb98fb79966f667ced531ad0d,csg-CSG140-140-6.wcnf.xz,108.991,220.514,168.291,66.6549,121.326,31.0438,3600.0,2155.34,28.0775
591438f7eb97135499f3fda335307def,csg-CSG150-150-55.wcnf.xz,89.6437,235.585,50.7414,75.1897,69.0847,18.8542,91.811,146.294,18.97
766c02ca3b5bce43027cca99807d8cdd,csg-CSG40-40-95.wcnf.xz,0.0192921,0.299784,0.0406231,0.0159691,0.308991,0.151809,0.0179069,0.015914,0.148549
c4aeebd4eaf526052b5efe7284083913,csg-CSG60-60-88.wcnf.xz,0.056216,0.920095,0.155173,0.033958,0.923599,0.478641,0.050752,0.0479029,0.527241
d46b43970860bc73fd550df5b3fd7dd7,csg-CSGNaive140-140-0.wcnf.xz,1.21819,12.7606,4.80621,0.653348,13.5283,7.68492,1.20853,7.16588,10.9398
4a2e71bc2e4a949785befe83f811bce1,csg-CSGNaive140-140-6.wcnf.xz,111.666,1237.52,192.378,112.796,237.457,24.7656,3600.0,3600.0,26.7027
64d1c392d5c860691ab2b06ebb614f62,csg-CSGNaive150-150-55.wcnf.xz,99.2091,1302.86,48.4176,69.8036,76.436,20.0839,187.293,708.603,20.195
11dc387ba0011fff3185b37ef188ad1a,csg-CSGNaive60-60-53.wcnf.xz,0.0682671,0.928619,0.175462,0.039628,0.959044,0.521806,0.0539851,0.0496799,0.570659
fa34dfbb2a37c42ff5b90599346674b1,csg-CSGNaive70-70-91.wcnf.xz,0.0765219,1.30806,0.257767,0.0439809,1.32777,0.674698,0.073013,0.066908,0.792347
aea9c8a623c49be4cc7891a6cc0f73d0,hs-timetabling-BrazilInstance1.xml.wcnf.xz,3600.0,3600.0,3600.0,3600.0,3600.0,3600.0,3600.0,3600.0,3600.0
64f0b64f0470368037824092394df3fe,hs-timetabling-BrazilInstance2.xml.wcnf.xz,3600.0,3600.0,3600.0,3600.0,3600.0,3600.0,3600.0,3600.0,3600.0
5c8e2b1ca0c3fd0267e266ab6acaf1b8,hs-timetabling-BrazilInstance4.xml.wcnf.xz,3600.0,3600.0,3600.0,3600.0,3600.0,3600.0,3600.0,3600.0,3600.0
a9c98e116504b85319672f5f416c3837,hs-timetabling-BrazilInstance5.xml.wcnf.xz,3600.0,3600.0,3600.0,3600.0,3600.0,3600.0,3600.0,3600.0,3600.0
df5497c587c0f3fef709c41ccecebcae,hs-timetabling-BrazilInstance6.xml.wcnf.xz,3600.0,3600.0,3600.0,3600.0,3600.0,3600.0,3600.0,3600.0,3600.0
6822ca2cc37207e6b3f88d94d3210c74,hs-timetabling-BrazilInstance7.xml.wcnf.xz,3600.0,3600.0,3600.0,3600.0,3600.0,3600.0,3600.0,3600.0,3600.0
8fe9a66e9e7587c41a27823e0d548079,hs-timetabling-FinlandArtificialSchool.xml.wcnf.xz,3600.0,3600.0,3600.0,3600.0,3600.0,3600.0,3600.0,3600.0,3600.0
7d31d11c57cf85b89474076c8293abcf,hs-timetabling-FinlandCollege.xml.wcnf.xz,3600.0,3600.0,3600.0,3600.0,3600.0,3600.0,3600.0,3600.0,3600.0
6fdbc1683b13c889c4dd44cd7b4ae0b5,hs-timetabling-FinlandHighSchool.xml.wcnf.xz,3600.0,3600.0,3600.0,3600.0,3600.0,3600.0,3600.0,3600.0,3600.0
e06918db36a26edf2cd4c46e386043f6,hs-timetabling-FinlandSecondarySchool.xml.wcnf.xz,3600.0,3600.0,3600.0,3600.0,3600.0,3600.0,3600.0,3600.0,3600.0
4bcbd8862bb9b5a06133d0c2289ed908,hs-timetabling-ItalyInstance1.xml.wcnf.xz,874.699,1272.28,805.984,1452.2,986.526,380.218,1007.51,762.647,3600.0
4774f189878eb33d53d29cda34e728f8,hs-timetabling-ItalyInstance4.xml.wcnf.xz,3600.0,3600.0,3600.0,3600.0,3600.0,3600.0,3600.0,3600.0,3600.0
92679c0014e18ad14f4264ef2305a7cb,hs-timetabling-SouthAfricaLewitt2009.xml.wcnf.xz,3600.0,3387.22,3600.0,3600.0,3335.48,3421.05,2218.92,3600.0,476.014
12c0a0daa301ed7502141d7f6ee92314,lisbon-wedding-lisbon-wedding-1-17.wcnf.xz,3600.0,3600.0,3600.0,3600.0,3600.0,3600.0,3600.0,3600.0,3600.0
aa35b2efa48005d10c329819ba3a506e,lisbon-wedding-lisbon-wedding-1-18.wcnf.xz,3600.0,48.3197,145.496,3600.0,175.285,3600.0,97.964,3600.0,3600.0
1aaaf7e279ccbc25f769c6d3e58e0923,lisbon-wedding-lisbon-wedding-1-19.wcnf.xz,3600.0,3600.0,3600.0,3600.0,3600.0,3600.0,3600.0,3600.0,3600.0
524b2c384626eccac11398c9513c08ae,lisbon-wedding-lisbon-wedding-10-17.wcnf.xz,3600.0,3600.0,3600.0,3600.0,296.808,3600.0,1736.33,2093.36,3600.0
38517a0ed43ce0aff6d19f310cfd567e,lisbon-wedding-lisbon-wedding-10-18.wcnf.xz,3600.0,3600.0,3600.0,3600.0,3600.0,3600.0,3600.0,3600.0,3600.0
e7e553dcfc89f575a2167eaf22d2c940,lisbon-wedding-lisbon-wedding-10-19.wcnf.xz,3600.0,3600.0,3600.0,3600.0,3600.0,3600.0,3600.0,3600.0,3600.0
3d3adee6bfdc683458372fcfeed8941b,lisbon-wedding-lisbon-wedding-2-17.wcnf.xz,3600.0,3600.0,3600.0,3600.0,3600.0,3600.0,3600.0,3600.0,3600.0
07bf5be206faaffa8a1cd8fbc580f9ca,lisbon-wedding-lisbon-wedding-2-18.wcnf.xz,3600.0,49.5687,144.384,3600.0,179.597,3600.0,90.7649,3600.0,3600.0
148649727d1a5a7794936022b232b8e8,lisbon-wedding-lisbon-wedding-3-18.wcnf.xz,3600.0,3600.0,3600.0,3600.0,3600.0,3600.0,3600.0,3600.0,3600.0
7e488e0e753a70036ded19ee0f1e6b4e,lisbon-wedding-lisbon-wedding-3-19.wcnf.xz,3600.0,3600.0,3600.0,3600.0,3600.0,3600.0,3600.0,3600.0,3600.0
c5eecffbb6d5619ace9a570d48d9d241,lisbon-wedding-lisbon-wedding-4-18.wcnf.xz,3600.0,11.5622,34.402,3600.0,17.9919,3600.0,126.73,85.3189,3600.0
580ab85fb784d743de3c0f9c3ed2bb39,lisbon-wedding-lisbon-wedding-5-17.wcnf.xz,3600.0,37.098,206.106,2939.54,82.8957,3600.0,1067.45,364.07,3600.0
c03177eb76ae8d58838f08a6aa714842,lisbon-wedding-lisbon-wedding-5-18.wcnf.xz,3600.0,290.059,523.65,3600.0,19.2253,3600.0,2466.88,117.528,3600.0
cd5a2dc0dd0121b5819597dd7c98031c,lisbon-wedding-lisbon-wedding-6-17.wcnf.xz,3600.0,11.0819,867.48,3600.0,13.9074,3600.0,76.8079,75.1529,3600.0
101147af33ef38e79141585fb9edd068,lisbon-wedding-lisbon-wedding-6-18.wcnf.xz,3600.0,35.5939,962.418,3600.0,3600.0,3600.0,598.514,3107.53,3600.0
858f17a28f7e44c1432b6887c0f27e19,lisbon-wedding-lisbon-wedding-7-17.wcnf.xz,3600.0,3600.0,3600.0,3600.0,3600.0,3600.0,3600.0,3600.0,3600.0
1c3897d3da22a5c41e5c901ebd188080,lisbon-wedding-lisbon-wedding-8-17.wcnf.xz,3600.0,3600.0,3600.0,3600.0,3600.0,3600.0,3600.0,3600.0,3600.0
f5d4a9e397b493e18160e9b0b797c16b,lisbon-wedding-lisbon-wedding-8-19.wcnf.xz,3600.0,3600.0,3600.0,3600.0,3600.0,3600.0,3600.0,3600.0,3600.0
f514a7cbe7bfaecef9e0a28f509165d6,lisbon-wedding-lisbon-wedding-9-17.wcnf.xz,3600.0,3600.0,3600.0,3600.0,2289.42,3600.0,3600.0,3600.0,3600.0
ec86eb6edc23530ec5104366213a4597,lisbon-wedding-lisbon-wedding-9-19.wcnf.xz,3600.0,3600.0,3600.0,3600.0,3600.0,3600.0,3600.0,3600.0,3600.0
be3c1ff3d6f0396c76f40cb36e11efba,metro-inst22.lp.sm-extracted.wcnf.xz,10.7701,25.7441,5.70485,6.68668,35.0705,62.9816,35.7284,28.8732,26.04
856540b1277e2ca1f6a9736e20532ce7,metro-metro_8_8_5_20_10_6_500_1_1.lp.sm-extracted.wcnf.xz,105.637,462.243,79.7372,67.012,510.202,3600.0,240.606,196.942,538.591
53a038f7a0d7ce2c526a3dececa99948,metro-metro_8_8_5_20_10_6_500_1_2.lp.sm-extracted.wcnf.xz,40.7021,224.325,86.2019,37.8963,344.513,2892.88,305.147,148.49,332.762
9afcc41c21ac2443b1fb7efda6c0d2d7,metro-metro_8_8_5_20_10_6_500_1_5.lp.sm-extracted.wcnf.xz,242.635,388.07,121.799,168.068,542.793,1418.8,790.549,643.517,646.286
2b483212bbbdad1dc01738fe16ce9d7a,metro-metro_8_8_5_20_10_6_500_1_7.lp.sm-extracted.wcnf.xz,86.7379,29.0876,9.88247,16.6168,76.0926,1110.93,52.8772,33.9141,94.2745
a6a55b1ca15106193b2fe0c9f229bb07,metro-metro_9_8_7_22_10_6_500_1_2.lp.sm-extracted.wcnf.xz,14.6755,18.1429,5.00609,16.1875,30.1603,160.546,36.1744,32.5707,21.0151
32c418220e8e237d62fe04f3e9feff86,metro-metro_9_8_7_22_10_6_500_1_3.lp.sm-extracted.wcnf.xz,6.95009,6.85498,1.73597,5.0429,13.6826,66.2408,7.91093,5.62596,21.3674
af1d5ad8d3b24dbf052a47856f691779,metro-metro_9_8_7_30_10_6_500_1_3.lp.sm-extracted.wcnf.xz,33.3214,77.6096,14.2835,50.2468,72.2861,118.356,126.091,58.5007,48.4472
4deaa9ff8bcccf89c0b82c3ebcf7dd52,metro-metro_9_8_7_30_10_6_500_1_5.lp.sm-extracted.wcnf.xz,71.8764,94.4637,25.051,83.4008,179.691,3600.0,154.101,84.0096,354.232
4673c4790262b6cf9249fef8f62f6fe1,metro-metro_9_8_7_30_10_6_500_1_7.lp.sm-extracted.wcnf.xz,61.2662,104.832,19.7135,98.8959,153.747,1141.22,208.256,140.599,135.077
f3b2464354ebfca4e904b6e9b3bcda14,metro-metro_9_8_7_30_10_6_500_1_8.lp.sm-extracted.wcnf.xz,178.821,303.583,50.1643,173.468,409.694,3600.0,810.476,406.101,432.431
df4d6b9a2e5d6a59ce64c9c4088f232c,metro-metro_9_8_7_30_10_6_500_1_9.lp.sm-extracted.wcnf.xz,66.8544,97.9869,15.6209,73.2947,127.331,259.298,174.862,113.393,99.382
d2c422cccf0033b2b4f451c748b22688,metro-metro_9_9_10_35_13_7_500_2_1.lp.sm-extracted.wcnf.xz,17.6573,39.1075,3.6446,22.381,41.5677,55.6675,25.575,35.4623,28.9484
b93cbcf826114f1e1a49b192f4771e3a,metro-metro_9_9_10_35_13_7_500_2_7.lp.sm-extracted.wcnf.xz,134.537,162.981,37.5211,148.373,229.552,801.12,255.69,198.642,451.476
73292360dae2a45637ba7d2776656743,metro-metro_9_9_10_35_13_7_500_2_9.lp.sm-extracted.wcnf.xz,18.0264,22.4556,2.68141,19.6667,43.6982,133.345,14.9875,15.1549,30.27
94f24ea4e95319c6f1b943ae2e50aec9,miplib-normalized-mps-v2-20-10-bm23.opb.msat.wcnf.xz,3.71389,5.51968,3.09908,1.8758,7.35046,15.4143,2.23271,2.07826,10.4384
6cb1974005578750c1a19699d6a41c03,miplib-normalized-mps-v2-20-10-l152lav.opb.msat.wcnf.xz,3600.0,3600.0,3600.0,3600.0,3600.0,3600.0,3600.0,3600.0,3600.0
c262bc482422bc3c3366cc2bea2ec411,miplib-normalized-mps-v2-20-10-lseu.opb.msat.wcnf.xz,91.8834,66.071,144.735,32.5337,81.9877,3600.0,62.3498,74.2883,378.411
ee93efd679628ada0c79367cd40cc355,miplib-normalized-mps-v2-20-10-mod008.opb.msat.wcnf.xz,3600.0,3600.0,3600.0,3600.0,3600.0,3600.0,3600.0,3600.0,3600.0
045525530451be86407c4b107569a1c9,miplib-normalized-mps-v2-20-10-mod010.opb.msat.wcnf.xz,3600.0,3600.0,3600.0,3600.0,3600.0,3600.0,3600.0,3600.0,3600.0
273e69a36eb8d831069836758e553381,miplib-normalized-mps-v2-20-10-p0033.opb.msat.wcnf.xz,0.06412,0.110161,0.0173949,0.018512,0.091263,0.166837,0.0286519,0.023484,0.320339
cf80cbbca39a93e3c65153a86e3df27c,miplib-normalized-mps-v2-20-10-p0040.opb.msat.wcnf.xz,0.067553,0.0612781,0.0112349,0.175071,0.061866,0.030776,0.00905408,0.0108039,0.0151671
1cddf88bec21bf2e834eec646c609991,miplib-normalized-mps-v2-20-10-p0201.opb.msat.wcnf.xz,4.47398,17.1604,255.885,557.29,14.1152,3600.0,173.234,234.961,353.706
5011f6dd3fb71aed46c6d6d42513a83a,miplib-normalized-mps-v2-20-10-p0548.opb.msat.wcnf.xz,3600.0,3600.0,3600.0,3600.0,3600.0,3600.0,3600.0,3600.0,3600.0
c4a436e4eb1d94843bbea68a54579aab,miplib-normalized-mps-v2-20-10-sentoy.opb.msat.wcnf.xz,3600.0,3600.0,3600.0,3600.0,3600.0,3600.0,3600.0,3600.0,3600.0
bf312e3713f08c2baff18d90037798e9,railway-transport-bf2030fvcons.wcnf.xz,229.662,621.31,212.958,472.101,276.634,297.509,961.524,1408.01,213.403
f22a9b93914330eb63ccccd293d632be,railway-transport-bf2030fvslack.wcnf.xz,3600.0,3600.0,3600.0,3600.0,3600.0,3600.0,3600.0,3600.0,3600.0
ae9f667f8c9e86649c7b57aee0a1b945,railway-transport-f2030.wcnf.xz,734.626,3600.0,3600.0,499.569,947.615,3600.0,3600.0,3600.0,3600.0
e663d06d76208c5e2c8766771ab8fdfc,railway-transport-r11.wcnf.xz,3600.0,3600.0,3600.0,3600.0,3600.0,3600.0,3600.0,3600.0,3600.0
dba3af5b4fb143b01fe017337feeee9f,railway-transport-wg2.wcnf.xz,3600.0,3600.0,3600.0,3600.0,3600.0,3600.0,3600.0,3600.0,3600.0
d1e959b466ed4e49a52b581a52a09201,shiftdesign-limits-10-10_data-1_inst-010_30m.sm-extracted.wcnf.xz,364.065,130.907,89.0708,1079.21,202.272,3600.0,1119.86,699.536,3600.0
9a426a5d289c2fffa9467697db84871d,shiftdesign-limits-10-10_data-1_inst-031_60m.sm-extracted.wcnf.xz,2.51761,6.35922,1.71002,8.2449,6.43385,159.302,12.0563,10.0987,2.08199
e6ef94271d01959389bdddad7ef37097,shiftdesign-limits-10-10_data-1_inst-044_30m.sm-extracted.wcnf.xz,564.812,296.787,771.397,3069.76,651.334,3600.0,948.984,765.241,3600.0
44d5e3253a430f4842aa779e0acb3b39,shiftdesign-limits-10-10_data-1_inst-048_60m.sm-extracted.wcnf.xz,14.2238,21.6662,6.2866,23.2183,24.6798,884.413,56.5723,41.0616,232.024
a6cd9adecfea5b0972eaeebf12f0b053,shiftdesign-limits-10-10_data-1_inst-056_60m.sm-extracted.wcnf.xz,31.9814,33.6834,10.5894,112.255,39.8084,2754.36,119.558,87.7146,726.184
2c0fe3c39fc6efacb360c77d2bee4a36,shiftdesign-limits-10-10_data-1_inst-059_30m.sm-extracted.wcnf.xz,143.165,248.876,672.224,860.325,600.709,3600.0,759.469,727.788,3600.0
e629764d4ae5a074c77aef2aa3b24512,shiftdesign-limits-10-10_data-1_inst-068_30m.sm-extracted.wcnf.xz,50.4102,117.915,24.8472,209.837,246.996,3600.0,340.748,257.391,3307.95
32121c43a1215f505d9d05c8b4427fff,shiftdesign-limits-10-10_data-1_inst-071_30m.sm-extracted.wcnf.xz,107.281,172.374,430.571,798.804,396.627,3600.0,322.48,252.35,3600.0
e8affbe0b062aa3511c09e6a91385397,shiftdesign-limits-10-10_data-1_inst-078_60m.sm-extracted.wcnf.xz,21.5529,61.873,9.17014,82.0533,121.782,1609.95,72.3926,45.7687,449.872
709174bf329f05a418fd3a43aca28b2b,shiftdesign-limits-10-10_data-1_inst-081_60m.sm-extracted.wcnf.xz,3.26137,6.37877,1.75118,9.85863,6.44227,136.328,17.5538,16.333,2.11164
a4be9417598f5ca461d86d0a4b2ae834,shiftdesign-limits-10-10_data-1_inst-084_30m.sm-extracted.wcnf.xz,817.973,276.158,307.221,3600.0,654.343,3600.0,778.182,477.184,3600.0
aee9c9d01331af32fd4e39558c781a67,shiftdesign-limits-10-10_data-1_inst-112_60m.sm-extracted.wcnf.xz,9.70629,50.0825,10.4974,54.6076,101.405,1303.78,105.228,61.2375,375.54
c1ef12a99fa9bbf9f0d746b9b4f118d6,shiftdesign-limits-10-10_data-1_inst-182_30m.sm-extracted.wcnf.xz,601.936,199.439,180.019,3600.0,325.91,3600.0,875.481,580.014,3600.0
61323454f26e20745256842d6d3bfaeb,shiftdesign-limits-10-10_data-3_inst-002_30m.sm-extracted.wcnf.xz,345.773,141.683,117.61,2457.66,267.631,3600.0,724.877,568.847,3600.0
64a831bd3a500df70f62507fc37a24c8,shiftdesign-limits-10-10_data-3_inst-028_60m.sm-extracted.wcnf.xz,245.448,138.975,197.529,619.356,193.437,3600.0,487.35,238.834,1460.86
2317637f0240928ed9a60206585393eb,spot5-1401.wcsp.dir.wcnf.xz,87.1337,3600.0,3600.0,1278.41,3600.0,3600.0,3600.0,3600.0,3600.0
6ac7c5e6d741b5f51d747d97a4167581,spot5-1401.wcsp.log.wcnf.xz,860.649,3600.0,3600.0,3600.0,3600.0,3600.0,3600.0,3600.0,3600.0
49cb202611d9b899d9340115147e8c5a,spot5-1403.wcsp.dir.wcnf.xz,110.263,3600.0,3600.0,2381.11,3600.0,3600.0,3600.0,3600.0,3600.0
fe5b4ed0c8739fa6a058dceb75bce2de,spot5-1403.wcsp.log.wcnf.xz,1081.49,3600.0,3600.0,3600.0,3600.0,3600.0,3600.0,3600.0,3600.0
3e28b995805dafa9103914f1c6248d76,spot5-1405.wcsp.dir.wcnf.xz,241.465,3600.0,3600.0,2131.32,3600.0,3600.0,3600.0,3600.0,3600.0
9bb155542219893b71728c1b0eaa1fea,spot5-1405.wcsp.log.wcnf.xz,1578.68,3600.0,3600.0,3600.0,3600.0,3600.0,3600.0,3600.0,3600.0
6c21d2b79e0e46dbe28380d68f50426d,spot5-1407.wcsp.dir.wcnf.xz,205.595,3600.0,3600.0,2142.16,3600.0,3600.0,3600.0,3600.0,3600.0
e54f7870f786604f42efddf6d5727f22,spot5-1504.wcsp.dir.wcnf.xz,4.20787,1.11582,0.804367,2.6047,0.732295,3600.0,7.69882,1.89732,3600.0
690657d7e28c9218e7e635bd7f312eb6,spot5-1504.wcsp.log.wcnf.xz,7.87205,3.37261,16.4162,5.3474,6.1437,3600.0,3600.0,48.8615,3600.0
54fc55bea19f6c0bc4a7d8acda750d9d,spot5-1506.wcsp.dir.wcnf.xz,59.8099,3600.0,3600.0,247.751,241.813,3600.0,3600.0,3600.0,3600.0
8a7f87b14b5c792cc2ee4c418e823544,spot5-1506.wcsp.log.wcnf.xz,116.883,3600.0,3600.0,992.257,3600.0,3600.0,3600.0,3600.0,3600.0
c52d36f9be5909ba9396a26dea3f4e65,spot5-28.wcsp.log.wcnf.xz,114.676,3600.0,3600.0,505.586,3600.0,3600.0,3600.0,3600.0,3600.0
b221121b37596d5fc5257721b9f3b3e1,spot5-29.wcsp.log.wcnf.xz,0.021823,0.0671961,0.00966499,0.0108361,0.0668989,0.329789,0.010816,0.00957789,0.252794
169e6d5fdaba9c59c2a2ad26173e5b2c,spot5-404.wcsp.dir.wcnf.xz,0.0283359,0.0723531,0.01643,0.046089,0.075772,0.11049,0.0153029,0.011101,0.058455
b46eca6a01764a2347a0de2546fd6c29,spot5-412.wcsp.dir.wcnf.xz,0.33888,0.191518,0.140466,0.480728,0.221637,3600.0,1.18404,0.260137,4.32521
0a69617c66d460738aba7bf3ad9ae42e,spot5-414.wcsp.dir.wcnf.xz,0.588022,0.299054,0.13786,0.900162,0.324298,3600.0,0.422229,0.364062,42.1271
2bf57f01109323418b9f39467ec465a0,spot5-414.wcsp.log.wcnf.xz,1.26788,1.70212,0.243577,1.49415,1.91647,3600.0,3600.0,130.495,1701.03
6f0b275ff2e8c4c2f24118627d692bc9,spot5-42.wcsp.dir.wcnf.xz,0.860569,0.643863,0.773109,1.29688,0.726079,3600.0,4.61839,1.53934,3.60063
ab64cbca0256d4577a4f5cef550865c8,spot5-503.wcsp.log.wcnf.xz,0.0937761,0.0765269,0.00920608,0.0402111,0.081854,0.125962,0.019357,0.010897,0.170533
1d7ea16c872a01c8b490decb6f2862fe,spot5-505.wcsp.dir.wcnf.xz,0.204929,0.151012,0.0665771,0.385843,0.155786,546.812,0.088281,0.0589219,0.866988
0afa09c6759b84023b50edebbcc731f8,spot5-505.wcsp.log.wcnf.xz,0.305522,0.274746,0.0550029,0.369457,0.384379,1444.76,15.6166,1.64826,3600.0
462a716d881a9cd50aebf23edeeb93dd,spot5-509.wcsp.dir.wcnf.xz,0.739694,0.267273,0.702411,1.28393,0.290065,3600.0,0.888854,0.435908,101.617
cdc529fd887f2530bac345ca0ccf6b71,spot5-509.wcsp.log.wcnf.xz,1.53208,1.70953,0.233631,1.64828,1.07338,3600.0,2179.0,12.2137,3600.0
758a8ba280100e7bb33e601aad2e25aa,spot5-54.wcsp.dir.wcnf.xz,0.00892203,0.0625349,0.0101459,0.013025,0.066434,0.0543539,0.0088579,0.0089559,0.042718
605c49b18fa2a8f4de1f7bd435e9bf68,spot5-54.wcsp.log.wcnf.xz,0.0134489,0.06537,0.00965205,0.013707,0.0655681,0.426491,0.0340011,0.0126161,0.196412
4fd740aacb62ade1ce0533d085921bbb,staff-scheduling-instance11.wcnf.xz,3600.0,3600.0,3600.0,3600.0,3600.0,3600.0,3600.0,3600.0,3600.0
6c30a756f6e657222caf23960a6d869e,staff-scheduling-instance12.wcnf.xz,3600.0,3600.0,3600.0,3600.0,3600.0,3600.0,3600.0,3600.0,3600.0
b84af991183c740e291dcb278e30898c,staff-scheduling-instance2.wcnf.xz,1801.83,3600.0,2043.09,1562.06,3600.0,3600.0,3600.0,3587.35,3600.0
a358422334ecff3d68f76cb4b407d968,staff-scheduling-instance3.wcnf.xz,3600.0,3600.0,3600.0,3600.0,3600.0,3600.0,3600.0,3600.0,3600.0
1cdf581be351b306c301fa401dc59e4b,staff-scheduling-instance4.wcnf.xz,2570.8,3600.0,3600.0,3600.0,3600.0,3600.0,3600.0,3600.0,3600.0
a4b4290a3a72433438ff800cffdb8657,staff-scheduling-instance5.wcnf.xz,3600.0,3600.0,3600.0,3600.0,3600.0,3600.0,3600.0,3600.0,3600.0
801baeeeca67651bbafa359146de6282,staff-scheduling-instance6.wcnf.xz,3600.0,3600.0,3600.0,3600.0,3600.0,3600.0,3600.0,3600.0,3600.0
55a3feaba9504fa559b27f9de00a1242,staff-scheduling-instance7.wcnf.xz,3600.0,3600.0,3600.0,3600.0,3600.0,3600.0,3600.0,3600.0,3600.0
aabd00400139b816eff5b73816ae92b9,staff-scheduling-instance8.wcnf.xz,3600.0,3600.0,3600.0,3600.0,3600.0,3600.0,3600.0,3600.0,3600.0
f5b3b7a814f34a4379ff25d5d86b602a,staff-scheduling-instance9.wcnf.xz,3600.0,3600.0,3600.0,3600.0,3600.0,3600.0,3600.0,3600.0,3600.0
6688db8ce99418d364883a9b98a13cab,timetabling-DDS5.lp.sm-extracted.wcnf.xz,189.22,484.23,350.429,195.155,498.13,130.945,2146.06,214.066,118.097
61885f8ba648aa0b7f0ea85ecf7dcaf9,timetabling-DDS6.lp.sm-extracted.wcnf.xz,872.106,430.736,1009.28,1844.02,431.038,45.3882,3600.0,643.866,54.0076
9939e88f30f7be5cad86c312e8fd64c2,timetabling-EA01.lp.sm-extracted.wcnf.xz,197.849,428.856,289.746,186.925,557.899,471.039,3600.0,180.538,218.499
0eaeeaebba25457eb1523a9d8a99eb1d,timetabling-EA04.lp.sm-extracted.wcnf.xz,446.136,1395.51,1036.2,521.477,1386.63,287.549,3600.0,981.883,242.638
cca953af4d0c366dd52b435306cd0634,timetabling-EA05.lp.sm-extracted.wcnf.xz,112.385,525.165,319.898,117.54,521.188,122.965,3600.0,243.25,134.756
e06be8ef619bc8addba1e8b43ec9be28,timetabling-EA08.lp.sm-extracted.wcnf.xz,95.4939,333.157,259.955,153.798,328.262,89.5076,3600.0,173.827,95.6775
2729b4ee46b388d1e603e04ca375bb2d,timetabling-EA10.lp.sm-extracted.wcnf.xz,204.548,83.4009,21.6391,140.282,84.5478,22.495,699.295,70.4823,21.0496
671dbcd35bd1c767a0ca844b60fe42ad,timetabling-EA11.lp.sm-extracted.wcnf.xz,52.685,79.7612,13.0591,67.5827,79.6601,21.0837,426.69,35.3958,25.6135
8498c4be11bb8263dadc62681074cbed,timetabling-EA12.lp.sm-extracted.wcnf.xz,47.3495,139.11,77.4861,54.9941,154.16,101.098,3600.0,55.9703,65.2956
075228a0e5a1f06ef54ae095dfda7c2e,timetabling-Udine2.lp.sm-extracted.wcnf.xz,992.072,416.053,1490.3,1421.46,609.64,254.244,3600.0,1141.92,170.871
e1a2323129e7e24f0d8bde1e762c7f3c,timetabling-Udine3.lp.sm-extracted.wcnf.xz,803.423,448.092,1447.64,1487.73,450.565,43.075,3600.0,1178.12,45.7508
7c3dd8c861096b17bb628b557209eef9,timetabling-Udine5.lp.sm-extracted.wcnf.xz,832.235,569.897,2534.13,1638.65,568.13,81.0627,3600.0,1418.95,86.8628
1b0e7ed382086d57265e512aae437527,timetabling-Udine6.lp.sm-extracted.wcnf.xz,60.4832,228.462,196.426,77.6874,226.22,61.5907,3600.0,170.609,64.1005
2f2c5faec469a9f84a341ca5e6df870d,timetabling-Udine7.lp.sm-extracted.wcnf.xz,90.473,231.362,183.852,119.953,238.31,67.4505,3600.0,401.688,73.8241
bada74394d69862b430f26724e88d041,timetabling-Udine9.lp.sm-extracted.wcnf.xz,331.268,247.489,390.583,395.535,306.788,262.729,3600.0,265.423,102.48
6aef98fa45a1ee901a18085cb9775a3c,timetabling-comp04.lp.sm-extracted.wcnf.xz,121.33,133.457,152.132,124.026,169.048,1016.1,3600.0,85.4274,344.792
84ce7f24944e5cb0bca75e1573cbdbd9,timetabling-comp08.lp.sm-extracted.wcnf.xz,174.764,163.16,233.419,169.952,194.675,493.443,3600.0,85.7074,254.203
205b19c8f8331444dc92b39f3ecbf4c4,timetabling-comp13.lp.sm-extracted.wcnf.xz,603.484,181.62,309.619,1002.64,302.981,3600.0,1394.43,471.735,3600.0
e8275d4dd40dfdae271ed643c484185c,timetabling-comp16.lp.sm-extracted.wcnf.xz,1901.72,395.981,562.476,2073.83,371.962,3600.0,3600.0,323.442,1484.38
62aa29125c77d341d0d818bef1497fc3,timetabling-test2.lp.sm-extracted.wcnf.xz,765.715,196.004,58.2634,526.751,121.663,94.8699,3600.0,614.936,158.011
892c84ffee0fd88576ac1958b792889b,warehouses-cap101.wcsp.wcnf.xz,2906.71,0.747783,3600.0,1889.01,2.91134,0.632063,3600.0,3600.0,0.148394
babb10a91114400b785a87b1a55d60cc,warehouses-cap111.wcsp.wcnf.xz,3600.0,1731.09,3600.0,3600.0,56.0593,2.35854,3600.0,3600.0,1.47449
babb10a91114400b785a87b1a55d60cc,warehouses-cap121.wcsp.wcnf.xz,3600.0,1759.63,3600.0,3600.0,54.9883,2.37101,3600.0,3600.0,1.47472
babb10a91114400b785a87b1a55d60cc,warehouses-cap131.wcsp.wcnf.xz,3600.0,1851.53,3600.0,3600.0,54.4067,2.36388,3600.0,3600.0,1.48108
1886a56531a3f88b26c15f38d92618e3,warehouses-cap61.wcsp.wcnf.xz,54.441,0.392216,3600.0,46.233,1.0086,0.375182,3600.0,3517.66,0.0634521
892c84ffee0fd88576ac1958b792889b,warehouses-cap81.wcsp.wcnf.xz,2914.16,0.750205,3600.0,1907.62,2.91116,0.647779,3600.0,3600.0,0.147615
f12650c147656ae5dbd2d7446f7de308,warehouses-cap82.wcsp.wcnf.xz,3600.0,7.50905,3600.0,3600.0,4.90754,0.624822,3600.0,3600.0,0.150692
892c84ffee0fd88576ac1958b792889b,warehouses-cap91.wcsp.wcnf.xz,2947.49,0.751652,3600.0,1918.5,2.92099,0.63509,3600.0,3600.0,0.147634
f12650c147656ae5dbd2d7446f7de308,warehouses-cap92.wcsp.wcnf.xz,3600.0,7.3379,3600.0,3600.0,4.89789,0.626235,3600.0,3600.0,0.150223
98f16f7abdc2024a77243845a9493400,warehouses-warehouse1.wcsp.wcnf.xz,5.10726,0.810978,14.7153,4.46139,0.58314,0.0916801,73.1407,48.6328,0.038957
788f86f1c1e1ff507f84fb004f92f224,BTBNSL-Rounded_BTWBNSL_AbaloneTWBound_4.wcnf.xz,3600.0,3600.0,3600.0,3600.0,3600.0,3600.0,3600.0,3600.0,1012.48
22a6e529de030b0300959b42433cfd62,BTBNSL-Rounded_BTWBNSL_Abalone_TWBound_3.wcnf.xz,3600.0,3600.0,3600.0,3600.0,3600.0,3600.0,3600.0,3600.0,700.82
7ddd25e7ac77fdfa2479621e116beec1,BTBNSL-Rounded_BTWBNSL_Flag.BIC_TWBound_3.wcnf.xz,3600.0,3600.0,3600.0,3600.0,3600.0,3600.0,3600.0,3600.0,2538.82
19f6fe588a49959692e178dd496746fd,BTBNSL-Rounded_BTWBNSL_Flag.BIC_TWBound_4.wcnf.xz,3600.0,3600.0,3600.0,3600.0,3600.0,3600.0,3600.0,3600.0,2725.17
b5c8559b2b2f35ecf9372eef4b6aed71,BTBNSL-Rounded_BTWBNSL_Heart.BIC_TWBound_3.wcnf.xz,3600.0,3600.0,3600.0,3600.0,3600.0,3030.63,3600.0,3600.0,84.7542
c37cd856c69e8b1ae9979b0285aea35e,BTBNSL-Rounded_BTWBNSL_Horse.BIC_TWBound_3.wcnf.xz,3600.0,3600.0,3600.0,3600.0,3600.0,3600.0,3600.0,3600.0,590.698
ddd4d222ed1f50940505168809ef2eaf,BTBNSL-Rounded_BTWBNSL_Horse.BIC_TWBound_4.wcnf.xz,3600.0,3600.0,3600.0,3600.0,3600.0,3600.0,3600.0,3600.0,446.368
b508d50132165bc18a8b2ad06fc23816,BTBNSL-Rounded_BTWBNSL_Housing_TWBound_3.wcnf.xz,3600.0,3600.0,3600.0,3600.0,3600.0,3600.0,3600.0,3600.0,3600.0
04a0127d98199d62b3604b9d323e561c,BTBNSL-Rounded_BTWBNSL_Housing_TWBound_4.wcnf.xz,3600.0,3600.0,3600.0,3600.0,3600.0,3600.0,3600.0,3600.0,3600.0
4fa57a996cb097c98a969a43ee1cea0e,BTBNSL-Rounded_BTWBNSL_Voting_TWBound_3.wcnf.xz,3600.0,3600.0,3600.0,3600.0,3600.0,3600.0,3600.0,3600.0,3600.0
b288319ad020d45a817ae9140816d6a1,BTBNSL-Rounded_BTWBNSL_Water_1000_1_2.scores_TWBound_4.wcnf.xz,439.073,3600.0,3600.0,350.598,3600.0,3600.0,3600.0,3600.0,312.023
37608ca7d951057f4dcbb46966986a2e,BTBNSL-Rounded_BTWBNSL_Wine_TWBound_4.wcnf.xz,516.035,3600.0,3600.0,502.33,3600.0,692.699,3600.0,3600.0,137.538
906ec5b4d896a68cd2ca99fcf1c03a3f,BTBNSL-Rounded_BTWBNSL_adult15N_TWBound_3.wcnf.xz,3600.0,3600.0,3600.0,3600.0,3600.0,3600.0,3600.0,3600.0,948.802
3e71614d6e601b44437710df520b674f,BTBNSL-Rounded_BTWBNSL_alarm_100_1_3.scores_TWBound_4.wcnf.xz,3600.0,3600.0,3600.0,3600.0,3600.0,3600.0,3600.0,3600.0,3600.0
e924d981728de583d29d4d5eda80579c,BTBNSL-Rounded_BTWBNSL_asia_10000_1_3.scores_TWBound_4.wcnf.xz,7.46085,3600.0,102.902,13.9931,3600.0,4.09725,3600.0,3600.0,2.32221
f4b968bdfbb0b1449307eba526a0cd77,BTBNSL-Rounded_BTWBNSL_asia_1000_1_3.scores_TWBound_3.wcnf.xz,1.86519,3600.0,3.03517,2.64742,5.01845,0.93708,116.394,60.3361,0.773687
c79295cda29c1dd20d4c979107f3d2ca,BTBNSL-Rounded_BTWBNSL_asia_1000_1_3.scores_TWBound_4.wcnf.xz,1.72399,3600.0,2.72964,1.89848,29.7928,1.06886,68.0714,76.7265,0.869862
b8547b888b98bdf2ca74f5b55052dfa9,BTBNSL-Rounded_BTWBNSL_asia_100_1_3.scores_TWBound_3.wcnf.xz,0.275882,0.112961,0.017181,0.203299,0.101366,0.0654351,0.069426,0.03371,9.86524
0c0a29fa0592bda0bdc60af531d271ae,BTBNSL-Rounded_BTWBNSL_hailfinder_10000_1_3.scores_TWBound_3.wcnf.xz,3600.0,3600.0,3600.0,3600.0,3600.0,3600.0,3600.0,3600.0,3600.0
a8f2daae616987d2129b273f32e8128e,BTBNSL-Rounded_BTWBNSL_hailfinder_10000_1_3.scores_TWBound_4.wcnf.xz,3600.0,3600.0,3600.0,3600.0,3600.0,3600.0,3600.0,3600.0,3600.0
df8695b71c7c5fa0103bc96a7266ac68,BTBNSL-Rounded_BTWBNSL_hailfinder_1000_1_3.scores_TWBound_4.wcnf.xz,3600.0,3600.0,3600.0,3600.0,3600.0,3600.0,3600.0,3600.0,3600.0
edf764cbd2546441238943fc22f37bef,BTBNSL-Rounded_BTWBNSL_hailfinder_100_1_3.scores_TWBound_4.wcnf.xz,22.1323,3600.0,15.0886,18.8477,11.4713,22.1095,138.091,121.812,24.1128
8d432e52a94c23183af3dc8390077cdc,BTBNSL-Rounded_BTWBNSL_insurance_1000_1_3.scores_TWBound_3.wcnf.xz,3600.0,3600.0,3600.0,3600.0,3600.0,3600.0,3600.0,3600.0,415.159
78b5b92b4e2c9bb356a9a20b2f59399b,BTBNSL-Rounded_BTWBNSL_insurance_100_1_3.scores_TWBound_3.wcnf.xz,337.087,3600.0,3600.0,284.65,3600.0,3600.0,3600.0,3600.0,1034.36
014e3ff106e4304553aabccf5d4ffad1,BTBNSL-Rounded_BTWBNSL_insurance_100_1_3.scores_TWBound_4.wcnf.xz,41.3056,3600.0,1035.52,34.299,71.5185,1786.47,344.083,186.157,81.5931
4092d332781d0ada9223479eacde1409,causal-discovery-causal_Autos_8_159.wcnf.xz,3600.0,3600.0,3600.0,3600.0,3600.0,3600.0,3600.0,3600.0,3600.0
762eea2e35e3e74887295a1f696f45e6,causal-discovery-causal_Diabetes_8_1000.wcnf.xz,84.5907,27.9308,3600.0,186.439,182.352,150.23,51.9886,37.7143,3600.0
3192dda2cfb7af939a1a0cafa4a52fce,causal-discovery-causal_Horse.23_7_300.wcnf.xz,44.5853,21.3325,9.34018,59.8176,55.072,53.465,183.255,3600.0,84.5976
4515bfdc874f644ed81e05cdefc6f740,causal-discovery-causal_Image_7_2310.wcnf.xz,301.381,3600.0,597.633,552.499,3600.0,3554.42,3600.0,3600.0,868.683
41aeaeb23a31b83c06dc74bc48bb523c,causal-discovery-causal_Imports_6_205.wcnf.xz,94.2099,3600.0,121.428,161.533,2896.87,203.634,3600.0,3600.0,100.292
fb205d98e896ca988c2abbc55d4d90cc,causal-discovery-causal_Letter_7_20000.wcnf.xz,881.238,3600.0,1074.8,785.756,3600.0,3600.0,3600.0,3600.0,472.475
bbfa812e89cecdb844b2608f8e2a54ae,causal-discovery-causal_Link_10_1000.wcnf.xz,3600.0,327.317,3600.0,3236.27,2062.8,3600.0,773.362,614.485,3600.0
f673ca32dbcf097d0496443945d46a93,causal-discovery-causal_LungCancer_8_27.wcnf.xz,2227.3,913.39,605.834,1618.99,464.372,767.399,3600.0,3600.0,717.898
c9798f47867d62d0d16d254a3a6ad10d,causal-discovery-causal_Meta_7_528.wcnf.xz,112.396,3600.0,204.409,213.634,3600.0,926.36,3600.0,3600.0,384.578
01867ce616494c946cf13cdbaf714329,causal-discovery-causal_Pigs_6_1000.wcnf.xz,727.823,3217.58,1186.75,892.684,1318.83,3467.61,3600.0,3600.0,1160.11
f5bf60d600d8464bf332d3facc7bd413,causal-discovery-causal_Pigs_6_10000.wcnf.xz,641.935,187.126,127.263,166.325,627.54,2362.71,3600.0,3600.0,3600.0
a7bfec4b7cb4211c60fa9c59a9f9d2c5,causal-discovery-causal_Sensors_7_5456.wcnf.xz,74.7446,2272.11,25.7378,83.0355,2715.74,220.694,3600.0,3600.0,56.83
9895ed8949cbe11204152f3db5f66733,causal-discovery-causal_Statlog_7_752.wcnf.xz,3600.0,3600.0,1053.4,774.502,3600.0,852.098,3600.0,3600.0,366.543
bcc94b58c9b70d646b5c8052175ab431,causal-discovery-causal_SteelPlates_6_1941.wcnf.xz,20.8789,3600.0,16.2509,27.8313,998.054,29.6117,128.99,54.3156,15.1248
aed6e9e6ee8b35b075298d7288a624d0,causal-discovery-causal_Voting_7_435.wcnf.xz,56.4371,2530.48,106.772,63.391,92.032,166.967,3600.0,3600.0,104.302
c5954efa03b4988560cb542a3389e215,causal-discovery-causal_Water_10_100.wcnf.xz,3600.0,1120.6,3195.33,3600.0,3600.0,3600.0,877.0,729.932,3600.0
011a30b4b55c4239c7c71c9b98a49e28,causal-discovery-causal_Water_7_380.wcnf.xz,177.434,3600.0,402.039,312.194,147.038,147.481,3600.0,3600.0,112.696
949e06eaca1bfc68b017025182f49278,causal-discovery-causal_alarm_7_100.wcnf.xz,182.468,1831.08,334.45,142.445,253.905,296.574,3600.0,3600.0,165.063
e5bcb54160833a302d0fd0469178c147,causal-discovery-causal_alarm_9_1000.wcnf.xz,3600.0,670.069,844.683,3600.0,3600.0,3600.0,3600.0,277.483,3600.0
af31b7c287cc794538535a6c7ee25cc3,causal-discovery-causal_asia_7_1000.wcnf.xz,667.39,3600.0,922.431,960.409,2640.42,724.816,3600.0,3600.0,346.409
88f5c28d1b5169e6006974ef79c15be9,causal-discovery-causal_asia_8_10000.wcnf.xz,3600.0,3600.0,3600.0,3600.0,3600.0,3600.0,3600.0,3600.0,3600.0
37cbe2a7145ddd9ec35eb63e59a7b6a1,causal-discovery-causal_carpo_8_100.wcnf.xz,1389.53,3600.0,3600.0,1515.5,3600.0,3600.0,3600.0,3600.0,3600.0
e1b16b06bbce9e3a1907a29f78b45e88,causal-discovery-causal_carpo_8_1000.wcnf.xz,3600.0,3600.0,3600.0,3600.0,3600.0,3600.0,3600.0,3600.0,3600.0
83711ddf9361a4442be2e15ae8df664c,causal-discovery-causal_hailfinder_8_10000.wcnf.xz,433.234,1147.54,1123.96,552.467,702.301,3600.0,1229.24,3306.86,2035.3
6be4fb2b959efcc30e8def677277e8c7,causal-discovery-causal_insurance_9_100.wcnf.xz,3600.0,3600.0,3600.0,3600.0,3600.0,3600.0,3600.0,3600.0,3600.0
15b24f4309d37ba8c741afe825d48817,correlation-clustering-Rounded_CorrelationClustering_Ecoli_BINARY_N240_D0.200.wcnf.xz,3600.0,3600.0,3600.0,3600.0,3600.0,3600.0,3600.0,3600.0,3600.0
adbbf4c9d5ceb26339fb9651d0433d49,correlation-clustering-Rounded_CorrelationClustering_Ecoli_BINARY_N260_D0.200.wcnf.xz,3600.0,3600.0,3600.0,3600.0,3600.0,3600.0,3600.0,3600.0,3600.0
e5546850fc1ed1f1fffaf32879072aa2,correlation-clustering-Rounded_CorrelationClustering_Ecoli_BINARY_N280_D0.200.wcnf.xz,3600.0,3600.0,3600.0,3600.0,3600.0,3600.0,3600.0,3600.0,3600.0
243c6067d0546a4f09210897f7ae5a10,correlation-clustering-Rounded_CorrelationClustering_Ionosphere_BINARY_N200_D0.200.wcnf.xz,3600.0,3600.0,3600.0,3600.0,3600.0,287.241,3600.0,3600.0,2022.83
171be8881c2d05b9b9c1dd9963f6a558,correlation-clustering-Rounded_CorrelationClustering_Ionosphere_BINARY_N240_D0.200.wcnf.xz,3600.0,3600.0,3600.0,3600.0,3600.0,678.753,3600.0,3600.0,3600.0
9b6a035cb7ee49abd407c6f8193fe66a,correlation-clustering-Rounded_CorrelationClustering_Ionosphere_BINARY_N300_D0.200.wcnf.xz,3600.0,3600.0,3600.0,3600.0,3600.0,2200.8,3600.0,3600.0,3600.0
4244c2c99cadfe241b3c7b166d0d2346,correlation-clustering-Rounded_CorrelationClustering_Orl_BINARY_N200_D0.200.wcnf.xz,1237.24,17.2607,14.623,1035.09,9.74772,8.50478,1635.83,2602.29,76.8108
c9a12b6cc844fe78f22cdad2338f9fef,correlation-clustering-Rounded_CorrelationClustering_Orl_BINARY_N220_D0.200.wcnf.xz,1664.61,47.8617,26.0815,3600.0,16.4025,14.3613,2576.08,3441.57,98.5519
8af08f6da489c61079642ff05011e8f5,correlation-clustering-Rounded_CorrelationClustering_Orl_BINARY_N240_D0.200.wcnf.xz,2582.89,59.351,36.0228,3143.08,20.3061,18.6574,3600.0,3600.0,116.977
72be20712e5d3b6242bc05198cc32475,correlation-clustering-Rounded_CorrelationClustering_Orl_BINARY_N300_D0.200.wcnf.xz,3600.0,3600.0,101.437,3600.0,46.2306,54.0758,3600.0,3600.0,234.522
2d4b17dbd6243c91f22cb13b8b0516eb,correlation-clustering-Rounded_CorrelationClustering_Orl_BINARY_N340_D0.200.wcnf.xz,3600.0,129.11,205.33,3600.0,77.6042,86.1008,1900.52,1540.8,357.191
2ffd8981f87cd0dfc955c91552f85033,correlation-clustering-Rounded_CorrelationClustering_Protein2_BINARY_N300.wcnf.xz,3600.0,3600.0,3600.0,3600.0,3600.0,254.944,3600.0,3600.0,486.843
3ccca0e6f0a513aab1f4e54a782c6496,correlation-clustering-Rounded_CorrelationClustering_Protein2_BINARY_N320.wcnf.xz,3600.0,3600.0,3600.0,3600.0,3600.0,404.556,3600.0,3600.0,591.888
ab1e234d44c33a3cd6f787d4b13f0c28,correlation-clustering-Rounded_CorrelationClustering_Protein2_BINARY_N340.wcnf.xz,3600.0,3600.0,3600.0,3600.0,3600.0,375.406,3600.0,3600.0,621.753
bf6a04da86a2a0ebe1d8c2fcfa048b2a,correlation-clustering-Rounded_CorrelationClustering_Protein2_BINARY_N360.wcnf.xz,3600.0,3600.0,3600.0,3600.0,3600.0,654.856,3600.0,3600.0,929.608
0a65f5ba838d9dea01cc45af85c961af,correlation-clustering-Rounded_CorrelationClustering_Protein3_BINARY_N320.wcnf.xz,3600.0,3600.0,3600.0,3600.0,3600.0,241.411,3600.0,3600.0,418.106
fb3a46b45d2829ce8bc12bf8681ae379,correlation-clustering-Rounded_CorrelationClustering_Protein3_BINARY_N340.wcnf.xz,3600.0,3600.0,3600.0,3600.0,3600.0,284.888,3600.0,3600.0,417.729
249c752477b082cb19fb65bef1be8309,correlation-clustering-Rounded_CorrelationClustering_Protein4_BINARY_N200.wcnf.xz,3600.0,3600.0,3600.0,3600.0,3600.0,18.3797,3600.0,3600.0,24.6827
c50729a5536dd1fced30aadb820b1d27,correlation-clustering-Rounded_CorrelationClustering_Protein4_BINARY_N220.wcnf.xz,3600.0,3600.0,3600.0,3600.0,3600.0,24.9408,3600.0,3600.0,51.7006
833bb563feb8866b92e902a8cd35f8ed,correlation-clustering-Rounded_CorrelationClustering_Protein4_BINARY_N260.wcnf.xz,3600.0,3600.0,3600.0,3600.0,3600.0,97.9248,3600.0,3600.0,184.22
0cc4ca9d1da768c5ddf7d3675c9041e6,correlation-clustering-Rounded_CorrelationClustering_Protein4_BINARY_N280.wcnf.xz,3600.0,3600.0,3600.0,3600.0,3600.0,283.137,3600.0,3600.0,394.908
d64420d035ac515a3bcb7dc11f724120,correlation-clustering-Rounded_CorrelationClustering_Protein4_BINARY_N300.wcnf.xz,3600.0,3600.0,3600.0,3600.0,3600.0,418.333,3600.0,3600.0,337.043
180edf6d00b40911ae9fb36c0f7ebfd7,correlation-clustering-Rounded_CorrelationClustering_Protein4_BINARY_N360.wcnf.xz,3600.0,3600.0,3600.0,3600.0,3600.0,616.572,3600.0,3600.0,715.459
cbbac1eda938459e98a8b7d03fcfe741,correlation-clustering-Rounded_CorrelationClustering_Protein4_BINARY_N380.wcnf.xz,3600.0,3600.0,3600.0,3600.0,3600.0,1014.74,3600.0,3600.0,1654.94
cf208672468ad29b854709a6750edca4,correlation-clustering-Rounded_CorrelationClustering_Vowel_BINARY_N800_D0.200.wcnf.xz,3600.0,3600.0,3600.0,3600.0,3600.0,3600.0,3600.0,3600.0,3600.0
b7ff548ea99260508a0faed6a43371d9,min-width-MinWidthCB_milan_200_12_1k_10s_1t_10.wcnf.xz,26.51,3600.0,14.936,28.9893,3600.0,3600.0,118.409,47.6533,3600.0
581330e5a46e330a49cbdd5dcbdee457,min-width-MinWidthCB_milan_200_12_1k_10s_1t_12.wcnf.xz,368.719,3600.0,3600.0,549.766,3600.0,3600.0,3600.0,3600.0,3600.0
1039e957a0852b12fa471524785e600c,min-width-MinWidthCB_milan_200_12_1k_10s_2t_10.wcnf.xz,2.0946,0.414586,0.733373,2.54348,1.11783,0.963828,4.71708,0.998049,0.503198
91039769e9ec33be9eef14a4b9e94afa,min-width-MinWidthCB_milan_200_12_1k_4s_1t_4.wcnf.xz,0.601664,0.133049,0.0772571,0.600811,0.390618,0.287609,0.260278,0.088298,0.186875
dd65bb1059709abfceeb8e4bbc8f8fec,min-width-MinWidthCB_milan_200_12_1k_4s_2t_4.wcnf.xz,0.497768,0.123821,0.066889,0.390021,0.182237,0.129368,0.220302,0.072134,0.0794309
3d933eaeb8271d64bb04c2c07fa0bd1c,min-width-MinWidthCB_mitdbsample_300_43_1k_15s_1t_15.wcnf.xz,3600.0,3600.0,3600.0,3600.0,3600.0,3600.0,3600.0,3600.0,3600.0
4010aff91e857c2038c9065b34721553,min-width-MinWidthCB_mitdbsample_300_43_1k_3s_1t_5.wcnf.xz,3600.0,3600.0,3600.0,3600.0,3600.0,3600.0,3600.0,3600.0,3600.0
c0d648fa8c5cc1633874aecc15080408,min-width-MinWidthCB_mitdbsample_300_43_1k_6s_2t_6.wcnf.xz,3600.0,3600.0,3600.0,3600.0,3600.0,3600.0,3600.0,3600.0,3600.0
2478bfc753b099f2ff177bcac6863b3c,min-width-MinWidthCB_mitdbsample_300_43_1k_6s_2t_8.wcnf.xz,3600.0,3600.0,3600.0,3600.0,3600.0,3600.0,3600.0,3600.0,3600.0
52d64d5017bbd6418b5c3de5096fd8b9,min-width-MinWidthCB_mitdbsample_300_64_1k_15s_1t_15.wcnf.xz,3600.0,3600.0,3600.0,3600.0,3600.0,3600.0,3600.0,3600.0,3600.0
9526c0a6261fecbe422397600a198e5a,min-width-MinWidthCB_mitdbsample_300_64_1k_15s_2t_15.wcnf.xz,3600.0,3600.0,3600.0,3600.0,3600.0,3600.0,3600.0,3600.0,3600.0
e11cb1e6b4516cb7c42e38b5f9ff5ce4,min-width-MinWidthCB_mitdbsample_300_64_1k_15s_2t_17.wcnf.xz,3600.0,3600.0,3600.0,3600.0,3600.0,3600.0,3600.0,3600.0,3600.0
d93d1cddeff963cab5286b46ce50b3af,min-width-MinWidthCB_mitdbsample_300_64_1k_3s_3t_3.wcnf.xz,3600.0,3600.0,3600.0,3600.0,3600.0,3600.0,3600.0,3600.0,3600.0
6731a8f383da59c9db7411abe4ffd697,min-width-MinWidthCB_mitdbsample_300_64_1k_3s_3t_5.wcnf.xz,3600.0,3600.0,3600.0,3600.0,3600.0,3600.0,3600.0,3600.0,3600.0
75dd3a4b1cf3610e019dd10d3cb64d74,min-width-MinWidthCB_mitdbsample_300_64_1k_6s_1t_8.wcnf.xz,3600.0,3600.0,3600.0,3600.0,3600.0,3600.0,3600.0,3600.0,3600.0
96ecd418d2d7fff953e9f8690887b881,min-width-MinWidthCB_mitdbsample_300_64_1k_6s_2t_6.wcnf.xz,3600.0,3600.0,3600.0,3600.0,3600.0,3600.0,3600.0,3600.0,3600.0
e28b6540e1bc051a92be438cd16dcedb,min-width-MinWidthCB_mitdbsample_300_64_1k_6s_3t_6.wcnf.xz,3600.0,3600.0,3600.0,3600.0,3600.0,3600.0,3600.0,3600.0,3600.0
2f7aa14199c3959039c67ecb1eab5c15,min-width-MinWidthCB_power_1000_24_1k_10s_1t_12.wcnf.xz,3600.0,3600.0,3600.0,3600.0,3600.0,3600.0,3600.0,3600.0,3600.0
fb85a9b2e2b1fa7abde9b00c73b0f8ea,min-width-MinWidthCB_power_1000_24_1k_20s_2t_22.wcnf.xz,3600.0,3600.0,3600.0,3600.0,3600.0,3600.0,3600.0,3600.0,3600.0
f4ede81958b17dd3d3d8bff5c8685a32,min-width-MinWidthCB_power_1000_24_1k_50s_1t_52.wcnf.xz,3600.0,3600.0,3600.0,3600.0,3600.0,3600.0,3600.0,3600.0,3600.0
785b8ca328e9bb071a5c9ebd31c60b5d,relational-inference-ar-1.wcnf.xz,3600.0,106.567,50.7278,3600.0,108.44,91.2231,3600.0,3600.0,2.78478
904f32d315ae7de10e3e9b9b0c1159f2,relational-inference-ar-2.wcnf.xz,3600.0,3600.0,3600.0,3600.0,3600.0,583.564,3600.0,3600.0,105.413
dd0b0480ef3f988ef4c941035c98e63e,relational-inference-ar-3.wcnf.xz,3600.0,346.649,75.8919,3600.0,349.839,1.77408,190.765,39.9293,0.879031
0f1c52389db20638ea273317523fa709,relational-inference-pa-1.wcnf.xz,3600.0,321.739,160.401,3600.0,3133.69,778.699,149.45,27.3309,237.105
fcfeb7a452588be4899f26214fa8e23e,relational-inference-pa-2.wcnf.xz,3600.0,3600.0,1815.0,3600.0,3600.0,3600.0,1650.98,365.741,712.863
8d50d71fc2445bbed796b9a48dfd72fa,relational-inference-pa-3.wcnf.xz,3600.0,3600.0,2387.39,3600.0,3600.0,3600.0,1553.05,578.496,3600.0
ea49ec4c183e647851408976bea44146,relational-inference-rc-1.wcnf.xz,3600.0,1697.4,454.203,3600.0,1738.91,10.6067,2452.13,130.149,1.4883
bf916f1f3d6a25890392025b7d961299,relational-inference-rc-2.wcnf.xz,3600.0,1639.55,490.374,3600.0,1697.92,10.6475,2400.93,128.958,1.5623
8196f734cfc1d9b20fd8d66250dbfcfd,abstraction-refinement-downcast-antlr.wcnf.xz,3600.0,478.128,824.381,3600.0,1020.48,2342.63,459.412,307.381,899.782
f5fd19c23123f0fc6a6cf1761857f6c9,abstraction-refinement-downcast-avrora.wcnf.xz,3600.0,156.705,326.809,3600.0,410.17,3529.16,77.0008,86.8305,547.459
66774e068193921877f8a93f9a2d8898,abstraction-refinement-downcast-hsqldb.wcnf.xz,1356.28,408.785,669.742,2459.35,952.372,3600.0,182.199,236.581,1907.89
e1547aa230a63ccb1daa4b5965ae4d56,abstraction-refinement-downcast-pmd.wcnf.xz,2800.53,395.415,881.89,3600.0,990.082,3600.0,162.166,122.028,1292.38
b1dd4ee6e5b74c18a2f0cc4162f8e2c8,abstraction-refinement-downcast-xalan.wcnf.xz,3600.0,223.43,596.405,3600.0,572.308,2046.97,201.095,173.761,686.372
d8bb463adb0c353c7847c10e95e0f420,abstraction-refinement-polysite-avrora.wcnf.xz,1697.2,141.042,267.051,2430.2,336.307,968.333,45.7391,100.191,700.335
5336f6907d534868103be83673bcd912,abstraction-refinement-polysite-hsqldb.wcnf.xz,783.545,475.776,1239.64,1213.97,1162.82,3600.0,234.363,151.027,1142.81
8d1dee34d8af87b9467f950d6852277b,abstraction-refinement-polysite-lusearch.wcnf.xz,3600.0,102.293,303.644,3600.0,270.327,551.743,21.8581,19.3804,428.889
67cf2d223a65ca171740b40c2dab1511,abstraction-refinement-polysite-pmd.wcnf.xz,3600.0,368.471,1081.76,3600.0,1004.49,3269.61,132.034,189.852,1086.0
6793f4fbcc2f6a236b32663d633f4c6d,abstraction-refinement-polysite-xalan.wcnf.xz,3600.0,532.403,2382.98,3600.0,1750.37,3600.0,3296.73,3600.0,1528.47
d79e2e0e200066bf6e8a6154cc99b0e0,frb-frb10-6-1.wcnf.xz,0.009149,0.0689499,0.0119,0.010286,0.069435,0.0440669,0.103988,0.090258,0.0113721
ec87cc470307a2728399904c16596f27,frb-frb10-6-3.wcnf.xz,0.0100441,0.0707819,0.00928888,0.00984703,0.0716861,0.0650941,0.345386,0.055715,0.0167281
d4a38e821299b9075cd64c21a9d1e6a9,frb-frb10-6-4.wcnf.xz,0.0102291,0.0691001,0.010935,0.00912996,0.0707141,0.050945,0.11407,0.047874,0.018478
e092a130051ae337def7eb3ca8a9bc30,frb-frb15-9-1.wcnf.xz,0.0551949,0.12102,0.306645,0.05218,0.121065,0.427815,783.165,136.791,0.181357
287e43071e8cf5070a23a7aa88cc2d09,frb-frb15-9-3.wcnf.xz,0.0478739,0.124346,1.21806,0.056685,0.127506,1.19134,3373.99,53.8457,0.185145
1757d1cd2251cb120fa3e269fa779c37,frb-frb15-9-4.wcnf.xz,0.054035,0.145841,0.770229,0.065573,0.155904,1.14952,2396.81,118.755,0.173838
f1d208e046069fb93c3f3c79f322c459,frb-frb20-11-3.wcnf.xz,0.165524,0.219647,15.5182,0.264415,0.212679,11.4693,3600.0,3600.0,0.419059
87f22a7af6d1af9295c6d084d52a4ffd,frb-frb20-11-4.wcnf.xz,0.131863,0.223086,13.7857,0.176751,0.249371,19.1624,3600.0,3600.0,1.03991
bf90a020e7c621c04804534b982cfac8,frb-frb20-11-5.wcnf.xz,0.199255,0.203271,19.4511,0.155296,0.208437,15.8818,3600.0,3600.0,0.235612
49b506eb6facc91f1b3fbe8d9a0afccf,frb-frb25-13-3.wcnf.xz,1.05058,0.4116,341.094,1.06872,0.371848,204.47,3600.0,3600.0,0.193839
824b278c9f8d2b995c72b8345ab457fc,frb-frb25-13-4.wcnf.xz,1.03816,1.90463,3600.0,1.44273,0.589045,99.5649,3600.0,3600.0,0.353194
d6a2d2a9e770592455b6eae84087adbb,frb-frb30-15-2.wcnf.xz,16.2918,4.36731,3600.0,11.4543,1.24297,1826.49,3600.0,3600.0,0.851232
bd9f49654d64f72a326142ec3645445d,frb-frb30-15-3.wcnf.xz,9.8792,0.94039,3600.0,6.25855,0.562471,3052.61,3600.0,3600.0,0.539731
0e95e6993460ca4c4056e46635efd541,frb-frb30-15-5.wcnf.xz,6.76282,0.555405,3600.0,4.37744,0.73724,838.605,3600.0,3600.0,0.269216
f4776df3bb1f9ec3a78537cf07c93c43,frb-frb35-17-2.wcnf.xz,51.672,3.68059,3600.0,106.563,152.343,3600.0,3600.0,3600.0,3154.93
5228befbc2606466e431ead441f00ac2,frb-frb35-17-3.wcnf.xz,14.5245,4.91332,3600.0,13.3674,9.25694,3600.0,3600.0,3600.0,27.7548
c6fae7559f97452d534767d3c58d1386,frb-frb35-17-4.wcnf.xz,40.9942,13.0262,3600.0,86.2836,7.3608,3600.0,3600.0,3600.0,4.45756
30079d67972554a3c357f00694c3c10a,frb-frb35-17-5.wcnf.xz,75.6308,13.8776,3600.0,156.244,18.1954,3600.0,3600.0,3600.0,6.39676
967dfff189a71cd2518d36a093953e57,frb-frb40-19-2.wcnf.xz,181.509,21.0568,3600.0,117.253,15.3894,3600.0,3600.0,3600.0,42.0875
299ed05f7b19f79cebff6547e38e7c82,frb-frb40-19-5.wcnf.xz,320.168,166.999,3600.0,759.558,112.828,3600.0,3600.0,3600.0,92.8006
11b65bcfa23925685024c9fe36e1f247,dalculus-f1-DataDisplay_0_order4.seq-A-2-1-irabcde.wcnf.xz,0.113309,0.0745819,0.0090081,0.268071,0.0778411,0.048008,0.00989,0.00882399,0.04567
17fdc91e1eddbf763d1554039a616b9e,dalculus-f1-DataDisplay_0_order4.seq-A-2-2-irEDCBA.wcnf.xz,0.225313,0.075535,0.00896888,0.243134,0.078188,0.0736971,0.0110359,0.00855909,0.108779
0a7c4a9cfc4372cbf8a64cf04694edf8,dalculus-f1-DataDisplay_0_order4.seq-A-2-combined-EDCBAir.wcnf.xz,0.0565881,0.0757579,0.0111259,0.0603541,0.079307,0.0722479,0.00980788,0.0103031,0.178087
545fd42b11d60bb6f70022397a64323a,dalculus-f1-DataDisplay_0_order4.seq-A-3-2-irabcde.wcnf.xz,0.019506,0.0731931,0.0101339,0.0199301,0.0735621,0.0276519,0.0103959,0.00847406,0.0135881
d73d7fbc018dc15394b345ae9a3d96a8,dalculus-f1-DataDisplay_0_order4.seq-A-3-combined-EDCBAir.wcnf.xz,0.0244521,0.0751839,0.00908989,0.0121921,0.0749789,0.03894,0.0112749,0.010053,0.0234701
06f686ec99c82187e545574aa272429c,dalculus-f1-DataDisplay_0_order4.seq-A-3-combined-irEDCBA.wcnf.xz,0.0283609,0.076306,0.010314,0.017179,0.076057,0.0417671,0.0102071,0.0106969,0.0227861
68e099ae95c54353665b4d365e9a0188,dalculus-f1-DataDisplay_0_order4.seq-B-2-1-EDCBAir.wcnf.xz,0.073844,0.0751339,0.011178,0.091285,0.0785569,0.0670459,0.010173,0.011168,0.470273
7d7f1916c5e5f1c279f58cb44347f473,dalculus-f1-DataDisplay_0_order4.seq-B-2-1-abcdeir.wcnf.xz,0.0444739,0.0745721,0.012163,0.055384,0.078029,0.050429,0.00968188,0.00891292,0.0631889
85a0667a640131ccb0d1238db1ab7adb,dalculus-f1-DataDisplay_0_order4.seq-B-2-2-abcdeir.wcnf.xz,0.0149911,0.074249,0.00977692,0.0111149,0.075206,0.0392869,0.0118431,0.00887807,0.019863
d9f7f9772a8abb8b6162bede8546c4b8,dalculus-f1-DataDisplay_0_order4.seq-B-2-combined-abcdeir.wcnf.xz,0.021714,0.075407,0.00980388,0.017888,0.077028,0.0729839,0.0086189,0.01027,0.020464
e7e28b1c67485043da60a196578e89f5,dalculus-f1-DataDisplay_0_order4.seq-B-2-combined-irEDCBA.wcnf.xz,0.347383,0.07594,0.0116721,0.312161,0.0788401,0.138747,0.00827702,0.00982599,0.136214
8f53d30b1c3e521a2e1dea32010e0770,dalculus-f1-DataDisplay_0_order4.seq-B-2-combined-irabcde.wcnf.xz,0.156876,0.0757549,0.00893311,0.158841,0.0788011,0.052568,0.0082101,0.0755699,0.115412
8eb8464b36222ae14e5c7bcd5d2543b3,dalculus-f1-DataDisplay_0_order4.seq-B-3-1-abcdeir.wcnf.xz,0.0188881,0.0729269,0.010513,0.0176651,0.0737541,0.0261589,0.00929809,0.00932589,0.0127379
d922e337a52677674602ed1fda8354a5,dalculus-f49-DC_TotalLoss.seq-A-2-1-abcdeir.wcnf.xz,3600.0,0.480208,0.126289,3011.22,0.862652,3.21455,0.125222,0.140538,7.89976
989a784b3376a6bd09557c2d1f5269ef,dalculus-f49-DC_TotalLoss.seq-A-2-1-irEDCBA.wcnf.xz,3600.0,0.405704,0.0798021,3600.0,0.631932,2.90867,0.279682,0.192661,2.13445
8ac0c594cddcbbea7e7d9dcc57999351,dalculus-f49-DC_TotalLoss.seq-A-2-1-irabcde.wcnf.xz,3600.0,0.393122,0.080279,3600.0,0.623937,1.47898,0.114955,0.0837499,0.896123
e722557cf6251cd0e049fdb59e71252d,dalculus-f49-DC_TotalLoss.seq-A-2-2-abcdeir.wcnf.xz,1.69308,0.309737,0.0562801,0.267875,0.341984,11.2546,0.101743,0.0850851,1.98014
eb533c619254773090bf944c67de2396,dalculus-f49-DC_TotalLoss.seq-A-3-1-abcdeir.wcnf.xz,11.056,0.795759,0.183291,1.11046,0.988151,1.84351,0.179229,0.183739,0.926134
d562779319c6acba69dc9509ccf168a0,dalculus-f49-DC_TotalLoss.seq-A-3-1-irabcde.wcnf.xz,9.90039,0.763423,0.152823,1.5313,1.04169,1.37999,0.223898,0.187393,0.757431
5206e54698cf485f2a4f2793f2accc8b,dalculus-f49-DC_TotalLoss.seq-A-3-2-EDCBAir.wcnf.xz,10.0358,0.700536,0.177437,0.989425,0.878304,1.75799,0.272203,0.168555,0.968864
bcf5add833dd3f96aad671d70b7ac94b,dalculus-f49-DC_TotalLoss.seq-A-3-combined-abcdeir.wcnf.xz,9.63122,0.829774,0.214643,1.0601,0.995343,2.99282,0.269004,0.17986,1.1745
0ffea9dcc45d0719ee43ca80ba606726,dalculus-f49-DC_TotalLoss.seq-B-2-1-abcdeir.wcnf.xz,3600.0,0.489638,0.121344,3245.62,0.840674,7.30145,0.176028,0.131704,10.6989
1a9dbc28c8476ee154e3ef75e5be0994,dalculus-f49-DC_TotalLoss.seq-B-2-2-irEDCBA.wcnf.xz,3600.0,0.380432,0.0821149,3600.0,0.576488,5.53285,0.360775,0.428747,3.67048
12322ad740d036d7c81154403d7c5de7,dalculus-f49-DC_TotalLoss.seq-B-3-combined-abcdeir.wcnf.xz,2.62687,0.850441,0.213989,1.13604,0.922615,3.20747,0.269802,0.229362,1.17485
15b9933fc16de24c0b181df0c0a29e47,dalculus-f49-DC_TotalLoss.seq-B-3-combined-irabcde.wcnf.xz,8.41654,0.870703,0.202936,1.18955,1.11918,2.89702,0.291526,0.210636,1.51068
b477b3b0e1a2bfc6499bd59db7bcbb0e,mancoosi-mancoosi-test-i3000d0u98-53.wcnf.xz,3600.0,5.52103,0.545304,2246.01,5.57195,1.13283,8.95489,1.12359,2.13742
bbf5cfd58a074eccf8b9a2131e2a8ae1,mancoosi-mancoosi-test-i3000d0u98-54.wcnf.xz,552.731,5.79432,0.599859,115.049,5.79894,1.22225,10.1018,1.16709,2.25215
45c68aec52e471eeb8f268918ac7b1e5,mancoosi-mancoosi-test-i3000d0u98-55.wcnf.xz,785.916,5.24895,0.551154,286.321,5.33528,1.15024,8.99257,1.00782,2.06973
51f56fb37211a7097a90ec3d672548e1,mancoosi-mancoosi-test-i3000d0u98-56.wcnf.xz,219.654,5.32493,0.515866,102.428,5.33739,1.13521,8.50582,1.00689,1.99794
59961037d7acddba97b17e2a2ba2eec7,mancoosi-mancoosi-test-i3000d0u98-58.wcnf.xz,342.437,5.72315,0.526597,149.804,5.73551,1.14169,9.42552,1.10113,2.62487
dc8741d4fcf0f620a319caa0cd639e6c,mancoosi-mancoosi-test-i3000d0u98-60.wcnf.xz,3600.0,5.5908,0.555906,1349.37,5.62109,1.07611,9.39409,1.06003,2.18516
c5b284ae5f7a79969b84b20cdd1403e2,mancoosi-mancoosi-test-i3000d0u98-62.wcnf.xz,729.456,5.75783,0.579662,103.206,5.81305,1.19701,10.0449,1.13581,2.18105
08679ca4c82d71d94e5937dad26b3147,mancoosi-mancoosi-test-i3000d0u98-64.wcnf.xz,977.812,5.76108,0.567042,228.437,5.6961,1.19184,9.66211,1.11599,2.2757
eafb18d0cf01b658d6f1321c1506f6f7,mancoosi-mancoosi-test-i3000d0u98-66.wcnf.xz,144.814,5.46735,0.561052,60.3411,5.49211,1.27164,9.13229,1.05048,2.07424
03f8c3709ae87844da20287bd41677ee,mancoosi-mancoosi-test-i3000d0u98-70.wcnf.xz,704.116,5.64807,0.565585,350.349,5.65594,1.19775,9.50478,1.1676,2.24257
1149325a5482c1ca01abdcd338df1aec,mancoosi-mancoosi-test-i3000d0u98-71.wcnf.xz,265.252,6.10688,0.597784,105.28,6.02585,1.21203,10.7989,1.23882,2.33259
9fb86326b2883b35e2ce1de4bec5b6bc,mancoosi-mancoosi-test-i3000d0u98-73.wcnf.xz,153.571,5.69694,0.556176,60.9808,5.70536,1.19335,9.98517,1.13221,2.18655
33f90763e25a9f07ae2d5da15d128763,mancoosi-mancoosi-test-i3000d0u98-74.wcnf.xz,240.785,5.8984,0.587235,100.41,5.93021,1.3024,10.8402,1.19935,2.3915
565af83eb44d4c3e4edf061b88e90569,mancoosi-mancoosi-test-i4000d0u98-75.wcnf.xz,3600.0,5.78176,0.623982,2365.17,5.79481,1.29179,12.0871,1.31728,2.34273
b2ecbdfb971b20038ca0fd7c6f98e203,mancoosi-mancoosi-test-i4000d0u98-79.wcnf.xz,3600.0,5.28238,0.547333,1368.28,5.31152,1.0989,9.69247,1.13131,2.30985
ea7ef697c50c1a1bbd3de00a10ed97d4,mancoosi-mancoosi-test-i4000d0u98-80.wcnf.xz,3600.0,5.80739,0.593458,3600.0,5.76017,1.27816,11.3094,1.28871,2.42575
c08444a70f60ad8b8c87fe99eacd3f89,mancoosi-mancoosi-test-i4000d0u98-83.wcnf.xz,3600.0,5.87641,0.630228,3600.0,5.91992,1.23465,11.8079,1.33363,2.32976
fd1a8d17deab2a963782a83e99c43789,mancoosi-mancoosi-test-i4000d0u98-84.wcnf.xz,3600.0,5.69805,0.571613,3600.0,5.66476,1.17369,10.6909,1.23648,2.3012
05d2aa7c1dd503cd44ccee413e08dc12,mancoosi-mancoosi-test-i4000d0u98-85.wcnf.xz,3600.0,5.9241,0.592703,3600.0,5.88899,1.14541,11.7873,1.34029,2.42979
3571ce3b4a61bcaa59a68745d0d45d5b,mancoosi-mancoosi-test-i4000d0u98-86.wcnf.xz,3600.0,5.43652,0.572182,1317.61,5.49247,1.13278,10.2075,1.17361,2.21308
c5cfc95336279553ff6f4eee54e08e09,mancoosi-mancoosi-test-i4000d0u98-87.wcnf.xz,3600.0,5.46574,0.565623,3600.0,5.50881,1.23728,10.5428,1.18982,2.14376
4ad8985420a75cd2098157ad4e5dd41f,mancoosi-mancoosi-test-i4000d0u98-88.wcnf.xz,3600.0,5.56448,0.554631,3600.0,5.58354,1.15339,10.3286,1.20108,2.22858
b42aedd0f9aa61a7639f1f9bcca33896,mancoosi-mancoosi-test-i4000d0u98-94.wcnf.xz,3600.0,5.34352,0.574857,763.276,5.39217,1.14315,10.1397,1.16154,2.09827
aee474e3c2a40b0ec5f2b14f4b9b862d,mancoosi-mancoosi-test-i4000d0u98-98.wcnf.xz,3600.0,5.49674,0.555833,3266.14,5.51377,1.23299,10.3765,1.21297,2.11221
f55de5552ece56a19be7e5b5e209b96c,mancoosi-mancoosi-test-i4000d0u98-99.wcnf.xz,3600.0,5.47615,0.568345,3600.0,5.49444,1.17481,10.864,1.23155,2.20119
