hash,filename,cashwmaxsat-plus,maxcdcl,open-wbo-mergesat,open-wbo-glucose,evalmaxsat,cashwmaxsat-coreplus,cgss,exact,uwrmaxsat-scip,uwrmaxsat,maxhs
52c887570daa61a1b19ef3d34ae1a0d1,cnf.14.t.7.wcnf.xz,5.42,170.6,23.44,14.87,16.45,13.09,36.86,3.61,5.41,5.39,53.73
fd58cc4b60da985774c8b2d43ef4f585,spl.formula_0.8_2021_atleast_63_max-5_reduced_incomplete_tree.wcnf.xz,3600.0,3600.0,3600.0,3600.0,3600.0,3600.0,3600.0,3600.0,3600.0,3600.0,3600.0
5e0c6f28253068dad4cef3279606b503,unw.RSN_Security_Min_Witness-Direct-FlexScan-DC.wcnf.xz,2.83,5.8,6.63,6.54,5.86,2.83,60.23,326.2,3.29,2.86,16.38
5c1f7ae384d6f756ca43a19526e48f61,extension-enforcement_strict_com_150_0.1_2_15_0.wcnf.xz,5.15,164.5,16.62,3600.0,11.78,35.97,9.8,14.54,4.03,4.08,333.21
dac460447bd6607cfa335190b308b06d,Q13_OPTIONS_1.wcnf.xz,320.84,1135.26,3600.0,1478.69,707.62,310.38,1435.07,3600.0,306.01,300.74,907.66
54b8b1cdb292789013a5535355f2aca6,rsdecoder1.dimacs.filtered.wcnf.xz,119.61,434.41,77.67,9.99,45.48,278.51,786.16,2171.46,10.36,10.22,127.51
1400bd549777fc2fdd0b9ffe4e414c32,splitedReads_158.matrix.wcnf.xz,366.01,71.95,0.77,0.53,8.67,359.34,4.48,8.01,228.03,1.94,4.49
4ac8bb08e510e18ec4bd375fbeeaa6c5,ran-scp.scpnrg1_maxsat.wcnf.xz,3600.0,3600.0,3600.0,3600.0,3600.0,3600.0,3600.0,3600.0,3600.0,3600.0,3600.0
35835ff6181793a32a4b2c9fef0f9bdd,b21_C-mbd14-0394.wcnf.xz,613.73,582.19,33.92,5.7,14.16,619.16,27.99,157.82,810.47,2.51,997.78
494199eb9d6eec81e80952e7360a4b55,kbtree9_7_3_5_50_4.wcsp.wcnf.xz,137.52,730.06,3600.0,3600.0,3600.0,137.65,3600.0,3600.0,130.66,3600.0,52.09
8232c67c65943e28a583ddae174d1b52,ran-scp.scp61_maxsat.wcnf.xz,3600.0,3600.0,3600.0,3600.0,3600.0,3600.0,3600.0,3600.0,3600.0,3600.0,3600.0
02ab8f8dc03d717e885b87d13bf69101,hip-su.SU3__simp-genos.haps.41.wcnf.xz,1.26,0.0,0.0,0.0,0.0,1.27,0.0,0.0,0.0,0.0,0.0
c0f735577fbb6377423defdb4feccd4e,vio.role_smallcomp_violations_0.0_3.wcnf.xz,0.0,0.0,0.0,0.02,0.0,0.0,0.16,0.0,0.0,0.0,0.0
3e066ca7c32ee079e75887a60cb759c4,ran-scp.scp510_maxsat.wcnf.xz,3600.0,3600.0,3600.0,3600.0,3600.0,3600.0,3600.0,3600.0,3600.0,3600.0,3600.0
b77579ce8da283ed81b67ad5ccd821ee,uaq-nr-nr170-nc56-n3-k2-rpp4-ppr2-plb50.wcnf.xz,4.5,1.44,38.55,20.75,0.96,4.48,1.86,25.89,3.19,1.47,52.35
3ef3998029aff1e1ee4bff17656dfd36,AES1-70-23.wcnf.xz,18.32,115.29,140.92,69.46,101.59,27.73,16.0,3600.0,8.11,8.14,269.67
6dde9184b3dc8b1c9250b11bd2a90fbc,extension-enforcement_strict_com_150_0.05_3_30_0.wcnf.xz,8.6,154.02,488.68,350.46,37.24,69.49,16.05,14.28,8.23,8.21,89.84
aa2bcedddaf251a16d9a06545cdb1f2c,lam.20-100-frag12-0.wcnf.xz,898.79,2264.63,1308.01,1144.92,711.26,954.86,860.25,3600.0,1420.02,1437.71,1607.15
498b6bac6cf54440ca62774b39ff3c78,SAT04__industrial__velev__pipe-sat-1-1__12pipe_bug4_q0.used-as.sat04-723.cnf.wcnf.8.wcnf.xz,197.85,588.41,14.5,5.5,91.02,369.08,300.25,29.07,98.42,98.79,707.05
49b6c7320f75b0e3ecfcc7969d987a9e,titanic.wcnf.xz,0.0,0.01,0.01,0.0,0.0,0.0,0.0,0.0,0.0,0.0,0.0
02b954e56938c609faed7744eb907854,GreeceWesternGreeceUniversityInstance4.xml.wcnf.xz,3600.0,3600.0,3600.0,3600.0,3600.0,3600.0,3600.0,3600.0,3600.0,3600.0,3600.0
fec609e7e647c49263f53d3a7bf69e18,uaq-rpp-nr100-nc33-n3-k2-rpp29-ppr2-plb20.wcnf.xz,104.28,193.59,56.96,20.49,82.09,104.86,17.31,3600.0,110.66,22.88,30.11
ea98121364b9f5c122c8af5a41d03e82,b22_C-mbd14-0308.wcnf.xz,613.78,393.28,0.99,0.91,3.11,621.9,3.3,18.95,608.97,1.41,10.55
16a85b4b74225dcf184936297cdc9810,unw.RSN_Security_Min_Witness-Direct-FlexScan-D7.wcnf.xz,2.8,5.31,6.63,6.4,1.66,2.85,13.2,428.23,3.33,2.81,16.41
85a34a8c0d79294761531ea25a9c4457,ms_200_20_24-1.wcnf.xz,354.9,305.6,3600.0,3600.0,343.04,233.06,235.31,3600.0,118.85,119.08,409.3
012afb3a2a741d212cdfe35609cc25d2,GenHyperTW_uf20-050.wcnf.xz,3600.0,3600.0,3600.0,3600.0,3600.0,3600.0,3600.0,3600.0,3600.0,3600.0,3600.0
f85effff61d92ff1ef2a92e26d9b93e8,navigation_5x5_9.wcnf.xz,1150.01,1642.42,2547.56,1510.42,2139.2,800.6,3504.68,3600.0,1694.26,1671.05,794.19
624f55f5f9cbf32c60d6a0ca2ecb3a82,mul.role_domino_multiple_0.0_4.wcnf.xz,60.24,359.29,2.29,1.69,658.01,82.81,67.72,111.63,48.91,48.99,249.53
9a6313c1fc011ce9edcc50cf139c626e,max.uaq-max-nr-nr160-np400-rpp5-nc50-n8-t3-plb10-n7.wcnf.xz,3600.0,3600.0,3600.0,3600.0,3600.0,3600.0,3600.0,3600.0,3600.0,3600.0,3600.0
9381ff0e1f4894a429c7f2a91aeb8a3c,gen_cvc-mult4_4_991.wcnf.xz,26.9,10.7,3600.0,3600.0,49.58,26.99,3600.0,3600.0,19.39,3600.0,13.02
03a7a9705731681707c028c9234394de,mes.atcoss_mesat_04.wcnf.xz,3600.0,3600.0,3600.0,3600.0,3600.0,3600.0,3600.0,3600.0,3600.0,3600.0,3600.0
4f19d37e5e6d40b6561c2ca8dcd36b84,SAT11__application__jarvisalo__AAAI2010-SATPlanning__aaai10-planning-ipc5-pipesworld-12-step16.cnf.wcnf.2.wcnf.xz,2.59,5.17,85.04,41.2,3.38,2.56,12.83,5.98,2.5,2.55,11.53
ad8d7cb84c96af219bb60f099422b178,bre-res-str.formula_0.8_2021_atleast_127_max-6_reduced_incomplete_tree.wcnf.xz,3600.0,3600.0,3600.0,3600.0,3600.0,3600.0,3600.0,3600.0,3600.0,3600.0,3600.0
388fc908639b81059f300af1e32ac328,fpu5-problem.dimacs_20.filtered.wcnf.xz,9.47,149.19,13.19,6.18,26.82,9.98,44.51,2062.34,8.37,8.4,56.96
0c2c1e71d218a7dc9f2e149897db9329,iris.wcnf.xz,30.35,3.42,1717.94,735.42,1.23,30.35,1.62,129.72,21.16,2.17,1.29
d4256b3e269c056d5b468b2bd2bca056,ran.max_cut_60_600_9.asc.wcnf.xz,583.68,1681.97,3600.0,3600.0,3600.0,584.83,3600.0,3600.0,594.51,3600.0,3600.0
6ae5054c64d4bf5ccf69b6ded9a0e74a,msp.normalized-par16-3-c.wcnf.xz,88.56,0.57,3.3,2.28,0.49,89.75,0.95,2.01,88.49,0.72,0.0
325555fdf37d5bfa6e04a42516d58c7b,c7552-bug-gate-0.dimacs.seq.filtered.wcnf.xz,8.53,2.67,0.0,0.0,0.72,8.45,0.63,2.95,1.29,0.25,0.0
f4d3ad149ed6613efe8f44ce1c2ccdda,sol.g5_n67e69_n67e69_n82e119_n92e101_n92e101.wcnf.xz,300.78,307.88,292.43,453.03,110.24,237.17,317.89,22.8,165.56,165.99,581.73
53d1db63db522cbb89eebcb2f2845ae3,splitedReads_160.matrix.wcnf.xz,610.19,50.93,0.89,0.61,10.87,609.94,5.39,9.88,215.86,2.49,5.97
7ff92ea160371b255e43c2fd03cfb4f8,GenHyperTW_aim-50-1_6-yes1-3.wcnf.xz,3600.0,3600.0,3600.0,3600.0,3600.0,3600.0,3600.0,3600.0,3600.0,3600.0,3600.0
ea0dc2c48877da7e22f2fe16d6afe142,sandiaprotein.g.wcnf.t.wcnf.xz,60.71,207.07,164.79,209.63,243.13,63.54,50.97,3600.0,67.27,66.94,549.38
36cc3e4bf94aa98746275efe92412f89,sol.g2_n74e91_n76e86.wcnf.xz,611.57,270.54,28.54,19.82,7.01,612.16,11.84,709.61,1639.86,11.14,882.11
788856c997ee3bd0f0331323b16d0747,Q6_YESNO_1.wcnf.xz,3600.0,3600.0,3600.0,3600.0,1179.49,3600.0,3600.0,3600.0,3600.0,3600.0,1189.43
8f971f3ad4ecd4ac8eb180d3cf6afb27,lam.20-100-frag12-56.wcnf.xz,3600.0,3600.0,3600.0,3600.0,3600.0,3600.0,3600.0,3600.0,3600.0,3600.0,1897.29
684479f2e5c5a721acd41167544df706,TWComp_queen5_5_N25.wcnf.xz,3600.0,3600.0,3600.0,3600.0,1310.59,3600.0,3600.0,3600.0,3600.0,3600.0,2664.72
0a185d5aac19358c71bb58b1dfb4e18a,rsdecoder2.dimacs.filtered.wcnf.xz,3600.0,257.46,49.68,10.74,72.68,3600.0,385.59,3600.0,23.46,23.31,126.1
71f89feb9c68c8b0285f5d2fef8f0844,causal_n6_i10_N500_uai14_constant_int.wcnf.xz,607.43,19.48,22.28,3.11,7.02,607.6,3.36,390.96,808.76,0.86,7.08
89f7dc8a3180427955297ee486c1c9a3,unw.SingleDay_3.wcnf.xz,3600.0,3600.0,3600.0,3600.0,3600.0,3600.0,3600.0,3600.0,3600.0,3600.0,3600.0
6f879024c5e1685d51ccea5368c7744c,GenHyperTW_hole6.wcnf.xz,3600.0,3600.0,3600.0,3600.0,3600.0,3600.0,3600.0,3600.0,3600.0,3600.0,3600.0
f02cdf5990e6dfb0a8706b0a025aa5e8,uaq-nr-nr180-nc60-n3-k2-rpp4-ppr2-plb50.wcnf.xz,7.78,2.65,304.56,385.77,5.48,7.8,13.93,564.4,4.24,3.18,52.45
c11072a5d2c67cb65c5c3abade10277f,DBLP.wcnf.xz,3600.0,3600.0,3600.0,3600.0,3600.0,3600.0,3600.0,3600.0,3600.0,3600.0,3600.0
4092de79ed9a4fa4cca624ebf98f3011,b21_C-mbd14-0250.wcnf.xz,607.95,594.53,9.6,2.39,6.16,612.3,8.07,21.11,809.6,1.55,389.28
cb13b2a4128a5f02c0e59b68946a0957,frb30-15-5.partial.wcnf.xz,410.92,0.0,10.24,0.92,0.0,413.67,0.62,3600.0,303.18,0.0,0.0
c1cfe56418eaedc5390bc7c2448df6ac,AES1-72-26.wcnf.xz,9.74,84.88,35.73,22.72,111.58,10.34,20.52,590.13,15.19,15.4,47.57
68969cdf6d9655584a988747570a0aeb,drmx-am32-outof-70-etot.wcnf.xz,620.61,215.01,7.0,3.29,6.4,623.48,5.11,3600.0,831.52,24.1,30.67
8e18731bcc79433c90f9c968f16e469a,lam.20-100-p100-72.wcnf.xz,3600.0,3600.0,3600.0,3600.0,3600.0,3600.0,3600.0,3600.0,3600.0,3600.0,3600.0
1a5ed91221333315816f3f8af4626739,extension-enforcement_strict_com_200_0.05_0_40_1.wcnf.xz,15.64,110.35,3600.0,3600.0,29.99,52.42,37.18,39.05,13.24,13.21,69.33
b9b425ba437872d6506a5709bb18f19b,ms_200_36_20-1.wcnf.xz,28.96,25.83,3.24,3.08,25.69,19.02,60.78,3600.0,18.8,18.98,21.38
b68746b57e943d9ba37cc7982a7b5ace,causal_n5_i9_N10000_uai13_harddeps_int.wcnf.xz,6.8,18.39,127.46,15.43,14.27,6.32,16.0,186.0,6.67,6.68,11.52
8adf023b015c02a861dfcbfbfafda49c,tic.formula_0.8_2021_atleast_15_max-3_reduced_incomplete_tree.wcnf.xz,3600.0,3600.0,3600.0,3600.0,3600.0,3600.0,3600.0,3600.0,3600.0,3600.0,3600.0
d72ac0841eed0d2f9965a4f1607c7f90,SAT11__application__manthey__traffic__traffic_r_sat.cnf.wcnf.4.wcnf.xz,135.13,354.75,28.43,16.04,1187.48,273.24,406.33,168.52,50.75,50.79,1773.36
7cf87051592576398994685002601c62,max.uaq-max-nc-nr10-np400-rpp5-nc10-n8-t3-plb10-n0.wcnf.xz,0.0,0.0,0.0,0.0,0.0,0.0,0.0,0.0,0.55,0.0,0.0
5712f17c517907a258d4674c2c08041c,max.uaq-max-np-nr200-np700-rpp5-nc50-n8-t3-plb10-n5.wcnf.xz,3600.0,3600.0,3600.0,3600.0,3600.0,3600.0,3600.0,3600.0,3600.0,3600.0,3600.0
c185922720fe37dbc2de12bf1271d571,causal_n7_i10_N1000_uai14_constant_int.wcnf.xz,6.98,108.4,48.51,11.23,70.01,14.46,23.55,3600.0,814.8,6.26,95.31
f2a5eeb0b9a9c3bdd082d04a3c6fe4ec,ran.max_clq_150-16-7599-3.clq.wcnf.xz,224.61,37.99,109.8,36.61,9.76,224.73,9.17,3600.0,143.78,17.53,14.41
45c5e7defbea85b29d4a8e7f732ffbf8,SAT02__industrial__goldberg__fpga_routing__vda_gr_rcs_w9.shuffled.cnf.wcnf.2.wcnf.xz,2.2,81.22,18.9,4.56,19.76,47.53,22.98,3.67,30.54,2.3,73.93
b46985c32b7ce336ae4da2acc33c32c8,dim.brock400_4.clq.wcnf.xz,3600.0,1550.8,3600.0,3600.0,3600.0,3600.0,3600.0,3600.0,3600.0,3600.0,3600.0
f55c98c503151e97e2b561d9341a77e1,sol.g2_n43e42_n90e107.wcnf.xz,3251.6,1540.75,1978.23,1575.47,727.05,3480.34,2079.82,23.19,3600.0,2990.94,1244.75
587348b8c625bf2557bea0b69d6d316d,GenHyperTW_b06.wcnf.xz,114.71,88.56,248.21,241.46,774.3,86.53,189.97,872.09,115.06,115.75,193.74
b31ebc6d0e5bcad01c2097bef9ec5411,b22_C-mbd14-0225.wcnf.xz,609.05,576.34,1.23,1.03,5.61,619.16,4.99,29.88,810.16,1.77,270.71
980e522079d70508f78b82832fdaf940,extension-enforcement_non-strict_stb_200_0.05_3_10_4.wcnf.xz,3600.0,3600.0,3600.0,3600.0,3600.0,371.35,3600.0,3600.0,716.09,208.26,463.16
45200b5088a47394583ce38c0ab50709,unw.RSN_Security_Min_Witness-Direct-MBIST_100cores_100controllers_5memories_na-DD.wcnf.xz,499.57,333.65,96.32,74.03,348.99,490.57,1240.01,3600.0,491.43,488.79,459.81
a303bac398b1e8104d4a4231fbb932ec,s38584_nan_explicit_39_0.wcnf.xz,64.01,430.81,1195.11,52.86,138.83,92.82,103.81,984.32,56.71,55.96,3600.0
8f1dc73aebdd3f7b2b055ced50890bbb,sol.g2_n26e25_n34e40.wcnf.xz,239.62,1.76,0.0,0.0,0.0,236.07,0.0,0.0,58.28,0.0,0.0
3eb9a4c8f5d79c6655e29c0b0f95ff95,gen_cvc-mult4_4_9999.wcnf.xz,47.78,7.28,3600.0,3600.0,85.21,47.82,3600.0,3600.0,23.85,3600.0,5.8
45d37462b58ad058a2a92343832931b0,gen_mult_4_6_991.wcnf.xz,3600.0,3600.0,3600.0,3600.0,3600.0,3600.0,3600.0,3600.0,3600.0,3600.0,3600.0
38b428e3b079cd23105033003155315f,AES2-40-50.wcnf.xz,1.47,6.41,36.28,23.64,0.76,1.66,6.01,2.53,1.48,1.51,6.18
122ed87a549738ce1101520617206e6c,cnf.13.p.7.wcnf.xz,7.76,2503.71,51.14,68.75,84.04,11.51,71.08,159.85,23.89,23.97,642.55
87284b7f9201624d9b0087bc5b00d27a,ms_200_20_24-2.wcnf.xz,410.51,910.9,3600.0,3600.0,436.18,426.95,264.27,3600.0,153.22,153.39,786.63
5a2f5600b014bd27bf6e5251d4223be4,kbtree9_7_3_5_90_3.wcsp.wcnf.xz,15.74,3.31,3600.0,2707.41,106.59,15.84,378.67,3600.0,13.83,95.01,11.62
d1a8db715985006bb69bfd3582a63773,kbtree9_7_3_5_90_4.wcsp.wcnf.xz,23.64,19.33,3600.0,3600.0,404.07,23.83,3600.0,3600.0,20.55,2606.95,12.41
2b57f051bd1d14cd271f0a7caf73999c,c5_DD_s3_f1_e1_v2-bug-gate-0.dimacs.seq.filtered.wcnf.xz,10.72,205.91,2.73,2.13,41.99,6.47,23.58,422.22,3.58,3.56,8.83
d944dd68ead88440182f57b34df1664d,kbtree9_7_3_5_80_2.wcsp.wcnf.xz,53.99,37.03,3600.0,3600.0,3600.0,54.16,3600.0,3600.0,58.62,3600.0,55.9
a065bc49f509d68d15587bb799f1b531,ran-scp.scpnrf5_maxsat.wcnf.xz,3600.0,3600.0,3600.0,3600.0,3600.0,3600.0,3600.0,3600.0,3600.0,3600.0,3600.0
f131a06c5c12fbe74a7ee3826e1d07a9,frb10-6-5.wcnf.xz,0.0,0.0,0.0,0.0,0.0,0.0,0.0,0.0,0.0,0.0,0.0
ab0ac77e4fba6d044858c82620859009,min.uaq-min-rpp-nr200-np400-rpp2-nc0-rs0-t0-plb4-n3.wcnf.xz,0.0,0.0,0.0,0.0,0.02,0.0,0.0,0.0,0.0,0.0,0.0
35bb5a0b8772f57d63f309797be92395,drmx-am12-outof-40-emtot.wcnf.xz,21.89,9.54,2.16,0.72,0.97,21.92,0.81,33.93,61.36,3.12,0.0
142bdf8e45fb46be60312d0484c7bc45,unw.RSN_Security_Min_Witness-Direct-MBIST_100cores_100controllers_5memories_na-DC.wcnf.xz,508.42,355.7,153.43,120.68,409.85,502.43,1212.72,3600.0,498.86,500.87,533.17
1b1fab6dac83787cf92d370a3f616ef3,MinFill_R3_david.wcnf.xz,3600.0,69.67,3600.0,3600.0,134.85,3600.0,1548.7,3600.0,3600.0,3600.0,69.19
71fbee14288909ebe90249f5c7baadf4,sug.atcoss_sugar_12.wcnf.xz,22.75,57.02,152.3,59.13,48.72,24.41,51.67,395.14,24.14,24.67,33.44
781dd62ba4bda16e2244dde6f0f2fffb,drmx-am20-outof-50-eseqc.wcnf.xz,639.16,56.04,5.72,1.76,3.63,606.7,1.45,3178.35,829.86,21.68,2.76
70fc5bb7a7c21bfe5534e47d659202e2,frb25-13-2.partial.wcnf.xz,177.58,99.93,2.75,0.0,0.0,176.48,0.51,2233.54,85.59,0.0,0.0
ca0dc278414d83b0263438aad437c973,wcn.ionosphere_train_8_CNF_4_1.wcnf.xz,3600.0,3600.0,3600.0,3600.0,3600.0,3600.0,3600.0,3600.0,3600.0,3600.0,3600.0
431af18ae9089d9d7455f258d9714267,ms_200_20_12-1.wcnf.xz,703.56,3600.0,3600.0,3600.0,1075.07,667.19,1045.68,3600.0,662.43,664.26,887.08
e56bef85edb8f10cd0332438651b9a61,uaq-nr-nr110-nc36-n3-k2-rpp4-ppr2-plb50.wcnf.xz,6.34,2.33,11.23,3.43,3.87,6.35,1.84,236.91,4.89,1.16,5.07
59fd889dce5506a3560c2ee20155f331,ran-scp.scpnrh1_maxsat.wcnf.xz,3600.0,3600.0,3600.0,3600.0,3600.0,3600.0,3600.0,3600.0,3600.0,3600.0,3600.0
4d23b119cf79579c97fed9a60016dbd5,AES1-30-5.wcnf.xz,1.45,12.38,34.14,22.64,0.69,1.44,7.54,2.47,1.37,1.46,10.76
a27b02f4c6721abec997fc85b1e0ebde,s38417_nan_explicit_13_0.wcnf.xz,0.1,0.67,0.97,0.93,0.57,0.11,3.65,1.38,0.79,0.11,0.62
eb7624cb96f3bd41b5557ebd3fe6222d,uaq-nr-nr360-nc120-n3-k2-rpp4-ppr2-plb50.wcnf.xz,0.0,0.0,0.0,0.0,0.0,0.0,0.0,0.0,0.2,0.0,0.0
a346c766dd23d3b0b178843106f9fb75,rev44-10.wcnf.xz,143.61,8.78,1.97,0.6,2.39,143.62,1.42,3.53,83.96,0.85,0.91
6a83fc54252f5ec2d080e36d59dda66f,kbtree9_7_3_5_20_5.wcsp.wcnf.xz,12.5,1.33,0.0,0.0,0.0,12.47,0.0,0.35,26.62,0.0,1.69
f502187aa176cd2c1d204d9200fe3b5c,unw.RSN_Security_Min_Witness-Direct-MBIST_5cores_100controllers_100memories_na-D1.wcnf.xz,74.79,81.14,43.77,36.93,145.64,70.12,265.75,3600.0,65.85,65.5,301.03
0317701fb3d79c8722d65fda2cf68b99,glass.wcnf.xz,113.59,18.66,252.43,209.5,26.36,7.96,83.8,733.35,2.9,13.23,8.6
ccc0a4b7b19431f19e6633797813fc04,vio.role_university_violations_0.0_0.wcnf.xz,6.4,12.96,2.91,2.22,5.09,6.44,31.29,107.22,6.53,6.55,33.12
48847b2921d1ebcb6e82ed3aa56b22c9,causal_n6_i2_N1000_uai13_constant_int.wcnf.xz,108.86,438.81,1320.42,172.32,1037.86,154.78,217.04,3600.0,110.74,110.58,253.02
3ff4ab695a40bdaa9dd8c5bec9b2a274,s15850-bug-onevec-gate-0.dimacs.seq.filtered.wcnf.xz,10.85,3.43,0.02,0.01,1.3,11.38,2.88,60.55,1.15,0.01,1.35
5e098fb597b2da8d7e29edd163e9ec82,unw.RSN_Security_Min_Witness-Direct-MBIST_100cores_100controllers_5memories_na-D2.wcnf.xz,511.02,363.43,169.04,125.87,402.28,504.35,1108.8,3600.0,500.75,498.88,520.14
46ad7203939c4b674403814a09f0a959,wb_4m8s-problem.dimacs_47.filtered.wcnf.xz,3600.0,3600.0,3600.0,3600.0,3600.0,3600.0,3600.0,3600.0,3600.0,3600.0,3600.0
a3b1a9891bb5a8a138009bc80c20cc10,GenHyperTW_flat30-99.wcnf.xz,3600.0,3600.0,3600.0,3600.0,3600.0,3600.0,3600.0,3600.0,3600.0,3600.0,3600.0
31d27fb2980c5ca672fd18796b821246,uaq-nr-nr260-nc86-n3-k2-rpp4-ppr2-plb50.wcnf.xz,6.64,51.58,3600.0,3600.0,29.9,6.63,9.9,3600.0,3.89,1.01,35.66
404aaf65b238773b8ffe286514b6d735,sug.atcoss_sugar_18.wcnf.xz,3600.0,3600.0,3600.0,3600.0,3600.0,3600.0,3600.0,3600.0,3600.0,3600.0,3600.0
e5e3279c2343263688a6860559b2ed1b,cra-scp.scpcyc10_maxsat.wcnf.xz,3600.0,3600.0,3600.0,3600.0,3600.0,3600.0,3600.0,3600.0,3600.0,3600.0,3600.0
79168d80df1559dbd97d87ef6f342499,extension-enforcement_non-strict_stb_200_0.1_2_10_1.wcnf.xz,3600.0,3600.0,3600.0,3600.0,3600.0,3600.0,3600.0,3600.0,700.46,1027.89,993.64
b9e3d03b12df621e9943b5776706f943,lam.20-100-p100-97.wcnf.xz,3600.0,2021.41,3600.0,3600.0,3600.0,3600.0,3600.0,3600.0,3600.0,3600.0,3600.0
6dcf081a8a07caeede94f87f51f71ace,ram_k3_n19.ra0.wcnf.xz,3600.0,3600.0,3600.0,3600.0,3600.0,3600.0,3600.0,3600.0,3600.0,3600.0,3600.0
92cc907b5f6920a31dcc89cbb73f34b8,rev66-20.wcnf.xz,3600.0,3600.0,3600.0,3600.0,3600.0,3600.0,3600.0,3600.0,3600.0,3600.0,3600.0
ab540461f1defaa467ee62596045d922,threshold128_8.wcnf.xz,904.39,275.26,719.62,65.87,977.18,925.84,2089.29,442.24,1101.22,295.03,119.38
879db006eb08452828726abd2d5e1ee9,drmx-am32-outof-70-esortn.wcnf.xz,791.65,161.09,7.09,9.91,27.1,760.97,110.96,3600.0,962.74,157.24,0.85
a9a676caf6eb8f8a4bc23e0a251c3485,p1.wcnf.t.wcnf.xz,145.52,563.06,674.54,374.82,1127.38,138.88,188.29,3600.0,162.26,162.84,1103.94
9fd8bc8a7705030ce419b989c1b9a00f,mul.role_smallcomp_multiple_0.0_2.wcnf.xz,2.3,211.18,0.0,0.0,0.0,2.29,0.0,0.65,2.96,0.0,43.93
4d1e07ae297d5d59d64349f0fdd6ba95,GenHyperTW_aim-50-1_6-no-3.wcnf.xz,3600.0,3600.0,3600.0,3600.0,3600.0,3600.0,3600.0,3600.0,3600.0,3600.0,3600.0
6001ddb51f1206f53649e5b76545645c,geffe128_9.wcnf.xz,629.68,15.29,53.64,34.99,89.47,630.59,29.61,63.95,831.16,24.37,22.37
9d28794b1f6c8debd97e28744c3c8afe,ran-scp.scp65_maxsat.wcnf.xz,3600.0,3600.0,3600.0,3600.0,3600.0,3600.0,3600.0,3600.0,3600.0,3600.0,3600.0
7504cad224603c4b31bcdf4f9583f77c,wcn.transfusion_train_7_CNF_2_1.wcnf.xz,99.44,0.0,0.0,0.0,0.0,99.17,0.38,0.84,23.68,0.0,0.13
0952ff83f47e8029ab6bf56679f855de,sol.g2_n60e83_n77e84.wcnf.xz,630.59,5.59,49.95,102.3,15.69,629.1,21.24,10.62,848.01,41.62,294.13
f49b6906f839b7437db46bb4b0c6058a,vio.role_domino_violations_0.0_3.wcnf.xz,3.55,4.98,0.95,0.92,24.15,3.54,14.54,42.02,3.53,3.57,13.05
0c4122e04221baafe839e46864b7cf9f,sug.atcoss_sugar_15.wcnf.xz,3600.0,3600.0,3600.0,3600.0,3600.0,3600.0,3600.0,3600.0,3600.0,3600.0,3600.0
dbd8aceba18c9b9408816873fce26502,causal_n7_i5_N10000_uai14_constant_int.wcnf.xz,7.57,221.0,80.94,19.02,56.33,17.57,23.47,3600.0,815.36,5.94,156.53
38b1e8cfe68218cdc4821ac32fe603cc,extension-enforcement_non-strict_stb_150_0.1_2_8_2.wcnf.xz,342.01,2730.53,3600.0,2773.19,3600.0,339.09,3600.0,3600.0,616.49,695.66,837.12
e464c29b182df2b4c2673650d20d83e7,1knt_.1bpi_.g.wcnf.t.wcnf.xz,87.37,261.83,422.76,359.2,774.12,95.71,68.99,3600.0,109.57,109.6,1001.28
779197085c5705f724f9c4a79de75cc4,sug.atcoss_sugar_05.wcnf.xz,3600.0,3600.0,3600.0,3600.0,3600.0,3600.0,3600.0,3600.0,3600.0,3600.0,3600.0
9aed0c376cc62eb2b7847a6bfbee7afe,bip.maxcut-140-630-0.8-24.wcnf.xz,3600.0,3600.0,3600.0,3600.0,3600.0,3600.0,3600.0,3600.0,3600.0,3600.0,3600.0
04dd14e0aca9f574fd1ca91f9453c82f,mtg.apex2_Fv1@1.wcnf.xz,0.82,0.0,0.0,0.0,0.0,0.83,0.0,0.0,0.53,0.0,0.0
378a99d536ddfb52b1afe1e01c7fc288,TWComp_barley2_N48.wcnf.xz,3.5,5.46,81.16,72.03,3.71,3.52,4.85,11.7,3.5,3.47,5.15
1917b1f8c00d6dd4e3ebaa9f278bad5a,lym.formula_0.8_2021_atleast_31_max-4_reduced_incomplete_tree.wcnf.xz,3600.0,3600.0,3600.0,3600.0,3600.0,3600.0,3600.0,3600.0,3600.0,3600.0,3600.0
87addd650617278b6acc426d9b0c0113,dp43.wcnf.xz,16.45,140.51,33.64,5.74,62.62,20.88,44.68,66.25,16.0,16.08,125.04
146378f061c94dbf522cadfb4aa2dc32,1bpi_.2knt_.g.wcnf.t.wcnf.xz,97.15,480.35,212.96,654.48,984.07,136.86,114.36,3600.0,108.95,109.82,1109.05
b8dc445ca3d09a6eb8f2d3e730b1afc3,lam.20-500-55.wcnf.xz,3.82,118.85,5.94,1.37,11.8,4.01,7.25,32.72,817.92,3.3,74.4
085e49bf7ac96550e70934b596d366e2,ms_150_10_40-0.wcnf.xz,3600.0,3600.0,3600.0,3600.0,3221.55,3600.0,3600.0,3600.0,3600.0,3600.0,3600.0
3f1d1ef4188ca09806e5a59eb0cb617c,ran.max_cut_60_500_6.asc.wcnf.xz,300.67,3600.0,3600.0,3600.0,3600.0,262.91,3600.0,3600.0,226.74,3600.0,3600.0
df11b5a4e85840c22f186c308a24a3e6,MinFill_R0_queen6_6.wcnf.xz,3600.0,3600.0,3600.0,3600.0,3600.0,3600.0,3600.0,3600.0,3600.0,3600.0,3600.0
fdf9df2ae5282680a62e50c24069bcd3,min.uaq-min-plb-nr10-np400-rpp5-nc0-rs0-t0-plb40-n0.wcnf.xz,0.0,0.0,9.98,8.64,0.0,0.25,0.0,0.0,0.0,0.0,0.0
dcb796c28fe78491789f3a3b6476c5e9,drmx-am28-outof-60-ecardn.wcnf.xz,650.05,187.82,79.0,30.97,38.97,1248.29,125.73,3600.0,833.97,26.29,0.0
a5ca62b61a0f1255764b0e99e9b1a503,colic.wcnf.xz,3600.0,3600.0,3600.0,3600.0,3600.0,3600.0,3600.0,3600.0,3600.0,3600.0,3600.0
6a6767e86bda3769c0ffb9e187d4042e,GenHyperTW_s27.wcnf.xz,513.99,0.0,0.0,0.0,0.0,510.08,0.0,0.0,223.27,0.04,0.0
78d6db9042652293074103439fbbae01,wcn.compas_test_3_DNF_5_1.wcnf.xz,0.0,0.0,0.0,0.0,0.0,0.0,0.0,0.0,0.0,0.0,0.0
6edf8b89418ce6756128dbbde03d49eb,lam.20-100-lambda100-59.wcnf.xz,3600.0,3600.0,3600.0,3600.0,3600.0,3600.0,3600.0,3600.0,3600.0,3600.0,3600.0
51a56b1c8107453da4a79a4644c5b050,rev66-14.wcnf.xz,3600.0,3600.0,3600.0,3600.0,3600.0,3600.0,3600.0,3600.0,3600.0,3600.0,3600.0
6f4b933cf5328b29fa280d23109b29ca,wcn.toms_test_4_CNF_3_1.wcnf.xz,3600.0,3600.0,3600.0,3600.0,3600.0,3600.0,3600.0,3600.0,3600.0,3600.0,3600.0
9450282167ec21ff022234ac69192b47,cnf.18.p.7.wcnf.xz,30.98,3600.0,90.6,101.81,144.81,71.49,158.62,3600.0,42.78,42.37,2386.23
3ddcd09240eea8032792ad0415d8cfd9,wolfram72_5.wcnf.xz,618.57,9.92,39.17,29.03,49.42,619.46,228.84,146.31,961.88,11.84,37.44
931a9bae826890091144f2cd5ff39652,GenHyperTW_s208.wcnf.xz,3600.0,3600.0,3600.0,3600.0,3600.0,3600.0,3600.0,3600.0,3600.0,3600.0,3600.0
dc56293fd0be5b106ca7b215b0ec8c39,extension-enforcement_non-strict_stb_200_0.1_4_10_2.wcnf.xz,728.72,3534.72,3600.0,3600.0,3600.0,3126.98,3600.0,3600.0,265.79,990.9,2605.16
1c06abe4aa0a6c1316cd332445aefb78,extension-enforcement_non-strict_stb_200_0.05_4_10_4.wcnf.xz,3600.0,3600.0,3600.0,3600.0,3600.0,1725.22,3600.0,3600.0,3600.0,3600.0,466.0
9a5d2f6d903b0fca81bcdab59c555de2,vio.role_domino_violations_0.0_9.wcnf.xz,4.1,5.05,0.97,0.83,24.21,3.57,14.58,41.92,3.57,3.6,13.04
95a60748835ad98c14c8beec69a05031,MinFill_R0_myciel7.wcnf.xz,3600.0,3600.0,3600.0,3600.0,3600.0,3600.0,3600.0,3600.0,3600.0,3600.0,3600.0
bdf037397846375af42ad9d33f1b2e4e,drmx-am16-outof-45-etot.wcnf.xz,64.16,21.36,0.57,0.0,2.96,64.12,1.63,24.04,413.68,1.36,1.25
86126f7a157833c7649b4b056f367128,ran-scp.scp58_maxsat.wcnf.xz,3600.0,3600.0,3600.0,3600.0,3600.0,3600.0,3600.0,3600.0,3600.0,3600.0,3600.0
419c7606dc317077e603eac1f1ef364e,bip.maxcut-140-630-0.7-42.wcnf.xz,3600.0,3600.0,3600.0,3600.0,3600.0,3600.0,3600.0,3600.0,3600.0,3600.0,3600.0
50e756f176885ec294c658ca626e4767,normalized-e64.b.opb.msat.wcnf.xz,8.72,0.85,1.23,0.0,0.6,8.59,0.59,5.34,6.81,0.55,0.57
7c9bf5669164f4536778846222835fdf,rev66-16.wcnf.xz,3600.0,3600.0,3600.0,3600.0,3600.0,3600.0,3600.0,3600.0,3600.0,3600.0,3600.0
a014d23eeb1330665c820798e38708f8,str.p_hat700-3.clq.wcnf.xz,3600.0,3600.0,3600.0,3600.0,3600.0,3600.0,3600.0,3600.0,3600.0,3600.0,3600.0
3abb019c3249fb051b9c1ad8fed6fe49,divider-problem.dimacs_3.filtered.wcnf.xz,8.61,290.98,12.61,5.46,12.48,6.07,33.68,3600.0,5.47,5.46,52.69
3aea402beeaf8582a2d5477be1aebf04,unw.RSN_Security_Min_Witness-Direct-MBIST_100cores_100controllers_5memories_na-D3.wcnf.xz,501.34,333.19,96.71,75.61,348.83,490.69,1234.76,3600.0,488.42,492.06,490.43
0f7721fdb9e65fde97b69a9107083343,sol.g5_n39e38_n43e43_n61e61_n67e68_n82e119.wcnf.xz,75.39,27.05,1272.34,1244.62,10.87,17.32,9.07,19.68,10.89,10.92,23.09
996dd60ca1d411134c4a8d85a8da601f,hip-sim.simp-test_chr21_CEU_75.wcnf.xz,30.95,0.0,0.0,0.0,0.02,30.8,0.0,0.0,4.7,0.0,0.05
25896f0bc55a7755be83c1a16421c2b6,wcn.parkinsons_train_7_CNF_2_1.wcnf.xz,48.42,12.46,1.77,0.95,1.95,48.08,0.52,10.18,31.36,0.0,14.14
3dd688ab40bb0ebfbd1f211259479d38,unw.RSN_Security_Min_Witness-Direct-MBIST_5cores_100controllers_100memories_na-DE.wcnf.xz,75.27,80.98,43.93,37.99,145.11,70.11,266.5,3600.0,65.48,65.19,301.9
4df98e8f30d640305912d72c42cefc7b,min.uaq-min-rpp-nr200-np400-rpp3-nc0-rs0-t0-plb4-n4.wcnf.xz,0.0,0.0,0.0,0.0,0.04,0.0,0.0,0.39,0.0,0.0,0.0
6501e163f07838c421c66210969c42d4,gen_mult_5_5_399.wcnf.xz,3600.0,3600.0,3600.0,3600.0,3600.0,3600.0,3600.0,3600.0,3600.0,3600.0,3600.0
7f9998316c3af863fab5d87314b0b210,msp.normalized-aim-200-6_0-yes1-4.wcnf.xz,0.91,0.0,0.0,0.0,0.0,0.92,0.0,0.0,0.73,0.0,0.0
973469060754bb61d9e79cdeb5319a7a,unw.RSN_Security_Min_Witness-Direct-MBIST_100cores_100controllers_5memories_na-D6.wcnf.xz,495.65,331.1,97.23,74.19,348.51,489.36,1238.41,3600.0,489.98,488.91,517.49
633049969271e6bd5c68f1be6d0b482a,kbtree9_7_3_5_50_3.wcsp.wcnf.xz,155.53,595.49,3600.0,3600.0,3600.0,155.92,3600.0,3600.0,161.09,3600.0,220.42
7a672a3c36e3ec340122f2fb8181cdc8,AES1-30-2.wcnf.xz,1.45,2.4,31.14,23.69,0.67,1.44,5.29,2.69,1.45,1.48,2.05
889a7c62c4e12504e76ca89d45bab574,wolfram72_1.wcnf.xz,621.5,8.53,36.24,26.66,25.8,621.14,224.41,130.6,940.17,13.49,14.98
7f9061f2774d65409285585405874a4b,causal_n6_i2_N10000_uai14_harddeps_int.wcnf.xz,609.16,17.38,40.27,10.74,9.76,608.87,12.64,189.57,811.47,3.52,6.37
e79aacc219af72f9412b9e53ef967719,hip-sim.simp-ace_25.06.wcnf.xz,2.22,0.0,0.0,0.0,0.0,2.21,0.0,0.0,0.73,0.0,0.0
34b56e5d5ce41a9780b447258b53ef63,vio.role_smallcomp_violations_0.0_5.wcnf.xz,0.0,0.0,0.0,0.0,0.0,0.0,0.0,0.0,0.0,0.0,0.0
362f275a2df9925528ada56df2ac4d9b,Q45_YESNO_3.wcnf.xz,9.66,3.56,35.44,30.79,5.1,9.28,8.64,4.67,9.53,9.53,8.77
2812cd6f3135aa99194cef520bd7b581,navigation_4x4_5.wcnf.xz,100.14,109.0,479.05,156.13,270.2,78.97,259.95,1691.52,108.89,107.75,91.5
d0218e036be8b745b25d6d6f62c3a7cf,SAT11__application__rintanen__SATPlanning__blocks-blocks-36-0.180-SAT.cnf.wcnf.2.wcnf.xz,87.05,178.7,627.67,164.46,769.27,91.89,1011.05,70.05,63.49,63.36,343.9
529807e6399874a50dca01546f0684d3,unw.RSN_Security_Min_Witness-Direct-p93791-D7.wcnf.xz,6.77,0.04,0.04,0.04,0.04,6.85,1.51,3.92,0.04,0.04,0.41
55c6173815781ffbb5a668ae3d5d5ae2,AMAZON.wcnf.xz,3600.0,3600.0,3600.0,3600.0,3600.0,3600.0,3600.0,3600.0,3600.0,3600.0,3600.0
6b76e3b6068084e51855bd4a473f690b,normalized-f51m.b.opb.msat.wcnf.xz,0.81,0.0,0.0,0.0,0.98,0.82,0.56,1.32,0.52,0.0,0.0
afe3e5e1cea009c6d6053e80916b1e0e,dim.brock400_3.clq.wcnf.xz,3600.0,1095.43,3600.0,3600.0,3600.0,3600.0,3600.0,3600.0,3600.0,3600.0,3600.0
98c20c313d647ac0e66a90eff300c82f,frb40-19-5.partial.wcnf.xz,734.01,801.16,286.3,260.93,240.05,729.75,770.16,3600.0,932.56,127.17,32.44
55631971d94cd7679485c7514def0542,b14_C-mbd14-0248.wcnf.xz,607.4,584.05,20.82,8.52,10.22,608.51,12.3,13.22,586.29,1.5,3600.0
8a4f3229e32e713c200b0bd2bf1b9fe8,s38584_nan_explicit_44_0.wcnf.xz,56.94,398.89,51.79,17.04,96.66,53.01,58.26,318.72,52.58,52.81,684.1
f13cadd3162e3e520e34eb412548153b,kbtree9_7_3_5_70_6.wcsp.wcnf.xz,173.02,88.59,3600.0,3600.0,3600.0,172.88,3600.0,3600.0,195.28,3600.0,91.93
a29665d09cc7901a823ad66b34901e3c,uaq-nr-nr240-nc80-n3-k2-rpp4-ppr2-plb50.wcnf.xz,7.5,2.3,2292.88,2562.22,14.03,7.5,6.75,471.4,4.29,4.16,53.74
9a33616e2eec7e43ea67ec3664b1f733,AES1-30-1.wcnf.xz,1.45,2.53,18.57,18.49,0.78,1.38,5.38,2.67,1.43,1.48,2.1
15c0bf8f0d7ae9cb1412ee1208a1ef3a,s01423_nan_explicit_3_0.wcnf.xz,0.6,0.33,0.05,0.26,0.97,0.61,2.09,0.57,0.06,0.05,0.05
375d8e09373bbd804febdeb34580b2cc,uaq-plb-nr250-nc83-n5-k2-rpp3-ppr5-plb90.wcnf.xz,34.91,5.37,2539.21,2838.98,61.52,35.04,1032.5,3600.0,25.28,60.19,57.63
91b6c06e34f69c28df5a9636775effb5,extension-enforcement_strict_com_150_0.1_4_15_1.wcnf.xz,4.83,153.39,111.33,40.06,17.31,27.03,8.48,15.8,4.29,4.34,91.6
6f70554087e06afb21535ed030c91175,GenHyperTW_b01.wcnf.xz,3600.0,3600.0,3266.07,3600.0,3600.0,3600.0,3600.0,3600.0,3600.0,3600.0,1297.21
61c10c87f8b56faf819550a41ea93d78,ran-scp.scpnrf4_maxsat.wcnf.xz,3600.0,3600.0,3600.0,3600.0,3600.0,3600.0,3600.0,3600.0,3600.0,3600.0,3600.0
07b1c0afee0b9d576f40fbea7a120f4c,GenHyperTW_adder_15.wcnf.xz,60.82,56.99,81.22,681.07,595.79,60.48,433.16,560.58,59.32,61.73,170.88
a16f2f56ee8496fea51c9b40ca666cd4,geffe128_6.wcnf.xz,616.78,3.51,44.49,29.38,111.3,616.49,55.98,276.36,818.75,10.73,28.5
07d356b4dfe9ca991e526668f8c8f111,bip.maxcut-140-630-0.7-44.wcnf.xz,3600.0,3600.0,3600.0,3600.0,3600.0,3600.0,3600.0,3600.0,3600.0,3600.0,3600.0
80624147babee7a0e2ad7daa22b3abc0,AES1-70-21.wcnf.xz,2.27,4.19,38.07,34.41,1.35,2.25,6.33,42.45,2.27,2.3,3.93
9a223707c1e1c2751dc144cfa4755cf2,sysadmin_5_4.wcnf.xz,3600.0,3600.0,3600.0,3600.0,3600.0,3600.0,3600.0,3600.0,3600.0,3600.0,3600.0
3713c8c798df221c58980029c96d34c1,extension-enforcement_non-strict_stb_200_0.05_1_10_0.wcnf.xz,3600.0,3600.0,3600.0,3600.0,3600.0,3600.0,3600.0,3600.0,3600.0,3600.0,467.83
98ad198410e205a7e4b097a92eeae9c6,MinFill_R0_mulsol.i.4.wcnf.xz,3600.0,3600.0,3600.0,3600.0,614.38,469.52,287.87,3600.0,3600.0,3600.0,1106.43
a4f0b05693ad9fc7477de71e9a799884,navigation_3x3_6.wcnf.xz,9.52,11.81,38.5,16.46,14.14,9.04,15.44,50.79,10.35,10.25,13.14
4a3f968857fe47b20f28fa47eb5c3c3d,ms_100_20_20-0.wcnf.xz,3600.0,3600.0,3600.0,3600.0,3600.0,3600.0,3600.0,3600.0,3600.0,3600.0,3600.0
baf9cf02a19078d4bfed7e27ba4e4ceb,sysadmin_5_3.wcnf.xz,3600.0,3600.0,3600.0,3600.0,3600.0,3600.0,3600.0,3600.0,3600.0,3600.0,3600.0
42f2d073993eca428a13f6af266fc50e,sol.g5_n32e44_n33e41_n35e48_n48e62_n50e64.wcnf.xz,816.4,119.26,320.52,275.03,83.74,803.31,303.35,2.35,703.21,241.13,228.26
ca7d222ba3d6349184e5b458c7ab29c7,causal_n7_i5_N1000_uai14_constant_int.wcnf.xz,7.56,161.97,70.88,17.76,55.04,15.83,28.9,3600.0,814.52,6.76,178.71
acd097bcfc364f8c8fed99f0c469a0b3,uaq-ppr-nr200-nc66-n5-k2-rpp6-ppr7-plb100.wcnf.xz,3600.0,1121.74,3600.0,3600.0,3600.0,3600.0,3600.0,3600.0,3600.0,3600.0,1177.84
ed6fc1cca7446c950af116559cceb9f1,ms_200_40_10-0.wcnf.xz,73.51,81.94,34.85,90.91,79.48,69.22,142.85,3600.0,56.88,57.12,111.61
6c85cdfd49b8b5e2ec094fb26290dc0b,Q34_YESNO_2.wcnf.xz,28.04,23.93,2.78,2.06,3.42,27.83,17.4,8.66,27.74,27.76,11.26
a9f42d8cfb15a49b01f736321ad55fe0,SAT_RACE06__velev-pipe-sat-1.0-b9.cnf.wcnf.2.wcnf.xz,63.34,254.8,46.22,10.86,82.36,113.71,169.42,38.03,47.22,47.43,518.22
d1f3a23f4970d51757f6733ed734b363,GenHyperTW_hole9.wcnf.xz,3600.0,3600.0,3600.0,3600.0,3600.0,3600.0,3600.0,3600.0,3600.0,3600.0,3600.0
51b87e0420942af5ba76041dd20a3929,unw.SingleDay_37.wcnf.xz,3600.0,3600.0,3600.0,3600.0,3600.0,3600.0,3600.0,3600.0,3600.0,3600.0,3600.0
c7112847fec7e1d3beba3e2af1762504,Q46_YESNO_2.wcnf.xz,9.59,7.23,13.34,6.02,15.14,9.57,16.43,16.46,9.66,9.57,9.12
20f4a64f1e73d0b8d153f93553cb1a91,AES1-60-18.wcnf.xz,3600.0,11.22,46.26,36.55,54.25,4.66,8.64,3.11,1.63,1.57,10.22
1138c3481b5bea8d51cb8c29e9d9e271,cnf_small.wcnf.xz,3600.0,3600.0,3600.0,3600.0,1045.54,3600.0,3600.0,3600.0,3600.0,3600.0,3600.0
e7353bd6ab0336de79b1665b21fc499c,sol.g4_n42e55_n45e54_n55e66_n78e101.wcnf.xz,871.39,42.2,539.95,727.31,489.88,940.76,373.25,231.51,1091.01,286.04,741.73
ff3e0e38290b08f8c628a5f635729d32,drmx-am20-outof-50-emtot.wcnf.xz,104.0,128.34,0.77,0.0,8.04,104.26,7.01,466.31,809.58,1.34,1.12
50ed4a333694bda875b6109a7cf02b09,TWComp_win95pts_N76.wcnf.xz,5.02,12.58,9.62,2.04,2.46,5.01,12.84,10.35,5.03,4.97,13.16
97412592967f44dad90516e6e2419d31,AES1-50-15.wcnf.xz,1.46,2.31,33.74,26.04,0.76,1.45,5.36,2.62,1.48,1.47,2.06
89907ff0c46ffdadc3df10c70533c3bd,wolfram72_9.wcnf.xz,613.95,38.2,29.94,35.84,27.94,613.87,229.61,882.22,859.46,5.94,40.77
9c9e5c88076ea2a7bba74d6c5a85eb2d,normalized-clip.b.opb.msat.wcnf.xz,0.0,0.0,0.0,0.0,0.0,0.0,0.0,0.0,0.96,0.0,0.0
68ce2a8469952fa1b0d4d6dad4137e05,gen_add_6_991.wcnf.xz,3600.0,3600.0,3600.0,3600.0,3600.0,3600.0,3600.0,3600.0,3600.0,3600.0,179.23
8d3c38ed46747150c3c02bce8218e3b4,data.729.wcnf.xz,3600.0,3600.0,3600.0,3600.0,3600.0,3600.0,3600.0,3600.0,3600.0,3600.0,3600.0
ac19757cf191bd58c38f372e4b423137,frb30-15-1.partial.wcnf.xz,607.57,124.1,8.32,2.58,0.0,608.67,0.85,3600.0,732.79,4.86,0.94
ec201844251db6241957ab04e34eb646,pesp_5min.wcnf.xz,3600.0,3600.0,3600.0,3600.0,3600.0,3600.0,3600.0,3600.0,3600.0,3600.0,3600.0
8e1a34408598a551034c64197df6cbba,wei.MultiDay_1_weighted.wcnf.xz,3600.0,3600.0,3600.0,3600.0,3600.0,3600.0,3600.0,3600.0,3600.0,3600.0,3600.0
a4cf93b3a9a661f3cd481d592ebfdcb0,normalized-bench1.pi.opb.msat.wcnf.xz,16.67,8.68,3600.0,3600.0,3600.0,16.68,3600.0,3600.0,8.12,3600.0,1.17
c08668a4151dedcec92c1ef9cdda3643,3ebx_.6ebx_.g.wcnf.t.wcnf.xz,29.16,105.42,50.63,53.74,68.35,21.98,20.62,3600.0,23.14,23.39,45.04
160366f8931dcb5bcc7cc0a96bbabb49,c1_DD_s3_f1_e2_v1-bug-fourvec-gate-0.dimacs.seq.filtered.wcnf.xz,9.36,87.77,3.85,3.37,43.15,9.72,39.75,826.62,7.54,7.57,30.52
c5f0235e4268db14a868902b5c61a81c,hip-sim.simp-nonunif-100_50.14.wcnf.xz,5.45,0.0,0.0,0.09,0.0,5.4,0.0,0.0,2.66,0.0,0.0
795f51d123b4250430762d4df2863b13,AES2-70-64.wcnf.xz,43.04,340.35,164.36,85.16,57.26,55.08,625.36,3600.0,11.04,11.19,2148.46
2d24c72102642ec58502cdf51b94b107,wcn.tictactoe_test_9_DNF_4_1.wcnf.xz,0.0,0.0,0.0,0.0,0.01,0.0,0.0,0.0,0.0,0.0,0.0
a06cf65bf987ab7a1246f4be29fd9be4,causal_n5_i9_N1000_uai13_harddeps_int.wcnf.xz,9.12,23.95,112.18,13.99,14.39,6.18,15.71,185.55,5.98,6.03,12.92
b9f0133b60a7a9adb3c1d56c174a4432,threshold128_2.wcnf.xz,711.75,671.66,267.65,165.92,1151.29,698.41,567.08,1417.86,900.85,95.1,4.12
f9928b270f4691d40150693b447b5c3a,msp.normalized-ii8b1.wcnf.xz,4.98,0.0,63.05,161.6,0.32,4.95,0.5,0.51,3.19,0.0,0.0
ddc243f810d84da048b59d3f2309e5ad,wcn.adult_test_9_CNF_1_1.wcnf.xz,0.0,0.01,0.0,0.0,0.0,0.0,2.76,0.08,0.0,0.0,0.0
993a9e4d65ef902353ef4716c2ed5193,sol.g3_n30e43_n33e37_n40e53.wcnf.xz,722.74,537.49,291.58,859.34,202.64,715.59,295.76,3.42,73.71,426.15,469.42
e19821c64a85f948b23b818622ba8261,extension-enforcement_strict_com_150_0.05_4_30_4.wcnf.xz,9.66,166.7,18.84,13.87,35.51,30.88,31.03,18.63,8.62,8.58,87.39
ba614368f455dfef5528cdf47765885c,normalized-max1024.pi.opb.msat.wcnf.xz,21.82,2.15,3600.0,3600.0,5.99,21.9,3600.0,3600.0,16.5,3600.0,1.17
0407c9a31122adb16306950d1f326ee5,mul_8_13.wcnf.xz,3600.0,3600.0,3600.0,3600.0,3600.0,3600.0,3600.0,3600.0,3600.0,3600.0,3600.0
b7e513b7be4ea79f327e833b4007e995,ran-scp.scpnrh5_maxsat.wcnf.xz,3600.0,3600.0,3600.0,3600.0,3600.0,3600.0,3600.0,3600.0,3600.0,3600.0,3600.0
1a8999ee7c79412e7c0a3d446f6b056d,causal_n7_i8_N1000_uai14_harddeps_int.wcnf.xz,16.38,204.73,110.14,24.71,86.97,27.56,96.07,3600.0,821.84,16.13,180.5
ec1c4fc266bd3d6c5c4aec2d906382fb,str.san200_0.9_1.clq.wcnf.xz,0.62,0.0,0.0,0.0,0.0,0.63,0.0,0.0,0.87,0.0,0.01
8de7effceecea9bdeb5cf0d9cdb1920a,b21_C-mbd14-0295.wcnf.xz,620.4,694.21,45.86,19.69,52.13,631.68,24.68,2993.55,816.63,8.4,1931.95
c68eecd684c6836bce72125cce69d861,ran.max_clq_150-4-2235-1.clq.wcnf.xz,85.34,7.05,7.61,4.01,0.0,82.95,0.0,0.83,62.13,0.0,0.0
89e88041c7c22cf7169edaf3eb1def2c,promoters.wcnf.xz,0.01,0.01,0.0,0.01,0.01,0.0,0.65,0.01,0.01,0.01,0.01
bf43a88c49d4302517766d1a089f0f0f,i2c_master1.dimacs.filtered.wcnf.xz,4.0,257.56,3.62,1.04,6.83,1.8,766.6,310.72,1.57,1.56,221.81
d7d17d11822d92e4b551eba2f2db3c5e,cra-scp.scpclr13_maxsat.wcnf.xz,3600.0,3600.0,3600.0,3600.0,3600.0,3600.0,3600.0,3600.0,3600.0,3600.0,3600.0
33c64fe3b536070eb66a3f8983882cb6,drmx-am16-outof-45-ecardn.wcnf.xz,609.54,49.75,3.84,1.67,5.16,615.19,4.6,16.67,830.66,22.99,0.0
493732eb96d7d9130e4cbd688c00802f,lam.20-100-p100-86.wcnf.xz,3600.0,3395.88,3600.0,3600.0,3600.0,3600.0,3600.0,3600.0,3600.0,3600.0,3600.0
fa7e6a3895c51454ecbf95afa8c5ff94,data.405.wcnf.xz,3600.0,3600.0,3600.0,3600.0,3600.0,3600.0,3600.0,3600.0,3600.0,3600.0,3600.0
ab1e68e57e76b9f2593dedb78f5470a4,mul.role_smallcomp_multiple_0.0_4.wcnf.xz,10.24,190.65,0.0,0.0,16.79,10.22,0.74,3.06,12.06,0.0,92.8
fa1adcca0086fdb50711c8930337fd91,cnf.14.p.4.wcnf.xz,12.13,284.8,39.06,23.61,29.54,11.19,42.91,256.75,18.76,18.98,50.01
f044aecc8889ab0f95fc67af8106c52b,causal_n5_i5_N10000_uai13_constant_int.wcnf.xz,4.64,14.83,37.91,5.28,21.9,5.52,8.21,61.7,4.45,4.48,8.9
4e0a5c10a9e332e4205dc25a023c95db,KARATE.wcnf.xz,0.0,0.0,0.0,0.01,0.0,0.02,0.0,0.0,0.0,0.0,0.0
12410fbea13967f2a31c6103bffe3cb8,b21_C-mbd14-0308.wcnf.xz,608.93,445.84,15.35,1.93,3.99,613.93,4.38,13.76,809.4,1.38,271.91
234d42b8565c09700a6420b216ef5cf2,dim.hamming8-2.clq.wcnf.xz,3600.0,3600.0,3600.0,3600.0,3600.0,3600.0,3600.0,3600.0,3600.0,3600.0,3600.0
ad7eaa2f72f16d0ceddb1fe4d69737f5,wolfram80_5.wcnf.xz,642.1,135.14,45.09,84.42,133.51,641.08,369.42,1031.63,843.05,35.03,168.59
2a894e190c5fd0d502178612d0f4b58d,splitedReads_414.matrix.wcnf.xz,608.51,44.76,1.5,1.68,7.41,608.56,3.85,5.93,403.71,1.79,13.95
cc7d7fd108875bed83ca5692f2c70c07,Q53_YESNO_3.wcnf.xz,3.83,2.75,32.18,16.21,1.37,3.8,6.58,2.57,3.81,3.78,4.8
8a82867a46006596452d4836a09963ed,lam.20-100-lambda100-89.wcnf.xz,3600.0,2050.62,3600.0,3600.0,3600.0,3600.0,3600.0,3600.0,3600.0,3600.0,2526.99
192eb1b640176b96f751def38ea4fb8e,mtg.c1355_F543gat@1.wcnf.xz,291.87,0.09,0.0,0.12,0.01,290.6,0.0,0.0,237.8,0.0,0.0
e9b48aca047aa84a0df8965d17c776ce,extension-enforcement_non-strict_stb_200_0.05_1_10_1.wcnf.xz,3600.0,3600.0,3600.0,3600.0,3600.0,3600.0,3600.0,3600.0,3600.0,3600.0,3600.0
f9ee2d20614281972550c70dfd7e0ee5,cnf_10.wcnf.xz,3600.0,3600.0,3600.0,3600.0,3600.0,3600.0,3600.0,3600.0,3600.0,3600.0,3600.0
a888a7e5f20f5d4720be9828941a86eb,ms_200_6_20-0.wcnf.xz,3600.0,3600.0,3600.0,3600.0,3600.0,3600.0,3600.0,3600.0,3596.28,3596.97,3600.0
8501cffa27275f5110ab7b0b1b181e48,AES1-70-25.wcnf.xz,6.23,49.89,29.46,23.12,25.65,5.24,9.09,98.03,2.74,2.75,115.84
9f9568f073ad75900e13368e867240a5,ms_100_40_10-0.wcnf.xz,619.25,3600.0,3600.0,3600.0,662.47,627.35,745.09,3600.0,617.52,620.39,2551.28
c5a0c45cda7c9a8a8dc6f6abcd87fd80,navigation_5x5_8.wcnf.xz,917.87,1380.87,3182.45,906.66,1282.52,701.2,3326.04,3600.0,1015.56,992.76,427.86
24833074f8affcd157ef9dd25296106f,str.p_hat1000-1.clq.wcnf.xz,3600.0,3600.0,3600.0,3600.0,3600.0,3600.0,3600.0,3600.0,3600.0,3600.0,3600.0
83c45b2b5d9a7077de6b8cb8dd382d8d,MinFill_R0_myciel4.wcnf.xz,607.38,5.82,3600.0,3600.0,1.98,606.45,1.38,3600.0,810.34,2.44,49.38
f6b1ac2b4f9e49f03a20f056eb5929fc,unw.MultiDay_4.wcnf.xz,3600.0,3600.0,3600.0,3600.0,3600.0,3600.0,3600.0,3600.0,3600.0,3600.0,3600.0
5519dad38f00a12df094cbaf8e3af3b1,flush_reload_min.wcnf.xz,277.31,3600.0,834.35,260.9,391.69,290.54,720.57,2494.91,296.91,303.96,300.37
847d144ffef16ae0f20f9ebde5f675a0,rev66-4.wcnf.xz,5.17,1.16,0.0,0.0,0.0,5.22,0.0,0.0,1.44,0.0,0.0
e69912dfab43556bf97bfaf21559aac9,frb40-19-3.partial.wcnf.xz,911.43,758.79,121.21,1001.12,398.53,948.17,1504.14,3600.0,2500.85,1709.12,3600.0
085bf43f01b852422f2804e3cfadc3e5,wei.SingleDay_2_weighted.wcnf.xz,296.08,18.83,3600.0,3600.0,501.55,303.16,3600.0,3600.0,168.46,3600.0,5.14
e1462558e3da23703f06b323f12d42fb,indo.wcnf.xz,570.11,3600.0,3600.0,3600.0,1883.79,543.8,840.02,3600.0,542.71,544.82,561.06
01e42bcf1ecd85b77e12894cb1064484,SAT04__industrial__vangelder__cnf-color__abb313GPIA-9-tr.used-as.sat04-321.cnf.wcnf.6.wcnf.xz,3.14,196.77,2.17,2.05,115.27,28.93,24.44,2.01,1.86,1.82,802.92
8ffac9b06480be645c4a982ff36aa37c,australian.wcnf.xz,3600.0,3600.0,3600.0,3600.0,3600.0,3600.0,3600.0,3600.0,3600.0,3600.0,3600.0
278956df4aa23b5ff4dd7e2ab30c1161,TWComp_mulsol.i.5-pp_N119.wcnf.xz,2572.64,99.64,3600.0,3600.0,93.69,2598.46,3198.92,197.56,2539.85,2560.91,90.44
838ae4d3694782ea608dc243073b5921,sbox_8.wcnf.xz,3600.0,3600.0,3600.0,3600.0,3600.0,3600.0,3600.0,3600.0,3600.0,3600.0,3600.0
b297e052f44490573e299716e5c7cbcb,mul.role_university_multiple_0.0_2.wcnf.xz,89.68,190.52,3.45,2.51,118.76,72.27,98.03,139.35,71.54,70.47,86.7
d493c01d838d8af40caa56157ea7b0a0,ms_200_20_20-8.wcnf.xz,1190.89,3600.0,3600.0,3600.0,1407.07,899.36,1451.07,3600.0,900.62,889.0,1583.07
4581b8bfdf0f3af6b9492aa6aad818ad,teams16_l6a.cnf.wcnf.xz,10.17,42.76,11.86,2.56,7.28,10.13,5.83,3.91,6.31,1.04,38.02
e1adf9b2a2a6b6cada8dd0385a7dbac0,lam.20-100-p100-55.wcnf.xz,3600.0,3600.0,3600.0,3600.0,3600.0,3600.0,3600.0,3600.0,3600.0,3600.0,3600.0
be4a0cc699af4d1d2282b52f9b84a6c2,normalized-sao2.b.opb.msat.wcnf.xz,2.49,0.0,118.34,43.18,0.0,2.48,0.2,0.0,1.94,0.0,0.0
6518655c48b672f5ce1043cac44dd74b,cnf.13.p.6.wcnf.xz,20.54,567.84,55.2,29.93,44.16,10.55,59.33,70.24,16.0,16.05,247.3
d175f5d2a9a48baf7d4a4c7b6bcfc9a6,ram_k4_n18.ra0.wcnf.xz,3600.0,3600.0,3600.0,3600.0,3600.0,3600.0,3600.0,3600.0,3600.0,3600.0,3600.0
be0b4cb7f5621ae9cb91baf85360b811,ran.max_clq_150-8-4023-3.clq.wcnf.xz,64.42,24.66,22.79,6.28,0.58,63.69,0.7,11.57,132.16,0.0,0.59
ba9164cdcff144767b5e9533c41cfaff,vio.role_university_violations_0.0_5.wcnf.xz,6.49,12.89,3.71,2.78,5.11,6.47,31.77,117.35,6.42,6.63,33.01
aae1f441fa0d574a373aad49243a8c6e,gen_mult_5_5_991.wcnf.xz,3600.0,3600.0,3600.0,3600.0,3600.0,3600.0,3600.0,3600.0,3600.0,3600.0,3600.0
116eca7dc4f0609074a7debd508ba94a,spi-Han.spinglass5_2.pm3.wcnf.xz,68.38,2197.07,3600.0,3600.0,61.11,69.7,3600.0,3600.0,82.03,52.3,1769.62
b2233eb342d500418f1e5602ee341fd4,s38417_nan_explicit_10_0.wcnf.xz,0.11,0.66,0.68,0.65,0.52,0.12,3.71,1.46,0.62,0.11,0.53
351e8a060eafb12a15ceded6f19c05dd,ran.max_clq_150-13-6258-1.clq.wcnf.xz,95.66,27.21,38.63,8.81,2.15,94.5,2.54,859.51,75.2,3.33,2.42
7ffc1b668d553524b22cf2f53745378c,max.uaq-max-nc-nr10-np400-rpp5-nc100-n8-t3-plb10-n4.wcnf.xz,0.54,0.63,0.0,0.0,0.0,0.54,0.0,0.0,0.0,0.0,0.0
f48eb730fb2f429e5a9b4aea6b4aea82,normalized-exam.pi.opb.msat.wcnf.xz,7.3,6.29,3600.0,3600.0,1346.68,7.3,3600.0,3600.0,3.76,3600.0,0.9
7ee244cc7368c15b18195db3f955a922,cleveland.wcnf.xz,3600.0,3600.0,3600.0,3600.0,3600.0,3600.0,3600.0,3600.0,3600.0,3600.0,3600.0
433b40bc660cee6a39fb5d4f70ce3dff,lam.20-500-74.wcnf.xz,6.05,130.69,18.49,5.63,22.42,6.36,11.22,766.88,18.93,18.97,92.09
2407a74f3da1a78f792fec59736d6947,2knt_.5pti_.g.wcnf.t.wcnf.xz,74.38,182.03,164.38,136.36,377.23,63.91,58.94,3600.0,62.42,62.83,739.7
7090f0b72a28dbd1e0603a58f1968181,frb20-11-5.partial.wcnf.xz,13.01,18.03,3.26,0.93,0.0,13.03,0.0,46.0,12.15,0.0,0.0
e59f898e96f2d0544e490f7ddd085813,hepatitis.wcnf.xz,1535.35,574.94,3600.0,3600.0,158.83,73.27,193.48,3600.0,1170.57,362.34,3600.0
626795f3ca742c32b410425dea8fb9a4,uaq-ppr-nr200-nc66-n5-k2-rpp6-ppr10-plb100.wcnf.xz,3600.0,3600.0,3600.0,3600.0,3600.0,3600.0,3600.0,3600.0,3600.0,3600.0,3600.0
a308441ff24390a2f45e9aacc9695098,TWComp_david_N87.wcnf.xz,23.14,25.72,38.51,16.42,24.73,23.26,30.85,64.41,22.6,23.02,27.55
cd47df16d41a5a3fd65bc706ffe145ea,uaq-ppr-nr200-nc66-n5-k2-rpp4-ppr14-plb100.wcnf.xz,3600.0,3600.0,3600.0,3600.0,3600.0,3600.0,3600.0,3600.0,3600.0,3600.0,3515.07
883c09d9181e3aa572d120d42ab9d63f,s38417_nan_explicit_14_0.wcnf.xz,0.49,0.61,0.06,0.07,3.03,0.49,2.6,1.03,9.26,0.06,0.7
6d79a213169042c1b0593a73ec188df6,hyp.formula_0.8_2021_atleast_31_max-4_reduced_incomplete_tree.wcnf.xz,3600.0,3600.0,3600.0,3600.0,3600.0,3600.0,3600.0,3600.0,3600.0,3600.0,3600.0
1caec65a781bbc76fed8dc24d125b531,lam.20-100-lambda100-95.wcnf.xz,3600.0,3600.0,2789.63,3600.0,3600.0,3600.0,3600.0,3600.0,3600.0,3600.0,3600.0
4cfdd9ec8f477d60f27304c7ffc588a5,splitedReads_18.matrix.wcnf.xz,287.58,29.19,1.28,1.06,5.58,291.11,2.82,5.35,189.68,1.48,3.55
61af0a80e7733b5ab22ec54874a4b166,ms_200_22_20-0.wcnf.xz,1174.21,3600.0,3600.0,3600.0,2086.38,1037.44,1651.01,3600.0,924.97,922.76,3600.0
288e384925e7207da8d6581d97af497f,ecoli.wcnf.xz,3600.0,3600.0,3600.0,3600.0,3600.0,3600.0,3600.0,3600.0,3600.0,3600.0,3600.0
0cf2586eed0f1d06328f91dce40345f0,gen_mult_4_7_991.wcnf.xz,3600.0,3600.0,3600.0,3600.0,3600.0,3600.0,3600.0,3600.0,3600.0,3600.0,3600.0
02a8288962d8afc608aa398e7302c2ee,str.johnson8-2-4.clq.wcnf.xz,0.0,0.0,0.0,0.01,0.01,0.0,0.0,0.0,0.0,0.0,0.0
02a07a0e6a4a13ece61ffd8771619e0b,dermatology.wcnf.xz,177.42,499.58,130.67,106.02,336.24,152.75,214.12,2054.44,863.84,51.53,3600.0
f5807e760df7124859d1753acef13185,uaq-nr-nr160-nc53-n3-k2-rpp4-ppr2-plb50.wcnf.xz,7.66,1.81,66.35,28.74,5.43,7.62,15.92,905.23,2.97,2.74,52.87
88a7c40956ba55b28f84471577bfc5a4,bupa.wcnf.xz,3600.0,3600.0,3600.0,3600.0,3600.0,3600.0,3600.0,3600.0,3600.0,3600.0,3600.0
ce00105b53b32170f51a06b07489a7b7,sug.atcoss_sugar_11.wcnf.xz,3.99,6.14,30.66,29.25,9.35,2.72,15.55,41.2,2.69,2.68,5.74
8be550009bce3de1a5333114888efcf0,extension-enforcement_strict_com_200_0.1_0_10_1.wcnf.xz,8.43,50.22,2793.59,3600.0,19.48,38.12,17.18,26.57,5.43,5.45,30.33
454db96157358269d852b363f50490fd,data.135.wcnf.xz,3600.0,3600.0,3600.0,3600.0,3600.0,3600.0,3600.0,3600.0,3600.0,3600.0,3600.0
28adfe1da80c98958548f2a29af5108f,drmx-am12-outof-40-ekmtot.wcnf.xz,12.16,3.42,0.0,0.0,1.17,12.29,0.72,9.06,23.9,3.16,0.65
d0eb9b21f6c5e4dd238660084c26b449,AES2-74-75.wcnf.xz,224.24,116.84,44.35,29.61,27.89,8.05,17.47,275.65,222.18,219.8,129.96
2d4d4f860ca1daff904398bd1dedc8db,msp.normalized-aim-100-1_6-yes1-2.wcnf.xz,0.0,0.0,0.0,0.0,0.0,0.0,0.0,0.0,0.0,0.01,0.0
6df20392ea115f14648d09d8f972c220,TWComp_oesoca4_N42.wcnf.xz,1.21,0.65,28.78,28.56,0.04,1.26,2.09,1.21,1.21,1.2,0.72
fd69f08ed413cff4cdda66fc7b7c9d02,normalized-count.b.opb.msat.wcnf.xz,0.0,0.0,0.0,0.0,0.0,0.0,0.0,0.0,0.0,0.0,0.0
b8f5b0a1ab9d92dd0016cd27a710a83f,AES1-60-19.wcnf.xz,1.43,2.37,38.4,28.73,0.77,1.5,5.37,2.8,1.39,1.44,2.04
bed80f88ad34a49cc5e9e65a48bd74e9,s38417_nan_explicit_18_0.wcnf.xz,0.09,0.57,0.83,0.75,0.09,0.09,3.02,1.13,0.53,0.09,0.08
75e6c30fd3924040d60747cbd0b641bb,drmx-am28-outof-60-emtot.wcnf.xz,608.47,150.26,0.88,0.0,20.02,675.08,23.71,3600.0,865.12,56.34,1.74
7d4d1fc023f146ca7dd4f853a075c69b,gen_add_4_carry_991.wcnf.xz,85.52,162.67,3600.0,3600.0,18.63,85.99,2583.41,3600.0,102.96,3600.0,26.6
af5b705d6ff5691112f63d1f31d3298f,SAT04__industrial__velev__pipe-sat-1-1__12pipe_bug6_q0.used-as.sat04-725.cnf.wcnf.7.wcnf.xz,162.47,487.27,6.38,4.68,65.37,259.69,215.08,51.97,81.57,82.05,714.9
d2077bdd118ef8f850e77b725703d3a4,GenHyperTW_par8-5-c.wcnf.xz,3600.0,3600.0,3600.0,3600.0,3600.0,3600.0,3600.0,3600.0,3600.0,3600.0,3600.0
b8a5545256baf5d90b7d96dd6f3afb7b,TWComp_hailfinder_N56.wcnf.xz,3.25,1.8,18.13,17.96,0.57,3.29,4.89,2.95,3.29,3.25,1.82
5c75e8882f9090095bc602f950795599,aus.formula_0.8_2021_atleast_31_max-4_reduced_incomplete_tree.wcnf.xz,3600.0,3600.0,3600.0,3600.0,3600.0,3600.0,3600.0,3600.0,3600.0,3600.0,3600.0
974a9ebd44fe246efa98baa08d22cfc3,navigation_3x3_5.wcnf.xz,6.2,5.6,16.73,10.68,12.71,6.23,12.05,20.34,6.27,6.28,7.25
b3710868d08542fecc48a520c15a58ab,cnf.17.p.8.wcnf.xz,26.72,3600.0,106.6,94.3,517.03,46.22,181.63,3600.0,84.01,84.67,1791.97
19b5831fb58a98d73467447292477bfd,wolfram72_0.wcnf.xz,612.97,14.8,40.6,14.89,10.74,613.12,210.39,118.39,859.53,6.14,8.01
d0e36309a04879a7bddb1ff6095c20a3,sol.g4_n34e43_n59e60_n69e85_n288e287.wcnf.xz,99.95,23.69,417.43,117.55,94.81,262.84,76.18,7.4,53.18,53.58,106.26
3afa749411b737ba3108f54813d21550,frb20-11-4.partial.wcnf.xz,38.92,9.34,24.78,3.48,0.0,38.65,0.0,43.45,40.89,0.0,0.0
71f9428d5e92026fac7ae8efca1f74c9,uaq-rpp-nr100-nc33-n3-k2-rpp30-ppr2-plb20.wcnf.xz,516.91,226.38,60.72,17.05,101.55,513.97,17.23,3600.0,362.65,36.06,29.82
64b1c2978f2cff82e40793981245552d,unw.RSN_Security_Min_Witness-Direct-FlexScan-D6.wcnf.xz,2.81,5.62,6.48,6.42,1.62,2.81,13.23,427.24,3.28,2.81,16.36
fa001f9bd7d091b75c837ce279e7902e,MinFill_R0_mulsol.i.5.wcnf.xz,2470.17,3600.0,3600.0,3600.0,602.11,523.16,367.56,3600.0,3600.0,3600.0,817.9
b586d4766e58915ce1b8ce0e3745bc3e,b20_C-mbd14-0267.wcnf.xz,608.07,568.74,8.23,5.21,3.37,611.82,4.97,24.03,809.42,1.19,113.4
99158f636ae04da369a2c0a3a06115b9,wcn.heart_test_9_CNF_4_1.wcnf.xz,0.0,0.0,0.01,0.0,0.0,0.0,0.0,0.0,0.0,0.0,0.0
aa900cc2a472b552e823df4476a94256,kbtree9_7_3_5_50_1.wcsp.wcnf.xz,176.96,879.22,3600.0,3600.0,3600.0,177.59,3600.0,3600.0,141.46,3600.0,198.41
5f698dfcfb971d8ce9564b053490ad13,TWComp_celar09pp_N67.wcnf.xz,2.6,3.06,18.54,18.01,1.14,2.63,8.29,3.61,2.66,2.66,3.29
4c1825b8c1d8e91362332a82456658ea,unw.SingleDay_15.wcnf.xz,3600.0,3600.0,3600.0,3600.0,3600.0,3600.0,3600.0,3600.0,3600.0,3600.0,3600.0
1ee97e59a0e0073080a9d9751ad92c22,SAT11__application__fuhs__AProVE11__AProVE11-12.cnf.wcnf.5.wcnf.xz,131.14,78.22,3600.0,432.68,92.07,123.97,56.31,3600.0,848.53,34.54,246.79
9f9da4121629558415b64dd96275e869,extension-enforcement_non-strict_stb_200_0.05_3_10_0.wcnf.xz,3600.0,3600.0,3600.0,3600.0,3600.0,3600.0,3600.0,3600.0,3600.0,3600.0,329.24
7e02b8b384597e647cedd92d36eaa4fd,dim.MANN_a9.clq.wcnf.xz,3600.0,3600.0,3600.0,3600.0,3600.0,3600.0,3600.0,3600.0,3600.0,3600.0,3600.0
0c6f3ccd1d0db7e06b954e17a278c49d,causal_n5_i7_N1000_uai13_constant_int.wcnf.xz,6.99,25.98,47.73,6.98,13.74,5.37,13.6,203.24,4.73,4.67,6.86
3285eef76dc710f9a1a227f432a74fb7,frb35-17-3.partial.wcnf.xz,612.92,175.73,17.23,4.06,0.0,615.35,34.7,3600.0,819.82,11.62,6.84
9376a42623f31dc8ca8b2a1cd5ce93a5,cnf_10_center.wcnf.xz,123.33,1801.66,1881.1,3600.0,211.06,53.53,3501.8,3600.0,506.98,484.96,1424.57
b6ba6fbb846fe1be1b49a71d5b26ec01,kbtree9_7_3_5_40_1.wcsp.wcnf.xz,195.92,584.92,2653.45,1625.09,3600.0,195.62,3600.0,3600.0,186.61,3600.0,40.21
ea24b3171b9495229451d54c6dcb6d80,vio.role_domino_violations_0.0_12.wcnf.xz,3.55,5.03,0.96,0.84,24.16,3.54,14.83,43.26,3.54,3.57,13.0
27e8f73eca5d40039bfacbdf4044dd26,gen_mult_4_5_299.wcnf.xz,3.12,9.0,0.81,0.49,6.75,3.11,7.77,4.45,1.12,1.27,1.21
3368961344c63ec9ac837f5a07b91512,kbtree9_7_3_5_60_3.wcsp.wcnf.xz,214.32,100.89,3600.0,3600.0,3600.0,217.18,3600.0,3600.0,184.87,3600.0,83.92
0045775690a765a9a5dbcf1daa3e2e3e,c2_DD_s3_f1_e2_v1-bug-onevec-gate-0.dimacs.seq.filtered.wcnf.xz,3.02,287.78,1.91,0.82,4.08,1.91,9.65,132.66,1.62,1.66,81.37
e261b085f69e740b24ab7cfa112d8443,unw.MultiDay_3.wcnf.xz,3600.0,3600.0,3600.0,3600.0,3600.0,3600.0,3600.0,3600.0,3600.0,3600.0,3600.0
a30d356b34964d08e319e49b07a9cba2,MinFill_R0_mulsol.i.3.wcnf.xz,1048.78,3600.0,3600.0,3600.0,632.9,741.76,323.85,3600.0,3600.0,3600.0,792.29
ff6b7a66855d829213875e7a108978f0,navigation_4x4_6.wcnf.xz,157.75,143.09,491.42,168.49,183.63,137.51,671.81,1495.76,147.15,146.94,152.52
91bd8ee7265d93759242796c88cc419c,gen_cvc-add3-carry2-gadget_33.wcnf.xz,23.12,5.68,17.31,3.3,2.36,23.17,2.85,61.85,16.63,33.07,59.24
b31952a6c3d7ec299dbb1dce7ad52540,RISKMAP.wcnf.xz,0.0,0.0,0.0,0.01,0.0,0.0,0.0,0.0,0.0,0.0,0.0
797a67cea14bacbe9d139a355940eaed,spi-Han.spinglass4_9.pm3.wcnf.xz,9.75,8.04,8.42,1.84,2.42,9.71,7.06,23.56,11.26,0.0,9.01
e4788e4c1f7d8904542ecaaf32708afa,mes.atcoss_mesat_01.wcnf.xz,50.12,43.59,375.46,187.73,35.4,50.63,204.61,537.51,50.97,51.98,31.6
14d05e7dbc8816eb31ddfe2c40b9a6fc,MLI.twitter_train_1_CNF_4_1.wcnf.xz,3600.0,3600.0,3600.0,3600.0,3600.0,3600.0,3600.0,3600.0,3600.0,3600.0,3600.0
acc6dd48d5f00748c9e5bafb2e1ebf5b,s38417_nan_explicit_1_0.wcnf.xz,1.28,3.91,1.43,1.38,2.55,1.44,8.93,3.2,1.08,1.09,1.19
e0ab9f0580a7dfb1a1adccbaaa7adc83,cnf.16.p.8.wcnf.xz,190.69,3600.0,178.27,234.43,1924.89,74.17,310.19,3600.0,70.58,70.37,3600.0
f170231e85bfaf22a178f5a74556ad40,ran-scp.scp43_maxsat.wcnf.xz,3600.0,3600.0,3600.0,3600.0,3600.0,3600.0,3600.0,3600.0,3600.0,3600.0,3600.0
ed2f7b0dab79591c36e91ecfc33a81d3,cnf.18.p.10.wcnf.xz,616.54,3600.0,284.25,349.09,682.15,121.87,262.0,3600.0,42.55,42.75,3600.0
0902b0e9d6f7e78d68e812c726add6e6,gen_add_4_carry_33.wcnf.xz,3102.67,3600.0,3600.0,3600.0,956.08,3289.47,3600.0,3600.0,3600.0,3600.0,3600.0
9db6427cdafcca5d9912887ea53b4d20,cnf_12.wcnf.xz,3600.0,3600.0,3600.0,3600.0,3600.0,3600.0,3600.0,3600.0,3600.0,3600.0,3600.0
7012febc25fbeb6f8c4ef01c99338587,corral.wcnf.xz,0.0,0.0,0.0,0.0,0.0,0.0,0.0,0.0,0.0,0.0,0.02
5448b7ef478b0cf8270602e43cda9297,wolfram72_3.wcnf.xz,613.09,9.3,38.56,16.57,26.56,613.28,215.24,123.08,815.63,6.16,12.95
5c480a59388fb830f4214e077bae2176,mul_8_14.wcnf.xz,3600.0,3600.0,3600.0,3600.0,3600.0,3600.0,3600.0,3600.0,3600.0,3600.0,3600.0
76f95f6c1067bfc3601c6e5e6e4b10a4,lam.20-100-frag12-79.wcnf.xz,3600.0,3600.0,3600.0,3600.0,3600.0,3600.0,3600.0,3600.0,3600.0,3600.0,3600.0
39203e7dc4d3fa60d53c19cd985450ef,cnf.10.p.8.wcnf.xz,14.49,645.28,80.93,35.99,481.41,26.61,96.64,1631.07,8.96,8.94,3600.0
fee6900a4566e38644c69e893cbf6e19,POLITICSBOOK.wcnf.xz,0.0,0.0,0.0,0.0,0.0,0.1,0.0,0.0,0.1,0.0,0.0
5a2fb0ef7f320d89455162ae43cd49d8,cellda_y_10.wcnf.xz,2766.33,1380.72,1160.04,1448.13,3600.0,2237.36,3600.0,3600.0,1673.94,3280.75,1908.42
57d498acfa4510e1138a84e2a1bf289a,kbtree9_7_3_5_70_5.wcsp.wcnf.xz,112.6,51.54,3600.0,3600.0,3600.0,114.51,3600.0,3600.0,115.86,3600.0,60.11
e34c0270b6d40bcfaa886dfd8ff1ada1,MinFill_R3_miles750.wcnf.xz,3600.0,3600.0,3600.0,3600.0,3600.0,3600.0,3600.0,3600.0,3600.0,3600.0,3600.0
05284bd7ad00f831f5b5fa69a70e503f,normalized-apex4.a.opb.msat.wcnf.xz,0.62,13.46,0.0,0.0,7.69,0.62,5.21,2.02,0.42,2.43,2.12
24f669db007423974d0024fdb9c6e78d,SAT09__APPLICATIONS__satComp09_BioInstances__rbcl_xits_15_SAT.cnf.wcnf.9.wcnf.xz,7.55,314.64,3600.0,3600.0,257.71,45.3,192.16,280.68,3.71,3.71,601.43
5f6deae15a69afd3696447d3d41b3427,s01423_nan_explicit_9_0.wcnf.xz,0.53,0.04,0.04,0.04,0.04,0.53,1.69,0.6,0.04,0.04,0.04
7e046e002f6141a79bdf11302e07956a,gen_cvc-add7to3_991.wcnf.xz,80.82,62.64,3600.0,3600.0,3600.0,82.52,3600.0,3600.0,98.96,3600.0,48.9
f6e9ad0e25dcbf5ab5a0b6e4f67835aa,new-thyroid.wcnf.xz,23.53,15.32,23.72,11.83,3.21,23.05,5.2,7.84,830.5,22.1,10.73
3de8ee5ac0232bdf3b8568dba23d6dae,normalized-5xp1.b.opb.msat.wcnf.xz,1.78,0.31,0.71,0.0,1.17,1.74,0.84,1.57,1.25,0.0,0.0
1cecf5fd0a4059759490eadc0776d08d,gen_add_5_carry_299.wcnf.xz,1.85,2.23,35.74,3600.0,3.19,1.83,2.59,1.7,0.77,0.0,0.0
63f76f681fe0193616e3f98b9ffb4812,drmx-am32-outof-70-ekmtot.wcnf.xz,617.03,213.86,1.95,0.54,8.14,748.97,4.91,3600.0,2029.01,1228.6,29.94
c785d73f1a71655da2e424709b4d47f6,fpu4-problem.dimacs_19.filtered.wcnf.xz,5.24,49.1,1.99,1.69,8.63,3.05,15.79,550.21,2.84,2.75,16.75
7e3f50b5c489106d731b3dff9ac549cb,extension-enforcement_strict_com_100_0.05_4_20_3.wcnf.xz,1.67,364.92,37.09,12.49,3.6,7.52,4.51,4.82,8.57,1.07,45.63
ca6943e4102d1c68e1a253c11e06b7c6,Q46_OPTIONS_1.wcnf.xz,118.68,162.09,2809.14,522.19,164.99,111.12,553.98,3600.0,94.76,94.22,128.3
270cc0a5f319706cd4184d8fa0fc6cc8,causal_n6_i8_N1000_uai14_constant_int.wcnf.xz,608.93,23.45,7.3,1.25,6.17,609.55,3.17,107.61,808.5,0.76,3.57
ad2b606717b68c2fa6fbf12a38381655,causal_n7_i8_N1000_uai14_constant_int.wcnf.xz,1.68,7.14,11.09,3.07,7.45,2.3,7.73,2.02,810.48,1.35,5.05
e5b219bb5a21d05bfe54eb8f8b80009c,normalized-prom2.pi.opb.msat.wcnf.xz,1.03,3.55,3600.0,1311.81,20.67,1.05,102.89,3600.0,0.83,3600.0,0.61
52184614d460342a935e289cff82e8c1,causal_n5_i9_N1000_uai13_constant_int.wcnf.xz,7.64,23.05,27.21,6.79,13.74,5.34,8.34,65.96,4.91,4.94,10.32
6015e3e08bc58e1bdeecb1168f5fe54d,sol.g7_n35e48_n39e54_n41e57_n42e58_n47e66_n53e75_n59e84.wcnf.xz,53.7,180.06,83.88,73.97,125.19,52.42,60.29,1485.51,36.19,36.62,838.54
15479b76bc8d6b7020a956656751a0c7,AES1-60-20.wcnf.xz,1.47,8.74,48.68,22.11,1.01,1.57,6.3,2.66,1.43,1.44,2.11
6cc15c488b28a986c8efd4a602c826c5,SAT11__application__fuhs__AProVE11__AProVE11-16.cnf.wcnf.1.wcnf.xz,214.83,150.96,199.86,69.08,132.67,467.54,89.08,19.67,42.55,42.62,93.53
7ed630dafc65f745c7f7d8329263079d,frb20-11-2.partial.wcnf.xz,11.33,1.94,0.0,0.0,0.0,11.32,0.0,20.78,3.47,0.0,0.0
496a61c713be78299da09914e7517ffc,RAILWAY.wcnf.xz,0.0,0.0,0.0,0.0,0.0,0.0,0.0,0.17,0.0,0.0,0.0
88dd4b13764619812b541d8ab3a4c7a6,wolfram80_3.wcnf.xz,626.51,30.84,41.35,43.26,65.4,625.95,335.2,1628.01,828.04,19.17,46.65
9bed216f51683ad7fc65ab61c3d9a5bb,uaq-nr-nr220-nc73-n3-k2-rpp4-ppr2-plb50.wcnf.xz,6.78,1.97,1407.31,934.59,20.39,6.78,10.11,3600.0,3.34,2.28,52.7
6b77285052fb29342daa6d99abc384ce,sbox_4.wcnf.xz,1.95,0.65,0.0,0.0,0.18,1.96,0.61,2.26,1.49,1.11,51.36
9e4c1dc48c9eca1cd3321b3440c9987c,sug.atcoss_sugar_04.wcnf.xz,3600.0,3600.0,3600.0,3600.0,3600.0,3600.0,3600.0,3600.0,3600.0,3600.0,3600.0
0c9650eed11ad0f1114fdb3bacc498fa,3ebx_.1era_.g.wcnf.t.wcnf.xz,141.9,642.31,428.45,585.88,1024.25,197.8,216.38,3600.0,128.73,128.27,1174.83
b283e1fc3ddbea15bb5e9676003fc2b7,unw.Subnetwork_9.wcnf.xz,3600.0,3600.0,3600.0,3600.0,3600.0,3600.0,3600.0,3600.0,3600.0,3600.0,3600.0
7086673af3b219cf2cc9139a4934f439,sol.g3_n25e24_n35e34_n37e37.wcnf.xz,648.12,363.82,62.85,33.01,33.49,641.83,30.71,871.99,836.78,28.56,17.85
70812aa8849ca7725eb677c858bec5bd,MinFill_R0_myciel5.wcnf.xz,3600.0,3600.0,3600.0,3600.0,1643.59,3600.0,3600.0,3600.0,3600.0,3600.0,375.26
e64d88aedb2c2d2812afeddd594d1c1e,SAT11__application__leberre__2dimensionalstrippacking__E05F18.cnf.wcnf.9.wcnf.xz,26.88,369.76,84.49,61.04,256.55,187.99,100.64,3600.0,822.66,13.81,1081.89
f980ce9d0885185589a767b556970122,unw.MultiDay_2.wcnf.xz,3600.0,3600.0,3600.0,3600.0,3600.0,3600.0,3600.0,3600.0,3600.0,3600.0,3600.0
ea42f92d0d2f791bf7fbadfa47e7179b,frb20-11-3.partial.wcnf.xz,23.07,3.87,0.0,0.0,0.0,22.87,0.0,88.89,13.06,0.0,0.0
c7e143acdb323051257147d23e0e6084,unw.RSN_Security_Min_Witness-Direct-MBIST_5cores_100controllers_100memories_na-D7.wcnf.xz,73.59,81.29,43.76,37.41,286.1,69.66,264.06,3600.0,65.75,65.09,301.28
2c473eb86e4b09bf5e15efaaa2b59de7,geffe128_1.wcnf.xz,614.16,87.01,17.36,25.73,184.63,614.72,54.57,78.88,816.41,8.64,42.17
113a9ce5e1bae4990a1a6a614f75d9fc,b20_C-mbd14-0358.wcnf.xz,615.29,630.18,30.78,15.56,9.67,631.41,21.3,2168.08,811.59,3.74,3600.0
8bec75e791e0e2848345dc7e8930e04a,spectre_min.wcnf.xz,2199.48,3600.0,3600.0,3600.0,3600.0,1430.3,1508.09,3600.0,3600.0,3600.0,2383.7
c4776023faa3f0ce5b762baced18ca32,cnf.10.p.6.wcnf.xz,11.64,659.69,37.0,22.92,87.75,7.04,82.75,34.04,6.99,7.03,1282.0
3021a887a58129240803681a465370c0,threshold128_3.wcnf.xz,668.32,83.6,44.25,73.37,349.16,667.71,160.01,1965.16,869.35,62.86,19.53
16b844b23ed6af5bde26426c65c79ff8,b14_opt_bug2_vec1-gate-0.dimacs.seq.filtered.wcnf.xz,4.42,282.53,1.37,1.25,6.81,4.06,15.23,478.78,3.73,3.62,43.16
f9c73fdc9818aa10c08ec37526e8e0f0,kbtree9_7_3_5_90_5.wcsp.wcnf.xz,28.52,21.56,3600.0,3600.0,640.73,28.75,3600.0,3600.0,27.28,2634.27,22.25
f0fbfa811b048d6075a9b00970108c3f,ann.formula_0.8_2021_atleast_31_max-4_reduced_incomplete_tree.wcnf.xz,3600.0,3600.0,3600.0,3600.0,3600.0,3600.0,3600.0,3600.0,3600.0,3600.0,3600.0
a00940ec52c923387e96500c63c0583f,hip-sim.simp-nonunif-100_100.11.wcnf.xz,606.22,1.15,0.91,0.75,0.01,606.6,0.55,0.56,808.49,0.11,0.01
c51215782710338afcb792d566429ecc,mul.role_domino_multiple_0.0_1.wcnf.xz,79.03,470.61,3.4,1.94,519.92,166.43,84.02,117.17,63.62,63.22,198.12
e02fd0ed919709eada52e44ffb1859a1,s38584_nan_explicit_24_0.wcnf.xz,55.9,414.56,56.8,17.58,116.43,103.85,98.74,50.14,50.62,50.88,3600.0
1af983a908023ceff8dbd47d4ddda175,GenHyperTW_par8-4-c.wcnf.xz,3600.0,3600.0,3600.0,3600.0,3600.0,3600.0,3600.0,3600.0,3600.0,3600.0,3600.0
b082626e7b817eea26d97ff028ef4d60,frb30-15-2.partial.wcnf.xz,300.36,0.75,11.74,0.97,1.95,299.56,3.8,3600.0,808.77,0.0,2.29
76d8afef04e72df95df90077c2cab652,sol.g3_n37e47_n38e49_n54e63.wcnf.xz,609.01,28.19,30.85,18.33,5.24,611.32,3.42,3.79,216.04,6.17,6.14
e3314052917c91911361f4652624aeb1,hea.formula_0.8_2021_atleast_31_max-4_reduced_incomplete_tree.wcnf.xz,3600.0,3600.0,3600.0,3600.0,3600.0,3600.0,3600.0,3600.0,3600.0,3600.0,3600.0
38753c1a62e0be2d25c69358042f95c8,d4.wcnf.xz,3600.0,3600.0,3600.0,3600.0,3600.0,3600.0,3600.0,3600.0,3600.0,3600.0,3600.0
eef181cebb865f7330f62ce89cd1e330,sysadmin_4_3.wcnf.xz,313.49,873.26,2262.65,652.43,1005.07,431.0,1269.81,3600.0,272.65,262.76,575.03
2760c0557c1eab1d39b22a0106c27b47,s38584_nan_explicit_12_0.wcnf.xz,189.3,450.63,402.81,112.1,188.16,227.39,181.8,1254.06,184.99,185.93,3600.0
81624dedaa57f22db99b68025cc6fecf,TWComp_myciel5_N47.wcnf.xz,3600.0,3600.0,3600.0,3600.0,1023.12,3600.0,3600.0,3600.0,3600.0,3600.0,1668.71
a0a3073f2dca669206e759f2b8a64006,GenHyperTW_aim-50-3_4-yes1-3.wcnf.xz,3600.0,3600.0,3600.0,3600.0,3600.0,3600.0,3600.0,3600.0,3600.0,3600.0,3600.0
dc0ae3f44ddd083ede788316fd31af31,pri.formula_0.8_2021_atleast_63_max-5_reduced_incomplete_tree.wcnf.xz,3600.0,3600.0,3600.0,3600.0,3600.0,3600.0,3600.0,3600.0,3600.0,3600.0,3600.0
7601300915a41fa5ece8c0c19abed066,lam.20-100-frag12-45.wcnf.xz,3600.0,3600.0,3600.0,3600.0,3600.0,3600.0,3600.0,3600.0,3600.0,3600.0,3600.0
461ac441d7d1400bce3ed6ca857c9a68,drmx-am24-outof-55-ecardn.wcnf.xz,643.18,105.96,30.74,22.06,53.05,617.79,148.36,3600.0,860.61,55.63,0.0
5d52d65c2811cffad7ff845745a6844b,we.wcnf.xz,3600.0,3600.0,3600.0,3600.0,3600.0,3600.0,3600.0,3600.0,3600.0,3600.0,3600.0
b0970fa45a9df4cf6249480807b3de48,ran.max_clq_150-9-4470-1.clq.wcnf.xz,100.46,30.62,22.79,6.57,0.97,99.9,0.84,50.78,60.03,0.0,0.7
dcdee872a1be29a2dfc0c720750d6280,unw.Subnetwork_7.wcnf.xz,3600.0,3600.0,3600.0,3600.0,3600.0,3600.0,3600.0,3600.0,3600.0,3600.0,3600.0
f1e79a14f32122fcbf61d57ec28f0851,normalized-9sym.b.opb.msat.wcnf.xz,11.34,0.0,0.0,0.0,0.09,11.34,0.0,0.0,3.44,0.05,0.0
56472bbb1f15ce00d97e8e42ea09a838,b21_C-mbd14-0304.wcnf.xz,607.92,646.63,28.52,11.33,5.94,617.78,8.92,288.21,810.98,2.95,3600.0
47cd2e44158bc917d1846a72fecfcbc1,wcn.tictactoe_train_7_DNF_4_1.wcnf.xz,3600.0,3600.0,3600.0,3600.0,3600.0,3600.0,3600.0,3600.0,3600.0,3600.0,3600.0
0d6470a1f4c6c7edff98f298192adb3d,lam.20-500-89.wcnf.xz,8.74,140.01,17.34,5.59,17.27,10.29,9.97,688.91,9.29,9.39,85.09
8985cb162ede01839cad273fd237add9,ran.max_cut_60_600_4.asc.wcnf.xz,511.48,798.4,3600.0,3600.0,3600.0,514.82,3600.0,3600.0,423.63,3600.0,3600.0
1f456efcb842dae1d2de45dc41a17d35,ms_200_10_40-0.wcnf.xz,802.28,3600.0,3600.0,3600.0,1406.84,680.55,943.81,3600.0,627.95,628.51,1095.36
68d71c10d5fe713f3db0399d1b56b76d,TWComp_myciel4_N23.wcnf.xz,621.55,5.57,53.62,13.47,3.65,622.12,12.01,53.36,823.7,16.46,5.58
c521d9e81554d6cfe5c44599048bc67a,hip-sim.simp-cf_10.09.wcnf.xz,0.0,0.0,0.0,0.0,0.0,0.0,0.0,0.02,0.0,0.0,0.0
5331d85588c6e7e19fe9fc6840d1b714,wcn.heart_train_6_DNF_3_1.wcnf.xz,1893.61,431.29,3600.0,3600.0,1545.93,1654.19,2313.44,3600.0,2717.61,1893.53,1864.57
917e78b5e53b8c59fefdb8cb793bc95e,dim.hamming10-4.clq.wcnf.xz,3600.0,3600.0,3600.0,3600.0,3600.0,3600.0,3600.0,3600.0,3600.0,3600.0,3600.0
542a528b2741e8fe52b3814a499c1a1e,SAT11__application__manthey__traffic__traffic_r_sat.cnf.wcnf.6.wcnf.xz,102.32,468.53,97.1,36.75,1238.85,172.72,319.23,597.45,38.5,38.4,1177.03
5cf8eba51006d02c5a08d6bb37cee8cc,normalized-ex5.pi.opb.msat.wcnf.xz,6.32,4.58,3600.0,3600.0,842.33,6.33,1689.66,3600.0,13.65,3600.0,4.1
e19813fc128df195b92521e9a82b20c0,wei.MultiDay_0_weighted.wcnf.xz,3600.0,3600.0,3600.0,3600.0,3600.0,3600.0,3600.0,3600.0,3600.0,3600.0,134.57
6694f098b70fb4221c358742f6477dea,threshold128_4.wcnf.xz,630.41,124.83,261.29,32.79,601.73,630.81,79.67,1527.4,832.6,25.11,74.19
074c8cd71fa1a978f3dc295879400bde,b20_C-mbd14-0252.wcnf.xz,608.16,185.9,3.67,1.28,1.2,609.81,2.25,15.23,423.7,0.76,41.72
d072ceeca151811e932d753026bc6b84,b17_C-mbd14-0261.wcnf.xz,140.76,116.11,0.73,0.67,2.81,141.9,2.81,48.88,17.26,0.92,5.96
4886c030c6a9e0bad0b57cb56b806e19,cellda_x_10.wcnf.xz,1196.92,1140.82,700.83,495.18,1013.23,1193.69,2040.18,3600.0,1165.42,1148.0,2164.44
cbd5911da289a102571bfece5c42df88,TWComp_miles500_N128.wcnf.xz,3600.0,93.6,1227.51,624.18,509.03,3600.0,3558.1,291.1,3600.0,3600.0,93.16
4cfc1c554b56e18e8668551b07c33de0,s38417_nan_explicit_8_0.wcnf.xz,0.76,0.77,0.99,0.97,0.65,0.81,4.42,1.6,1.05,0.76,0.6
b578a4dab5d57a4ce9182067bf5cc927,hip-su.SU1__simp-genos.haps.48.wcnf.xz,126.88,0.0,0.0,0.0,0.0,126.64,0.0,0.0,10.67,0.0,0.0
37255c8e1b4ef987c7d12054e2a45fe4,wcn.ionosphere_test_8_CNF_2_1.wcnf.xz,0.02,0.0,0.0,0.0,0.0,0.01,0.0,0.0,0.0,0.0,0.0
d2791dd83353a0919c0bba2bc55a226e,1knt_.5pti_.g.wcnf.t.wcnf.xz,67.45,202.41,224.62,74.42,473.5,57.25,65.2,3600.0,101.35,102.72,651.22
f103796f4fd85bed27a8ce3b6b2a4cee,b22_C-mbd14-0318.wcnf.xz,613.31,124.66,1.09,0.91,3.3,620.81,3.3,29.33,593.71,1.73,28.36
dbbddcd149bc6fdf0fb50a2362e0abb2,lam.20-100-lambda100-53.wcnf.xz,3600.0,3600.0,3600.0,3600.0,3600.0,3600.0,3600.0,3600.0,3600.0,3600.0,3600.0
c74d9d479b04d76b12b7418bc8f1029b,hip-sim.simp-abcd_5.01.wcnf.xz,0.0,0.01,0.0,0.01,0.0,0.04,0.0,0.01,0.0,0.0,0.0
d8b4cd289680390ea5b584ed3553ed16,MinFill_R4_miles500.wcnf.xz,3600.0,3600.0,3600.0,3600.0,3600.0,3600.0,3600.0,3600.0,3600.0,3600.0,3600.0
79ad19f37cb60a38da8018715046e0d1,str.johnson32-2-4.clq.wcnf.xz,10.12,3600.0,3600.0,3600.0,3600.0,10.06,3600.0,3.03,6.37,3600.0,695.0
00f99472b0fb1e4bfb9d46770fe01301,p15.wcnf.xz,4.42,101.55,78.23,58.09,63.08,8.92,15.56,198.03,6.7,6.76,90.92
df05b47e2744af832e53742a753e2f82,ran.max_clq_150-3-1788-3.clq.wcnf.xz,19.3,5.9,6.07,3.87,0.0,19.34,0.0,0.62,14.1,0.0,0.0
eb25f554870d74d7aacca5737dcfc232,b15_C-mbd14-0259.wcnf.xz,514.15,153.32,0.62,0.01,0.96,518.7,1.21,6.73,142.29,0.01,18.49
bf5f86929a5dd1b2cd8e9748ab8f3c66,ran-scp.scp47_maxsat.wcnf.xz,3600.0,3600.0,3600.0,3600.0,3600.0,3600.0,3600.0,3600.0,3600.0,3600.0,3600.0
0150476812e2bf1febc1b8037c28c257,ran.max_cut_60_500_10.asc.wcnf.xz,3600.0,3600.0,3600.0,3600.0,3600.0,3600.0,3600.0,3600.0,245.94,3600.0,3600.0
48e527a7abf589d761de2437ab23f165,extension-enforcement_strict_com_150_0.05_0_15_2.wcnf.xz,8.22,151.55,16.84,15.34,17.94,27.52,13.96,13.91,9.66,9.66,3600.0
d078816a292c33435ed5080aa41711a9,soy.formula_0.8_2021_atleast_127_max-6_reduced_incomplete_tree.wcnf.xz,3600.0,3600.0,3600.0,3600.0,3600.0,3600.0,3600.0,3600.0,3600.0,3600.0,3600.0
eaebb2877c7a47425e6a0174ef9000c1,s38584_nan_explicit_7_0.wcnf.xz,860.76,512.19,3600.0,3600.0,586.5,95.83,1997.08,3600.0,3490.39,3468.42,3600.0
00c3559566a8f6bd343915a595e00ba7,AES1-76-38.wcnf.xz,900.79,331.21,968.15,1810.81,176.43,586.75,2097.2,3600.0,492.22,491.57,904.5
613e8240f897ae8be6dde6677c06c66d,ms_200_22_20-3.wcnf.xz,1762.79,3600.0,3600.0,3600.0,3195.86,2436.76,2482.8,3600.0,2425.66,2431.02,3600.0
aac6e54d44a1720b63b52efa42625bda,Q12_OPTIONS_1.wcnf.xz,1009.22,3600.0,3600.0,3600.0,1240.86,1106.94,3600.0,3600.0,850.31,850.12,2135.78
016cd39c0928228e82a7dadd4361a2c1,FOOTBALL.wcnf.xz,0.0,0.0,0.0,0.0,0.0,0.0,0.0,0.0,0.0,0.0,0.0
047930f5591e62c06b4f617e46574856,frb10-6-3.wcnf.xz,0.0,0.0,0.0,0.01,0.0,0.0,0.0,0.08,0.0,0.0,0.0
38a78b87e53c46614f478b00dd29f205,YOUTUBE.wcnf.xz,3600.0,3600.0,3600.0,3600.0,3600.0,3600.0,3600.0,3600.0,3600.0,3600.0,3600.0
8fecc6a00e573f2daabb8b62a1347d2a,ran-scp.scp48_maxsat.wcnf.xz,3600.0,3600.0,3600.0,3600.0,3600.0,3600.0,3600.0,3600.0,3600.0,3600.0,3600.0
96141219cbbb6d2f4dfa9335e25e7f40,MinFill_R3_huck.wcnf.xz,10.95,0.0,0.0,0.0,0.0,10.98,0.0,0.0,4.59,0.0,0.0
6c1875551e7cc2fdc1d844d64e0e9d1c,ms_300_20_20-0.wcnf.xz,98.78,60.7,11.83,295.23,88.66,126.59,123.64,3600.0,57.47,57.85,49.19
02824e233caa268186839a5fe91e2b9a,6ebx_.1era_.g.wcnf.t.wcnf.xz,36.39,124.43,210.39,74.96,233.92,42.99,34.09,3600.0,36.16,36.09,370.06
e34edbbdbf693b327550070409cc3208,splitedReads_0.matrix.wcnf.xz,2789.22,3600.0,3600.0,3600.0,185.93,896.65,185.79,3600.0,860.48,54.61,3600.0
a5cb64ad1a4cc05c6b02f24ee51d6213,kbtree9_7_3_5_60_6.wcsp.wcnf.xz,241.9,61.0,3600.0,3600.0,3600.0,240.21,3600.0,3600.0,209.19,3600.0,48.01
f228a229f17af7d4006a818665618d01,max.uaq-max-nr-nr70-np400-rpp5-nc50-n8-t3-plb10-n7.wcnf.xz,1612.34,371.33,1155.53,738.73,3147.55,1419.12,1736.24,3600.0,3600.0,3600.0,2293.84
c59663776fa6074fc904e804aee369aa,sol.g4_n28e40_n47e56_n47e56_n58e77.wcnf.xz,714.38,55.27,151.31,3600.0,183.61,741.36,167.14,17.87,341.87,82.36,170.41
0daa3ef64a8653427d70c92d04c7e85d,mul_8_9.wcnf.xz,3600.0,3600.0,3600.0,3600.0,3600.0,3600.0,3600.0,3600.0,3600.0,3600.0,3600.0
8e48576ee5e18f9b2278c7a4cd6e085a,TWComp_hepar2_N70.wcnf.xz,3.21,3.09,18.65,18.8,1.18,3.21,9.59,4.69,3.2,3.19,3.66
3b49299f978e803a25c83d51d168d0a4,MLI.ionosphere_train_1_DNF_4_1.wcnf.xz,3600.0,3600.0,3600.0,3600.0,3600.0,3600.0,3600.0,3600.0,3600.0,3600.0,3600.0
a650abb8d2791c93af6cc9dcfe6d4a66,1vii_.1cph_.g.wcnf.t.wcnf.xz,2.73,0.0,0.0,0.0,0.0,2.73,0.0,0.0,0.55,0.1,0.0
a5b8baa19c3e1b3b667be651f80b3579,MinFill_R5_jean.wcnf.xz,606.31,0.0,2.44,0.61,0.0,606.73,0.0,4.81,808.37,0.0,0.0
64e80c27674f897afd3937a841f379a5,vio.role_university_violations_0.0_3.wcnf.xz,6.43,12.89,3.22,2.33,5.13,6.53,31.34,122.14,6.49,6.58,33.31
346a3eaf9909d8e0031dc7afd19a6be2,causal_n6_i8_N10000_uai14_constant_int.wcnf.xz,607.28,21.34,9.2,1.92,5.53,608.52,2.44,181.01,809.02,1.08,3.65
da974f8bbefe8675200bb0f93b8c1814,sug.atcoss_sugar_01.wcnf.xz,31.13,34.97,162.33,72.48,27.65,30.3,48.96,120.82,33.33,33.12,24.02
e84504ff1561bbc23e918902265aeb91,mul.role_smallcomp_multiple_0.0_3.wcnf.xz,1.66,6.27,0.0,0.0,0.15,1.68,0.0,0.57,1.27,0.0,2.14
4223474b83340b1817f6eb6f80df12fa,mul.role_university_multiple_0.0_8.wcnf.xz,50.89,116.11,3.53,2.61,66.88,40.12,66.9,152.21,40.47,39.83,100.57
0cd88582c1f5d43dd449e0ffc566aa6d,drmx-am32-outof-70-eseqc.wcnf.xz,627.21,154.47,29.61,8.49,10.29,611.19,2.59,3600.0,816.89,9.33,25.04
b7268d11503040768324ba5fb967e9bf,sug.atcoss_sugar_10.wcnf.xz,3120.55,3600.0,3600.0,3600.0,1698.02,3505.17,3600.0,3600.0,3481.71,3550.1,1555.45
f434b1536062545f556ed65257cf3827,cnf.10.p.7.wcnf.xz,6.84,990.87,81.89,34.88,106.91,15.97,58.07,503.16,28.33,28.23,670.84
114527052c66d447e2667df7daa87dd2,MinFill_R0_miles1500.wcnf.xz,3600.0,3600.0,3600.0,3600.0,1645.2,3600.0,1099.8,3600.0,3600.0,3600.0,803.83
156c22fa78a39dd9b3c7e190d60f125a,drmx-am20-outof-50-etot.wcnf.xz,139.57,134.38,1.83,0.73,9.27,139.89,9.88,187.89,809.58,1.07,1.34
d888152d42f9145378db328cec9c025d,ran.max_clq_150-17-8046-3.clq.wcnf.xz,287.17,50.19,153.49,121.28,22.74,291.42,17.68,3600.0,238.67,14.88,23.49
da8f959cff96df86e1e74d4eaaaf07a5,MinFill_R0_queen7_7.wcnf.xz,3600.0,3600.0,3600.0,3600.0,3600.0,3600.0,3600.0,3600.0,3600.0,3600.0,3600.0
424ddc3294dac25018926e3c7e10b978,gen_mult_4_4_9999.wcnf.xz,35.2,4.04,3381.94,3600.0,97.59,35.24,3600.0,3600.0,21.57,3600.0,3.73
3ad645092643b8615cc9977665b6e2fb,str.hamming8-2.clq.wcnf.xz,0.0,0.0,0.0,0.0,0.0,0.0,0.0,0.0,0.0,0.0,0.0
1b84814823c439074714185c2c841dcb,cnf.19.p.5.wcnf.xz,18.05,499.39,62.78,60.86,46.28,24.68,76.86,407.07,18.68,18.74,281.17
9d6ef9503b827a1b15a91c01a0aad3f2,b22_C-mbd14-0250.wcnf.xz,611.32,594.2,5.29,1.94,5.3,616.73,6.12,40.79,811.46,3.23,346.72
a4aabe63e54c16d4bcd0c48f26fa9266,car.formula_0.8_2021_atleast_127_max-6_reduced_incomplete_tree.wcnf.xz,3600.0,3600.0,3600.0,3600.0,3600.0,3600.0,3600.0,3600.0,3600.0,3600.0,3600.0
4ce9d5e139d295e2a93e60c87d340308,cloud.wcnf.xz,0.02,6.41,0.54,0.02,6.93,0.48,4.85,3.53,0.5,0.89,0.93
46b07b38ea1fe269635b17694745852e,drmx-am16-outof-45-esortn.wcnf.xz,609.28,40.76,1.54,0.55,6.95,608.73,4.85,19.12,810.76,2.04,0.0
f025d3bd9ecdfa20c28a54d0efb814d2,pesp_18Min.wcnf.xz,3600.0,3600.0,3600.0,3600.0,3600.0,3600.0,3600.0,3600.0,3600.0,3600.0,3600.0
d24d364b96897a1ed2cbfba6833fe39f,mes.atcoss_mesat_10.wcnf.xz,1012.27,1045.03,3600.0,3600.0,373.51,1005.83,3600.0,3600.0,1092.06,1082.72,301.41
7139ce9fc133c48031ddd6003ce17dcb,s38584_nan_explicit_17_0.wcnf.xz,43.17,418.74,134.91,59.11,103.09,50.02,74.48,458.25,36.78,36.98,3600.0
509f50274086386f24432a84ee9bfb2f,normalized-rot.b.opb.msat.wcnf.xz,3.94,1.43,3600.0,3600.0,94.85,3.9,100.04,3600.0,4.38,3433.59,0.0
fa6a483a86b6ec046d139d3ade367adc,frb10-6-2.wcnf.xz,0.6,0.0,0.0,0.0,0.0,0.55,0.0,0.09,0.0,0.01,0.0
95119f02d7df85964c0a23b6f319596b,sysadmin_4_4.wcnf.xz,890.6,2011.94,3600.0,2340.03,1049.1,651.89,1936.86,3600.0,987.15,927.97,1038.18
8d2ce30435f51c163ce956b850b184d2,kbtree9_7_3_5_60_4.wcsp.wcnf.xz,211.66,61.5,3600.0,3600.0,3600.0,208.26,3600.0,3600.0,189.9,3600.0,70.88
c441a685a5e25f3dd28b0d6b65e9f0cd,MinFill_R0_queen11_11.wcnf.xz,3600.0,3600.0,3600.0,3600.0,3600.0,3600.0,3600.0,3600.0,3600.0,3600.0,3600.0
0b6a99677cb3e66baa79803e38794092,1bpi_.5pti_.g.wcnf.t.wcnf.xz,112.91,286.53,116.88,117.64,237.33,106.51,56.07,3600.0,106.41,107.41,690.03
1800ab603ddd15f1cb66e07bff090dc7,AES1-74-34.wcnf.xz,2.48,3.87,29.4,22.0,9.46,2.47,7.06,18.45,2.48,2.48,7.03
9440539551ce701268c3fd4e860a3ff9,frb35-17-2.partial.wcnf.xz,618.73,184.71,60.78,24.72,30.59,634.91,22.52,3600.0,813.18,4.48,25.15
9082296f102d855f5f29670ee553c258,MinFill_R10_anna.wcnf.xz,610.97,6.07,1585.66,3600.0,5.66,610.45,1.99,3600.0,825.71,19.14,37.21
7e1d78f91e9c618a798e786b9ea5328b,sol.g2_n32e31_n35e41.wcnf.xz,1590.71,1052.67,1419.2,3053.51,659.09,1813.36,1678.92,77.41,631.9,560.61,565.68
a024a4a9c0876242c029d23cb257adbd,TWComp_mildew_35.wcnf.xz,0.03,0.02,10.86,10.78,0.03,0.03,1.25,0.96,809.44,0.03,0.48
f5833e85c44a7d9ed0f4c5f06cd8b032,TWComp_celar02_N100.wcnf.xz,13.81,11.36,5.92,3.29,4.88,13.94,28.17,25.42,13.78,13.83,11.74
b165d0c6a27d596bc3a2b4b56b63df6d,unw.RSN_Security_Min_Witness-Direct-MBIST_100cores_100controllers_5memories_na-D7.wcnf.xz,507.31,363.44,168.88,127.76,398.68,504.51,1122.76,3600.0,502.84,500.61,476.15
c8d5dbd2084642e8820d1c2c073ad7a1,ran.max_clq_150-14-6705-2.clq.wcnf.xz,116.73,44.41,52.42,11.44,8.29,116.68,7.65,1661.21,153.58,11.34,4.58
33a78b70293fa9ad01ee70a9c621d98f,msp.normalized-ssa7552-038.wcnf.xz,2.74,0.51,2.44,2.46,11.4,2.75,15.54,2.65,1.92,0.0,0.0
f2266f800b6d0974ede2a2ff838cd248,GenHyperTW_hole8.wcnf.xz,3600.0,3600.0,3600.0,3600.0,3600.0,3600.0,3600.0,3600.0,3600.0,3600.0,3600.0
1bec7c602facc4b1c58f82ad058cb9bc,min.uaq-min-nr-nr70-np400-rpp5-nc0-rs0-t0-plb2-n9.wcnf.xz,0.0,0.0,0.0,0.0,0.0,0.0,0.0,0.0,0.0,0.0,0.04
528aa38a9b0b5f99f9fb4d59c4fa1ce3,GenHyperTW_flat30-50.wcnf.xz,3600.0,3600.0,3600.0,3600.0,3600.0,3600.0,3600.0,3600.0,3600.0,3600.0,3600.0
5d5ebde27f00121f93ca3f7104c55c27,gen_add_4_33.wcnf.xz,140.8,3600.0,0.63,0.28,0.0,140.42,0.56,32.59,116.67,0.0,151.16
b604415d27564db794568b8035fd9526,hip-sim.simp-ibd_25.01.wcnf.xz,326.03,0.0,0.0,0.0,0.0,320.44,0.0,0.0,123.14,0.0,0.0
3f5b27eab9766fca9f9950487a3fd412,bip.maxcut-140-630-0.7-13.wcnf.xz,3600.0,3600.0,3600.0,3600.0,3600.0,3600.0,3600.0,3600.0,3600.0,3600.0,3600.0
ee4bc94509b3c82c35f96b0d2b297eaf,ran-scp.scpnre1_maxsat.wcnf.xz,3600.0,3600.0,3600.0,3600.0,3600.0,3600.0,3600.0,3600.0,3600.0,3600.0,3600.0
a8644be2c20d8d0b359cfab79728dd7b,mem_ctrl1.dimacs.filtered.wcnf.xz,26.48,292.78,13.53,10.16,175.53,27.12,2182.68,3600.0,22.39,22.3,324.74
1acf5b632bd7a5601fd392f175dd50cd,ran-scp.scp59_maxsat.wcnf.xz,3600.0,3600.0,3600.0,3600.0,3600.0,3600.0,3600.0,3600.0,3600.0,3600.0,3600.0
e44035e719a4c9f163728cb657616426,mul_8_11.wcnf.xz,3600.0,3600.0,3600.0,3600.0,3600.0,3600.0,3600.0,3600.0,3600.0,3600.0,3600.0
fe1d9e084f92c4d27c44c02a4b456f3d,cnf_12_center.wcnf.xz,32.88,482.71,308.9,270.02,125.77,40.14,82.07,3600.0,47.13,47.32,607.59
9261ca6a866ab08ebe020e8c427b4589,uaq-nr-nr470-nc156-n3-k2-rpp4-ppr2-plb50.wcnf.xz,0.0,0.0,0.0,0.0,0.0,0.09,0.0,0.08,0.04,0.0,0.0
6a24ed80d8936109242af0bbcc42d734,ran.max_clq_150-7-3576-2.clq.wcnf.xz,34.69,11.65,18.03,5.75,0.38,34.66,0.0,6.43,22.09,0.0,0.0
f2709288041617f890ba82b1909977ba,threshold128_5.wcnf.xz,670.38,84.4,137.47,330.89,514.51,668.58,151.45,3123.96,871.38,64.23,107.05
be07c089b6589040c7c749dd21effa76,wcn.parkinsons_train_3_DNF_2_1.wcnf.xz,367.82,15.87,5.9,1.09,3.24,362.94,0.65,41.33,180.61,0.0,4.88
810c1f436845bb7afd417a5b7d7d3310,TWComp_david-pp_N29.wcnf.xz,607.83,0.76,15.04,5.51,0.79,610.61,4.38,1.97,809.62,1.86,0.83
c195b7b7749883ee250c5215ad8bab09,unw.RSN_Security_Min_Witness-Direct-FlexScan-DD.wcnf.xz,2.77,5.25,6.37,6.38,1.62,2.82,13.2,426.65,3.2,2.8,16.54
b46ac8d0239d99fa9f9337a16d17fd88,s38584_nan_explicit_16_0.wcnf.xz,96.15,634.1,340.17,100.93,177.77,115.44,183.87,3600.0,92.15,93.02,3600.0
ce51210ccbd63066caefd379917e713b,cellda_x_12.wcnf.xz,1834.42,1760.92,1356.89,642.45,2826.12,1956.2,3600.0,3600.0,1897.34,1823.16,2437.21
f3b8066cdcd815977b4b5e6e84c45114,min.uaq-min-nr-nr50-np400-rpp5-nc0-rs0-t0-plb2-n4.wcnf.xz,0.0,0.0,0.0,0.0,0.0,0.0,0.0,0.0,0.0,0.0,0.0
da0f45d86a36c534d42073c4b606dae7,s38417_nan_explicit_29_0.wcnf.xz,0.06,0.52,1.04,0.84,0.49,0.06,2.5,1.08,2.22,0.06,0.52
f590be56a5a711f733bced2dd714fdc7,frb25-13-5.partial.wcnf.xz,134.65,104.43,0.0,0.0,0.0,133.97,0.0,3600.0,228.54,0.0,0.52
0aaca0d2984bfcb2b605cbc95f024ae5,gen_mult_4_5_9999.wcnf.xz,3600.0,3600.0,3600.0,3600.0,3600.0,3600.0,3600.0,3600.0,3600.0,3600.0,3600.0
6ca66e973575d59bc4af51925d82541a,navigation_5x5_10.wcnf.xz,2690.47,3676.59,3181.95,1682.43,3594.42,3406.67,3600.0,3600.0,1913.53,1734.72,1957.33
cabecf2b79962e8e85dec58db23041af,cnf.20.p.7.wcnf.xz,120.66,3600.0,228.63,272.22,301.72,108.44,253.65,3600.0,265.97,257.96,3600.0
a5b9305eceb82b9b890ff7e4c3050a85,car.formula_0.8_2021_atleast_15_max-3_reduced_incomplete_tree.wcnf.xz,3600.0,827.4,3600.0,2482.94,3600.0,3600.0,3156.42,3600.0,3600.0,3600.0,3600.0
8687d33ae4c16a8a61e1f184877b4331,Q41_YESNO_3.wcnf.xz,11.66,7.17,36.93,25.84,5.63,11.57,7.74,2.88,11.46,11.6,7.33
226c0614200ab5fe393e520e014205ac,TWComp_barley-pp_N26.wcnf.xz,606.06,0.68,4.01,2.85,0.01,606.61,0.73,0.83,807.85,0.01,0.75
eb9ca09b97c875369e24fe4ef21011d7,min.uaq-min-rpp-nr200-np400-rpp4-nc0-rs0-t0-plb4-n4.wcnf.xz,0.15,0.0,0.0,0.0,0.0,0.0,0.0,0.4,0.0,0.02,0.0
7e367781dd0d228be9b3c603b654eb4c,rsdecoder-problem.dimacs_41.filtered.wcnf.xz,3600.0,3600.0,3600.0,3600.0,3600.0,3600.0,3600.0,3600.0,3600.0,3600.0,1951.5
c621bcb28be51e6c470a28e1c8dab829,liver-disorder.wcnf.xz,3600.0,3600.0,3600.0,3600.0,3600.0,3600.0,3600.0,3600.0,3600.0,3600.0,3600.0
a8a60055cd89e091c80cca40a729be11,cnf.20.p.9.wcnf.xz,111.71,3600.0,396.42,352.23,1620.06,93.74,3600.0,3600.0,777.48,748.4,3600.0
fdfd28eeb1435f8d431a84c50bd46dc8,rsdecoder1_blackbox_KESblock-problem.dimacs_30.filtered.wcnf.xz,3600.0,3600.0,3600.0,3600.0,3600.0,3600.0,3600.0,3600.0,3600.0,3600.0,3600.0
af59267486e9a183f803538133b0fc7b,bip.maxcut-140-630-0.7-37.wcnf.xz,3600.0,3600.0,3600.0,3600.0,3600.0,3600.0,3600.0,3600.0,3600.0,3600.0,3600.0
f0caff078029ecc787be3e31f4e60aac,Q47_YESNO_2.wcnf.xz,11.82,7.9,3.82,4.33,4.52,11.54,17.39,11.76,11.83,11.75,9.73
de0dc4c6479c3862f087c52ca09f69ea,SAT11__application__jarvisalo__smtqfbv-aigs__smtlib-qfbv-aigs-rfunit_flat-64-tseitin.cnf.wcnf.3.wcnf.xz,61.41,65.76,14.72,14.04,31.69,84.15,59.11,254.85,17.97,18.14,133.62
e5d753ad0c875db9401b83f4fcc8eaba,1knt_.2knt_.g.wcnf.t.wcnf.xz,19.69,23.87,13.41,4.12,6.44,20.05,13.86,444.98,19.44,19.58,13.49
eff2f6f4810a96b8fc093779a7cd0b62,sol.g5_n41e56_n49e61_n51e60_n99e132_n109e132.wcnf.xz,94.09,824.27,194.29,309.2,128.51,118.05,189.65,10.15,95.69,96.83,414.29
bba46b414f3df43b7dcceec50a0b4672,wolfram72_8.wcnf.xz,625.76,30.93,25.74,28.15,22.66,625.64,219.06,355.3,977.5,19.04,29.48
d4a1db61bbfeeb6286b119591b3c13c2,SAT09__APPLICATIONS__satComp09_BioInstances__rbcl_xits_18_SAT.cnf.wcnf.2.wcnf.xz,0.95,308.98,10.98,10.38,0.66,6.82,10.66,2.78,0.84,0.83,98.63
5b6691d3d08b5860881a375fff2217cf,navigation_4x4_7.wcnf.xz,209.89,268.13,789.41,285.64,457.6,210.93,543.0,1205.94,201.82,207.83,145.58
011c95059b9ced2866704f3eddf237e0,lam.20-500-18.wcnf.xz,9.07,124.9,35.92,9.46,22.07,8.92,12.21,2767.91,100.43,100.64,92.54
5b5bde859d36a534b0037837c85e9732,b20_C-mbd14-0298.wcnf.xz,608.59,389.85,2.96,1.44,1.69,613.23,3.18,13.39,691.07,1.2,228.12
e53273853ef6508142702459c87e6a25,cnf.17.t.8.wcnf.xz,8.22,484.69,26.9,15.13,97.34,24.75,56.67,26.04,7.35,7.39,856.38
0c9361e6ff90fbc0f36bc1c0495e45c1,mus.formula_0.8_2021_atleast_15_max-3_reduced_incomplete_tree.wcnf.xz,6735.46,3600.0,3600.0,3600.0,3600.0,2804.98,3600.0,3600.0,3600.0,3600.0,3600.0
f59145df0bc3b4031329a69897e77326,drmx-am24-outof-55-ekmtot.wcnf.xz,258.12,130.17,1.06,0.0,6.98,533.26,6.99,3600.0,820.18,12.48,3.06
b612cad122f2308048746e5d7e8ed764,ran.max_clq_150-3-1788-2.clq.wcnf.xz,15.6,5.98,7.1,3.85,0.0,15.53,0.0,0.58,13.18,0.0,0.0
702212b4ea24d075e9961728af5f3d83,wcn.pima_test_4_CNF_2_1.wcnf.xz,0.0,0.0,0.0,0.0,0.01,0.0,0.0,0.0,0.0,0.0,0.0
663c40c328a083015f3a4243da5d879b,unw.RSN_Security_Min_Witness-Direct-FlexScan-D2.wcnf.xz,2.85,11.18,6.88,6.71,6.04,2.87,117.95,328.88,3.35,2.85,16.32
108973519f53f7f81ceab2712c3aff64,normalized-test4.pi.opb.msat.wcnf.xz,3600.0,3600.0,3600.0,3600.0,3600.0,3600.0,3600.0,3600.0,3600.0,3600.0,3600.0
c153820479e9a889919518d5c864da74,wcn.ionosphere_train_8_DNF_5_1.wcnf.xz,3600.0,3600.0,3600.0,3600.0,3600.0,3600.0,3600.0,3600.0,3600.0,3600.0,3600.0
483ea7155689ea3beb57783914d5af5e,uci_mammo_data.wcnf.xz,1027.45,3600.0,114.43,151.54,558.21,1196.25,407.16,3600.0,1421.35,622.47,1324.33
3f7875326052f321bc4490ec77272a2d,normalized-jac3.opb.msat.wcnf.xz,1.35,3.55,152.96,436.9,4.89,1.36,0.62,0.64,0.55,0.83,0.0
a949988fbd605b8c710eea70750638e2,data.243.wcnf.xz,3600.0,3600.0,3600.0,3600.0,3600.0,3600.0,3600.0,3600.0,3600.0,3600.0,3600.0
36ddfe6070388e1ee8c049473f964f6a,uaq-ppr-nr200-nc66-n5-k2-rpp4-ppr6-plb100.wcnf.xz,88.97,33.74,3600.0,3600.0,750.35,88.4,2739.35,3600.0,81.84,2722.06,89.5
b16daef029715dd48a4b77c540758528,splitedReads_137.matrix.wcnf.xz,236.39,16.71,0.78,0.64,3.39,234.92,1.91,5.82,87.89,0.88,2.22
8885e6228f2aa1778e64098ddd06a024,meltdown_min.wcnf.xz,364.4,3600.0,1746.63,931.05,1517.75,572.31,2476.34,3600.0,1316.05,1323.36,1152.64
abf00435e1b542c70ec484c8e07f38b9,mes.atcoss_mesat_06.wcnf.xz,56.93,53.6,363.67,393.53,65.18,68.84,397.0,3600.0,76.69,152.11,47.49
a3e7bc878093f7e6f661777ba1169dce,causal_n7_i6_N500_uai14_harddeps_int.wcnf.xz,138.01,228.56,327.03,162.86,205.04,67.39,477.23,3600.0,1226.38,427.27,413.66
0b5b9281e0c145e299e83e53eedea29f,vio.role_smallcomp_violations_0.0_4.wcnf.xz,0.0,0.0,0.0,0.0,0.0,0.0,0.0,0.0,0.16,0.02,0.0
2b9e5ca776512c86bde9b11e6504d375,mes.atcoss_mesat_05.wcnf.xz,3600.0,3600.0,3600.0,3600.0,3600.0,3600.0,3600.0,3600.0,3600.0,3600.0,1218.8
ade38037fbc7026c1591eb6e7c52e33e,unw.RSN_Security_Min_Witness-Direct-FlexScan-D4.wcnf.xz,2.82,5.75,6.78,6.58,5.76,2.85,74.1,330.03,3.31,2.83,16.5
2a0b2bdce1509c44c257d5aee2936255,mul_8_3.wcnf.xz,3600.0,3600.0,3600.0,3600.0,3600.0,1518.57,3600.0,3600.0,3600.0,3600.0,157.11
f2dc41cbc141215b83c373ed9b7d924d,cnf.15.p.6.wcnf.xz,39.98,3600.0,133.67,39.65,311.62,110.78,137.93,3600.0,49.34,49.29,3600.0
74e161d6c4bbfd7dd2d9879a6de01965,ms_250_20_20-0.wcnf.xz,1567.25,3600.0,3600.0,3600.0,3000.93,1542.1,3680.86,3600.0,1036.23,1038.19,3600.0
