hash,filename,WMaxCDCL-S6-HS12,WMaxCDCL,CASHWMAXSAT-CorePlus-m,EvalMaxSAT,CGSS2-SCIP,WMaxCDCL-S9-HS9,CASHWMAXSAT-CorePlus,Pacose,EvalMaxSAT-SCIP,CGSS2,Pacose-MaxPre2
00a1a78381f45936763c3c8b799f6715,tcp_wt-tcp_students_105_it_12.wcnf.xz,52.44,0.7,58.67,60.14,0.55,52.35,0.47,1.59,66.08,0.54,244.58
4308ad0af1e6fc97749725f382decd08,shiftdesign_wt-limits-10-10_data-1_inst-137_30m.sm-extracted.wcnf.xz,108.97,492.22,132.92,1204.18,375.18,109.36,132.75,194.97,1129.2,371.81,328.41
8a7f87b14b5c792cc2ee4c418e823544,spot5_wt-1506.wcsp.log.wcnf.xz,3600.0,3600.0,2603.8,3600.0,3600.0,3600.0,1115.51,198.28,3600.0,3600.0,3600.0
b090ac6140df360c7e32e91df0e49111,correlation-clustering_wt-Rounded_CorrelationClustering_Vowel_BINARY_N700_D0.200.wcnf.xz,3600.0,3600.0,3600.0,3600.0,3600.0,3600.0,3600.0,3600.0,3600.0,3600.0,3600.0
963a46b7a8e08f047f63cac4e549287c,ParametricRBACMaintenance_mse20_wt-role_smallcomp_multiple_0.7_6.wcnf.xz,3600.0,3600.0,3600.0,3600.0,3600.0,3600.0,3600.0,3600.0,3600.0,3600.0,3600.0
a5fe876ac0c4c2dc71cef8020c7b27ec,frb_wt-frb30-15-1.wcnf.xz,507.95,3600.0,571.71,3600.0,336.33,514.52,104.61,15.73,388.95,131.24,12.15
d620c88a39f39ee08d86c236b727b522,protein_ins_wt-1knt_.2knt_.g.wcnf.t.wcnf.xz,8.04,16.0,8.2,93.4,1.04,7.96,8.24,7.69,581.4,1.02,63.34
e45cf38433d474c3d6babe6d365d4d34,haplotyping-pedigrees_wt-ped3.G.recomb10-0.01-3.wcnf.xz,1.3,33.09,1.45,199.12,2.03,1.33,1.44,13.14,700.2,2.05,48.4
30079d67972554a3c357f00694c3c10a,frb_wt-frb35-17-5.wcnf.xz,605.4,3600.0,1408.53,3600.0,2964.14,905.41,108.62,54.92,3600.0,2146.31,56.13
10e21f93112a7a2a8c16593402e73167,MaxSATQueriesinInterpretableClassifiers_wt-wdbc_test_5_DNF_1_15.wcnf.xz,0.02,0.01,0.02,0.01,0.02,0.02,0.01,0.02,0.02,0.0,0.02
fcfeb7a452588be4899f26214fa8e23e,relational-inference_wt-pa-2.wcnf.xz,1584.26,389.83,3600.0,1580.84,3600.0,1760.88,3600.0,3600.0,1502.63,3600.0,3600.0
370203807288b5b7810c9b2439d2c6d7,auctions_wt-cat_reg_60_230_0003.txt.wcnf.xz,3.64,28.5,2.74,2482.4,3.85,3.61,2.83,892.29,64.3,12.96,2104.51
029c26f52d9c640d926fbd4b70a163fd,switchingactivitymaximization-SwitchingActivityMaximization_OpenRISC1200_68.wcnf.xz,3600.0,3600.0,3600.0,3600.0,3600.0,3600.0,3600.0,3600.0,3600.0,3600.0,3600.0
49b159a27cb8416ee1662e5a2be7c7dc,quantum-circuit-qftentangled_5_30_ibmq-london_5.wcnf.xz,672.18,10.25,1401.63,123.82,801.17,984.34,101.64,1748.33,606.54,1.12,1373.04
a4ae27da7c71a9ac87e3bf47fc6636ea,preference_planning_wt-WCNF_pathways_p20.wcnf.xz,601.06,1.66,1400.76,49.58,0.57,783.32,100.77,4.15,532.04,0.57,43.39
2522a0546c500f25fda535f452e9c286,mpe_wt-random-net-180-1_network-3.net.wcnf.xz,7.42,90.35,7.3,475.25,7.47,7.4,7.3,2488.11,68.01,0.99,3600.0
fe5b4ed0c8739fa6a058dceb75bce2de,spot5_wt-1403.wcsp.log.wcnf.xz,3600.0,3600.0,3600.0,3600.0,3600.0,3600.0,3223.28,673.24,3600.0,3600.0,3600.0
1cbf9638aa795d237dcf7524fc927b1d,rna-alignment_wt-k100-18-95.rna.pre.wcnf.xz,14.89,37.78,15.89,162.03,1.59,14.91,15.55,418.62,646.43,1.6,2722.75
74f8e33476a7297e02ac6268aa00162e,Security-CriticalCyber-PhysicalComponents_wt-test17--n-5000.wcnf.xz,0.16,0.05,0.91,0.14,1.03,0.17,0.93,0.91,0.14,0.12,1.9
ad6561f35246c714406a2c0bd61b3410,switchingactivitymaximization-SwitchingActivityMaximization_OpenRISC1200_90.wcnf.xz,3600.0,3600.0,3600.0,3600.0,3600.0,3600.0,3600.0,3600.0,3600.0,3600.0,3600.0
8d0ab42833fed665870b6c700c1411dd,tcp_wt-tcp_students_98_it_14.wcnf.xz,2376.96,679.36,1757.93,3600.0,1403.32,2376.44,361.72,3600.0,3600.0,1365.69,3600.0
cd8e857cff040263ead2f43c20075345,generalized-ising_wt-IS6_5.0.5.0.0.5_softer_periodic.wcnf.xz,3600.0,3600.0,3600.0,3600.0,3600.0,3600.0,3600.0,3600.0,3600.0,3600.0,3600.0
075228a0e5a1f06ef54ae095dfda7c2e,timetabling_wt-Udine2.lp.sm-extracted.wcnf.xz,23.22,44.95,23.07,344.42,137.73,23.21,23.1,3600.0,330.03,140.01,3517.42
762eea2e35e3e74887295a1f696f45e6,causal-discovery_wt-causal_Diabetes_8_1000.wcnf.xz,511.24,13.9,37.85,808.36,21.74,498.5,38.0,427.03,874.14,21.82,300.23
c6a03469fc336410865f8577bc8fc46a,metro_wt-metro_9_8_7_22_10_6_500_1_4.lp.sm-extracted.wcnf.xz,512.75,2.26,1141.91,88.35,6.13,511.92,2.91,22.1,599.3,6.09,22.0
d3eb07f97265fe52183f3ecab62d7002,haplotyping-pedigrees_wt-ped2.B.recomb1-0.10-6.wcnf.xz,0.6,1.92,0.62,8.25,0.42,0.58,0.59,0.85,8.31,0.42,6.3
44d5e3253a430f4842aa779e0acb3b39,shiftdesign_wt-limits-10-10_data-1_inst-048_60m.sm-extracted.wcnf.xz,13.87,85.81,14.0,55.97,8.56,13.87,13.97,8.05,55.29,8.59,94.97
f4226f47102f35903d11b0151a5a77e9,preference_planning_wt-WCNF_storage_p03.wcnf.xz,603.88,5.73,1407.44,39.03,806.66,903.85,105.46,9.04,524.19,6.67,18.15
75b816a13b06d9783993cb00c96519f7,haplotyping-pedigrees_wt-ped2.G.recomb5-0.01-4.wcnf.xz,3.93,36.56,4.64,195.82,6.44,3.95,4.56,16.47,194.04,6.43,41.77
60eb29f31cde680016fdbe676e1c7d4a,timetabling_wt-comp09.wcnf.xz,3600.0,3600.0,3600.0,1972.61,3600.0,3600.0,3600.0,3600.0,1069.31,3600.0,3600.0
6d9d51fd1bab8af3155e2343ca3b9f51,decision-tree-australian-credit-un-formula_0.8_2021_atleast_31_max-4_reduced_incomplete_adaboost_5.wcnf.xz,3600.0,3600.0,3600.0,3600.0,3600.0,3600.0,3600.0,3600.0,3600.0,3600.0,3600.0
60ee7772256a2eda60482ab41e687215,dalculus_wt-f1-DataDisplay_0_order4.seq-A-3-2-EDCBAir.wcnf.xz,0.06,0.02,0.03,0.03,0.03,0.06,0.05,0.03,0.06,0.01,4.32
b416e4c676445e682820f85eb0469e27,max-realizability_wt-power-distribution_12_4.wcnf.xz,602.49,10.63,1402.05,10.78,2.88,902.5,1.85,11.66,507.33,2.85,15.33
ea49ec4c183e647851408976bea44146,relational-inference_wt-rc-3.wcnf.xz,17.43,3600.0,45.1,502.06,96.82,17.76,45.4,3600.0,487.3,97.01,9.03
67cf2d223a65ca171740b40c2dab1511,abstraction-refinement_wt-polysite-pmd.wcnf.xz,206.51,259.81,247.55,889.75,362.33,206.09,246.47,3600.0,826.95,363.13,3600.0
98e8f5155a869d7bef03db0ab774a388,css-refactoring_wt-wikipedia.dimacs.wcnf.xz,3.68,0.57,7.55,9.21,7.98,3.66,7.49,1.91,7.2,0.06,8.51
a06b08d3529afe633c975969adcfce81,shiftdesign_wt-limits-10-10_data-2_inst-030_30m.sm-extracted.wcnf.xz,329.14,3039.31,1076.42,2667.2,1017.05,332.7,1065.78,910.37,2565.9,1027.41,398.64
393c36b93c8fedb4a1e8610ba7e64ae0,causal-discovery_wt-causal_hailfinder_7_100.wcnf.xz,1546.5,727.04,1420.33,889.01,122.03,1440.4,20.84,3600.0,1386.21,122.11,3600.0
e1547aa230a63ccb1daa4b5965ae4d56,abstraction-refinement_wt-downcast-pmd.wcnf.xz,244.02,297.65,270.22,982.71,340.9,245.63,271.86,3600.0,911.71,334.51,2750.49
a4b6bd3b510772b29209b50171fb06a5,haplotyping-pedigrees_wt-ped2.G.recomb1-0.01-4.wcnf.xz,2.84,12.31,3.16,85.88,4.14,2.83,3.11,9.34,86.07,4.17,27.33
0f1c52389db20638ea273317523fa709,relational-inference_wt-pa-1.wcnf.xz,500.44,609.61,848.37,1367.59,1788.53,514.2,858.37,3600.0,1266.98,1794.35,1380.17
0ee63d9a3f16e05b4a28fbaa66585183,mpe_wt-random-net-50-5_network-8.net.wcnf.xz,3600.0,3600.0,3600.0,3600.0,3600.0,3600.0,3600.0,2355.84,3600.0,2866.0,3600.0
42b781ad7ae1b19027cdd1254b54060a,drmx-cryptogen_wt-geffe128_4.wcnf.xz,622.18,3600.0,1413.41,125.8,805.22,922.28,113.42,3600.0,587.0,5.26,55.29
2b483212bbbdad1dc01738fe16ce9d7a,metro_wt-metro_8_8_5_20_10_6_500_1_7.lp.sm-extracted.wcnf.xz,587.43,7.68,1410.48,140.81,55.58,596.37,10.1,125.25,629.71,54.98,308.97
486967fd2e41d99293b611c49cbbcd9a,mpe_wt-random-net-120-1_network-9.net.wcnf.xz,4.35,18.31,4.22,277.22,3.3,4.3,4.24,625.5,63.39,0.54,3600.0
0a06ead4c60dfd1dce52bae477c5f570,mpe_wt-random-net-30-2_network-10.net.wcnf.xz,5.7,3.07,7.44,122.85,4.45,5.7,7.44,17.36,14.17,0.23,29.95
adfae82bca6eb38590f320a0fb266e3a,MaxSATQueriesinInterpretableClassifiers_wt-tictactoe_test_2_CNF_2_15.wcnf.xz,0.02,0.01,0.02,0.02,0.02,0.02,0.02,0.02,0.02,0.01,0.01
8d3f757bb7562362401068f952017ba5,quantum-circuit-vqe_5_20_ibmq-london_5.wcnf.xz,674.73,7.09,1401.22,109.12,800.88,1043.43,101.24,3569.51,611.48,0.86,3600.0
5336f6907d534868103be83673bcd912,abstraction-refinement_wt-polysite-hsqldb.wcnf.xz,233.43,259.28,256.87,791.19,335.95,232.63,258.35,1702.14,778.05,333.27,3600.0
155f9b22b706d04986e8df4500417c86,protein_ins_wt-sandiaprotein.g.wcnf.t.wcnf.xz,28.59,161.8,33.76,262.97,17.38,28.64,33.94,159.0,744.73,17.19,111.52
8e295e49dca7b0ddbe956206bcde4034,preference_planning_wt-WCNF_pathways_p02.wcnf.xz,0.94,0.18,0.32,0.17,1.43,0.95,0.29,0.02,0.49,0.02,16.64
995aa7739b60270e5db3650dd1507b04,protein_ins_wt-3ebx_.1era_.g.wcnf.t.wcnf.xz,57.95,207.34,69.29,617.78,68.22,58.61,69.2,492.63,845.91,68.54,189.89
62e827a8875facd6d868deef0d64dc1e,synplicate-AutoTaxi-run4-ms_0_96_0.8861538461538462_erm.wcnf.xz,604.78,4.45,1402.71,27.83,803.45,904.71,102.74,26.11,536.64,3.57,12.74
9247315767c75bcb5f040be8880822a2,frb_wt-frb40-19-4.wcnf.xz,607.07,3600.0,1450.14,3600.0,3600.0,907.07,149.26,1720.43,3600.0,3600.0,475.0
11897742a8b6be427289a1b9f9ab7082,decision-tree-heart-cleveland-un-formula_0.8_2021_atleast_15_max-3_reduced_incomplete_adaboost_4.wcnf.xz,3600.0,3600.0,3600.0,3600.0,3600.0,3600.0,3600.0,3600.0,3600.0,3600.0,3600.0
fd88fb35f451d080fc5d42ac5fbdc7b7,synplicate-AutoTaxi-run3-ms_0_71_0.92_erm.wcnf.xz,601.69,6.22,1402.11,79.84,806.95,901.67,102.15,25.08,568.63,6.98,25.09
c1ef12a99fa9bbf9f0d746b9b4f118d6,shiftdesign_wt-limits-10-10_data-1_inst-182_30m.sm-extracted.wcnf.xz,139.33,482.94,166.19,1039.16,89.75,137.81,167.79,202.07,958.4,88.43,343.98
ec87cc470307a2728399904c16596f27,frb_wt-frb10-6-3.wcnf.xz,0.18,0.47,0.13,0.03,0.11,0.18,0.13,0.04,0.14,0.01,1.14
d368c30b07473ab76db2f7ee7e2868c7,mpmcs_wt-test17--n-2500.wcnf.xz,0.4,0.05,0.44,0.14,0.48,0.4,0.44,0.24,0.13,0.03,1.28
dd8c44e8e57a2c0c8f8f4c44019ea7a8,synplicate-TheoremProver-run3-ms_0_17_0.8771653543307086_erm.wcnf.xz,600.21,0.4,1400.25,0.43,800.12,900.22,100.27,0.83,500.49,0.11,5.57
b5c413ccb06b89486f881e6a315b519b,frb_wt-frb25-13-5.wcnf.xz,38.7,3600.0,49.9,3102.49,20.97,38.66,50.99,3.29,187.16,0.34,1.73
4774f189878eb33d53d29cda34e728f8,hs-timetabling_wt-ItalyInstance4.xml.wcnf.xz,3600.0,3600.0,3600.0,3600.0,3600.0,3600.0,3600.0,3600.0,3600.0,3600.0,3600.0
ea7ef697c50c1a1bbd3de00a10ed97d4,upgradeability_wt-mancoosi-test-i4000d0u98-80.wcnf.xz,0.51,0.54,0.57,22.84,0.38,0.49,0.59,265.48,6.65,0.38,15.29
0a69617c66d460738aba7bf3ad9ae42e,spot5_wt-414.wcsp.dir.wcnf.xz,38.37,4.87,5.38,62.97,5.66,38.77,5.52,2.83,65.18,0.09,38.96
4673c4790262b6cf9249fef8f62f6fe1,metro_wt-metro_9_8_7_30_10_6_500_1_7.lp.sm-extracted.wcnf.xz,607.25,15.0,13.94,360.46,61.49,907.14,13.83,309.37,803.34,63.78,46.16
2bc4f2ae28018fff699d91346a20f338,qcp_wt-file_qc_wcnf_N7_H29_1.wcnf.xz,0.1,0.39,0.07,0.19,0.12,0.1,0.09,0.03,0.13,0.03,5.35
ae9f667f8c9e86649c7b57aee0a1b945,railway-transport_wt-f2030.wcnf.xz,3600.0,3600.0,1554.5,731.86,706.35,3600.0,1510.04,582.08,1245.97,712.18,3600.0
cb97e45c411d2597b6963042e3530018,pseudoBoolean_wt-normalized-factor-size=9-P=149-Q=163.opb.wcnf.xz,0.3,0.2,0.36,0.05,0.33,0.3,0.39,0.05,0.3,0.02,1.13
1cdf581be351b306c301fa401dc59e4b,staff-scheduling_wt-instance4.wcnf.xz,3600.0,3600.0,3600.0,3600.0,3600.0,3600.0,3600.0,3600.0,3600.0,3600.0,3600.0
0ec2357ae9bb10ae49ebdf09cc4326de,dalculus_wt-f1-DataDisplay_0_order4.seq-B-3-2-irEDCBA.wcnf.xz,0.05,0.18,0.03,0.03,0.06,0.05,0.03,0.01,0.07,0.02,4.23
cf208672468ad29b854709a6750edca4,correlation-clustering_wt-Rounded_CorrelationClustering_Vowel_BINARY_N800_D0.200.wcnf.xz,3600.0,3600.0,3600.0,3600.0,3600.0,3600.0,3600.0,3600.0,3600.0,3600.0,3600.0
766c02ca3b5bce43027cca99807d8cdd,CSG_wt-CSG40-40-95.wcnf.xz,1.59,1.05,1.64,1.03,1.85,1.57,1.68,0.07,1.89,0.04,2.85
f33f5af87c5be2fb6d8535401df0ff53,quantum-circuit-qftentangled_4_21_ibmq-casablanca_7.wcnf.xz,1429.56,12.76,1403.0,162.07,40.39,1763.29,2.83,163.75,712.52,40.27,144.87
2a416d13883d7a993b909449d37167c9,generalized-ising_wt-IS4_5.0.5.0.0.5_softer_periodic.wcnf.xz,3600.0,3600.0,3600.0,3600.0,3600.0,3600.0,3600.0,3600.0,3600.0,3600.0,3600.0
391c4638e4b46cca8a2fe0577d54a0e9,pseudoBoolean_wt-normalized-factor-size=9-P=397-Q=449.opb.wcnf.xz,0.37,0.17,0.37,0.05,0.4,0.37,0.37,0.02,0.44,0.01,1.11
111d3323f22b1a44b613b78c35279f34,setcover_wt-rail516.wcnf.xz,87.8,3600.0,7.94,3600.0,3600.0,86.9,7.91,3600.0,80.65,3600.0,3600.0
17f9417163fbde0d19bff57396694be6,qcp_wt-file_qc_wcnf_N8_H38_2.wcnf.xz,0.69,0.55,0.67,0.44,0.62,0.69,0.65,0.32,0.84,0.17,4.14
5f484fb83abf1cf14d92abc09a185eef,protein_ins_wt-3ebx_.6ebx_.g.wcnf.t.wcnf.xz,9.79,46.2,9.14,194.55,5.1,9.91,9.1,40.15,634.33,5.08,55.42
f30ccb25410cc988f627380f5b7b8b03,qcp_wt-file_qc_wcnf_N10_H60_3.wcnf.xz,3.45,0.91,3.43,1.05,2.45,3.46,3.44,0.32,2.33,0.21,2.95
5eeedd461e8a8462a1c80644293fd2bd,css-refactoring_wt-archlinux.dimacs.wcnf.xz,1.94,0.58,1.55,47.78,1.85,1.94,1.54,0.61,1.53,0.05,5.93
39250e93204c19c0248e9247e007e229,metro_wt-metro_9_8_7_22_10_6_500_1_1.lp.sm-extracted.wcnf.xz,247.25,4.05,1406.12,101.21,12.01,244.67,6.01,63.73,612.34,11.88,22.91
8d1dee34d8af87b9467f950d6852277b,abstraction-refinement_wt-polysite-lusearch.wcnf.xz,39.49,48.66,59.06,626.93,106.98,39.31,59.69,3600.0,595.21,108.74,3600.0
4cd68628d6bcd4f2879d765d1e99ed01,decision-tree-anneal-un-formula_0.8_2021_atleast_31_max-4_reduced_incomplete_adaboost_3.wcnf.xz,3600.0,3600.0,3600.0,3600.0,3600.0,3600.0,3600.0,3600.0,3600.0,3600.0,3600.0
8354a32782e3e706495f545c26e8a91c,Security-CriticalCyber-PhysicalComponents_wt-test68--n-20000.wcnf.xz,1.83,0.51,19.25,28.52,4.72,1.9,19.28,4.77,7.6,4.63,9.02
f52ba23ac339387de8ef4130431243c3,haplotyping-pedigrees_wt-ped2.G.recomb1-0.10-7.wcnf.xz,3.15,39.53,3.25,68.02,3.03,3.13,3.22,9.83,67.34,3.08,84.21
6f2198078ddae07b3f232c94a6f122bd,pseudoBoolean_wt-normalized-factor-size=9-P=347-Q=487.opb.wcnf.xz,0.39,0.16,0.36,0.04,0.36,0.39,0.38,0.02,0.17,0.01,1.12
bd9f49654d64f72a326142ec3645445d,frb_wt-frb30-15-3.wcnf.xz,219.3,3600.0,275.2,3600.0,327.0,219.23,100.29,14.06,3600.0,0.85,6.29
d7cc6bb25b377d0f941534fc41f8255e,mpe_wt-random-net-20-4_network-3.net.wcnf.xz,1.71,1.22,0.9,25.93,1.73,1.72,0.88,4.29,1.21,0.08,11.28
79491b816ffb55c6c9aa87be86702c25,causal-discovery_wt-causal_Link_10_10000.wcnf.xz,3600.0,3600.0,3051.43,2911.21,3600.0,3600.0,2772.89,3600.0,2711.49,3600.0,3600.0
e435cd54ca71c981648d68ee08a027f0,timetabling_wt-comp12.wcnf.xz,3600.0,3600.0,3600.0,3600.0,3600.0,3600.0,3600.0,3600.0,3600.0,3600.0,3600.0
3826dd0a0d413a428405ef06399a8d70,planning_wt-mprime04cc.wcsp.dir.wcnf.xz,0.16,0.21,0.34,0.11,0.37,0.16,0.31,0.1,0.37,0.04,5.54
7821b2c1fae3e8c1f82f4a64f6252cda,generalized-ising_wt-IS22_5.0.5.0.0.5_softer_periodic.wcnf.xz,3600.0,3600.0,3600.0,3600.0,3600.0,3600.0,3600.0,3600.0,3600.0,3600.0,3600.0
0afa09c6759b84023b50edebbcc731f8,spot5_wt-505.wcsp.log.wcnf.xz,604.22,4.56,1400.34,21.45,800.04,904.21,100.07,1.55,521.11,0.03,7.01
28730c2ef695450836bd07959cc71c91,planning-bnn-inventory_2_7.wcnf.xz,26.11,102.69,25.58,62.07,8.23,26.12,25.35,29.53,62.38,8.18,25.13
d46b43970860bc73fd550df5b3fd7dd7,CSG_wt-CSGNaive140-140-0.wcnf.xz,2.27,11.07,2.23,37.51,0.88,2.3,2.21,4.66,539.89,0.89,12.49
0080d74fe3a645033fd8b559ced5b319,planning_wt-bwt5bc.wcsp.dir.wcnf.xz,0.62,0.05,0.64,0.08,0.64,0.62,0.67,0.07,0.71,0.04,1.1
d7499251e2cfcee99f380621921831e7,drmx-cryptogen_wt-wolfram80_9.wcnf.xz,4.45,3600.0,1404.52,3.48,4.23,4.37,4.25,3600.0,3.5,4.17,3600.0
1f99554bef2bc4a122bde358bdf0ec4c,ramsey_wt-ram_k4_n19.ra1.wcnf.xz,3600.0,3600.0,3600.0,3600.0,3600.0,3600.0,3600.0,3600.0,3600.0,3600.0,3600.0
b84af991183c740e291dcb278e30898c,staff-scheduling_wt-instance2.wcnf.xz,2219.15,969.29,2046.92,1177.64,1586.8,2164.42,747.35,1681.2,2113.55,784.08,790.71
0858ba3db9899db3d1b7833f0f609604,planning-bnn-inventory_4_8.wcnf.xz,53.81,126.47,50.34,112.92,19.65,54.36,51.09,97.6,112.57,19.68,64.39
bfa8648f1ea694df841e675c8debe9fd,generalized-ising_wt-IS11_5.0.5.0.0.5_softer_periodic.wcnf.xz,3600.0,3600.0,3600.0,3600.0,3600.0,3600.0,3600.0,3600.0,3600.0,3600.0,3600.0
15a6037143f65e64a697bfeb83367459,decision-tree-tic-tac-toe-un-formula_0.8_2021_atleast_15_max-3_reduced_incomplete_adaboost_3.wcnf.xz,3600.0,3600.0,3600.0,3600.0,3600.0,3600.0,3600.0,3600.0,3600.0,3600.0,3600.0
ec38a31978c67b96f759ef25478e854b,judgment-aggregation-ja-kemeny-preflib-00049-00000405.wcnf.xz,1.76,3600.0,2.73,780.95,3600.0,1.75,2.73,3600.0,62.37,3600.0,3600.0
fb8d3d85ea773def3c6727ae6b14e1f4,MaxSATQueriesinInterpretableClassifiers_wt-ilpd_test_1_CNF_4_5.wcnf.xz,0.02,0.02,0.01,0.02,0.02,0.02,0.02,0.02,0.02,0.01,0.02
bd1dae02e21ea1b9f6bcb2fabc0e7c6e,Security-CriticalCyber-PhysicalComponents_wt-test75--n-20000.wcnf.xz,0.91,0.17,6.25,0.76,1.63,0.93,6.1,0.25,0.82,1.62,3.08
9037c57355ee60bb07898e95211d4c74,Security-CriticalCyber-PhysicalComponents_wt-test40--n-10000.wcnf.xz,0.36,0.05,1.83,0.41,1.94,0.36,1.85,2.53,0.64,0.53,1.18
07b5f7027a09772b6af07afb3fc02d59,rna-alignment_wt-random-dif-13.rna.pre.wcnf.xz,14.79,1.36,14.83,3.87,28.1,14.68,15.23,3.62,14.3,0.03,6.7
e364f204818d51cad7169c292724d2e2,causal-discovery_wt-causal_Mushroom_7_1000.wcnf.xz,873.28,385.71,2024.61,1692.91,3600.0,1194.24,622.86,3574.74,1727.09,3600.0,2933.87
c55bd1e4192564312c1379a94231fe2a,auctions_wt-cat_paths_60_90_0007.txt.wcnf.xz,0.11,0.78,0.09,12.6,0.1,0.1,0.09,1.05,5.67,0.02,8.52
d159496da616b4d709cc95d98a4a0b0c,pseudoBoolean_wt-normalized-factor-size=9-P=173-Q=211.opb.wcnf.xz,0.4,0.19,0.37,0.06,0.39,0.4,0.34,0.03,0.33,0.02,1.11
d2c422cccf0033b2b4f451c748b22688,metro_wt-metro_9_9_10_35_13_7_500_2_1.lp.sm-extracted.wcnf.xz,313.01,2.25,2.81,76.75,12.54,316.3,2.84,40.86,81.75,12.65,37.9
c9534ba465ae742fe74c5c94c39318a6,warehouses_wt-cap72.wcsp.wcnf.xz,0.24,29.9,0.26,551.33,0.26,0.24,0.23,355.29,60.28,0.25,3600.0
a8921c4790ae0e37d348d1884123b47a,correlation-clustering_wt-Rounded_CorrelationClustering_Ionosphere_BINARY_N260_D0.200.wcnf.xz,3600.0,3600.0,3600.0,3600.0,3600.0,3600.0,3600.0,3600.0,3600.0,3600.0,3600.0
c3c28a7b302037146fb201ee42798ea6,protein_ins_wt-p1.wcnf.t.wcnf.xz,65.29,150.41,54.77,377.66,30.74,65.6,54.26,723.75,838.48,30.81,171.22
ad6aaf8b90ad09604b5102f06e6829d8,auctions_wt-cat_sched_60_170_0003.txt.wcnf.xz,0.37,0.44,0.29,0.41,0.26,0.37,0.3,3.94,0.41,0.3,25.83
edefae4f99dff3ff4904c327685a25c9,MaxSATQueriesinInterpretableClassifiers_wt-pima_test_1_CNF_4_15.wcnf.xz,0.02,0.02,0.02,0.02,0.03,0.02,0.02,0.04,0.02,0.02,0.02
62c82f858ce7dd9c1fb2898b7bf63f25,judgment-aggregation-ja-kemeny-preflib-00051-00000009.wcnf.xz,146.38,3600.0,198.39,1323.09,3600.0,143.95,200.72,3600.0,174.41,3600.0,3600.0
20aaa2eb9e8178b5bd5f03bbc96b1b09,metro_wt-metro_8_8_5_20_10_6_500_1_0.lp.sm-extracted.wcnf.xz,648.95,8.06,1405.72,237.81,27.08,939.29,5.51,78.38,734.45,27.0,311.05
f5b3b7a814f34a4379ff25d5d86b602a,staff-scheduling_wt-instance9.wcnf.xz,3600.0,3600.0,3600.0,3600.0,3600.0,3600.0,3600.0,3600.0,3600.0,3600.0,3600.0
eb7ebb8f2a48270a9b424b171951e4dc,pseudoBoolean_wt-normalized-factor-size=9-P=251-Q=307.opb.wcnf.xz,0.55,0.19,0.5,0.07,0.54,0.54,0.5,0.02,0.29,0.02,1.1
c7be47d94f97f12ab5e026d0e121a1fc,drmx-cryptogen_wt-threshold128_0.wcnf.xz,647.64,3600.0,1537.15,107.77,945.69,947.77,238.94,3600.0,629.29,148.9,3600.0
64d1c392d5c860691ab2b06ebb614f62,CSG_wt-CSGNaive150-150-55.wcnf.xz,8.15,30.63,7.67,219.96,28.05,8.17,7.59,479.14,730.46,28.07,112.53
a0c8224bb41ef6a6775d4bbbaa49076f,Security-CriticalCyber-PhysicalComponents_wt-test34--n-10000.wcnf.xz,0.37,0.07,1.78,0.35,1.93,0.38,1.8,2.75,0.31,0.54,1.17
d79e2e0e200066bf6e8a6154cc99b0e0,frb_wt-frb10-6-1.wcnf.xz,0.11,0.45,0.08,0.09,0.08,0.11,0.1,0.05,0.12,0.02,1.15
26fcd89b956d7e76eb3d1d49a3d56490,css-refactoring_wt-dblp.dimacs.wcnf.xz,33.52,2.71,31.94,314.17,35.54,33.56,31.94,11.69,36.99,1.75,18.69
cb72f3f0638c4fea014911a7085b35b6,css-refactoring_wt-github.dimacs.wcnf.xz,7.88,80.04,13.11,1274.91,28.58,7.85,13.03,937.86,1777.87,28.03,1876.26
a15f25d50f419da92cdcf6a7309b5a5b,drmx-cryptogen_wt-geffe128_7.wcnf.xz,664.95,3600.0,1425.1,81.24,892.1,965.92,124.79,3600.0,615.44,93.4,3600.0
1d7ea16c872a01c8b490decb6f2862fe,spot5_wt-505.wcsp.dir.wcnf.xz,18.08,2.05,0.78,25.21,1.1,18.07,0.81,1.04,24.27,0.03,20.04
e663d06d76208c5e2c8766771ab8fdfc,railway-transport_wt-r11.wcnf.xz,3600.0,3600.0,3600.0,3600.0,3600.0,3600.0,3600.0,3600.0,3600.0,3600.0,3600.0
270b840d693c9af7d1f749889e48242d,tcp_wt-tcp_students_91_it_13.wcnf.xz,1257.66,529.8,1511.54,698.47,270.55,1562.84,112.56,3470.57,630.45,274.13,3600.0
e84504ff1561bbc23e918902265aeb91,ParametricRBACMaintenance_mse20_wt-role_smallcomp_multiple_0.0_3.wcnf.xz,0.52,0.29,0.48,21.24,0.53,0.52,0.48,10.22,0.58,0.08,10.05
c30f5531624cd404b4a13cabb83356c0,planning_wt-driverlog01bc.wcsp.dir.wcnf.xz,0.05,0.19,0.03,0.07,0.06,0.05,0.03,0.02,0.06,0.02,3.01
8b0f04ea2476537ea9628e217fa20072,drmx-cryptogen_wt-wolfram72_1.wcnf.xz,608.79,3600.0,1406.73,1.46,4.94,908.75,108.47,3600.0,1.46,4.95,23.15
0d6d034ad8c7fff4ceab7a9bb237c180,haplotyping-pedigrees_wt-ped2.B.recomb1-0.20-11.wcnf.xz,0.84,3.11,0.92,17.56,0.7,0.86,0.88,1.62,17.55,0.7,25.9
38cc273f22bde72a1d97930c807ea013,setcover_wt-rail582.wcnf.xz,62.96,3600.0,63.69,3600.0,3600.0,62.24,63.16,3600.0,115.6,3600.0,3600.0
52a9aab8a9e7d5cd2e419127e17f647b,decision-tree-anneal-un-formula_0.8_2021_atleast_31_max-4_reduced_incomplete_adaboost_5.wcnf.xz,3600.0,3600.0,3600.0,3600.0,3600.0,3600.0,3600.0,3600.0,3600.0,3600.0,3600.0
9c90e68e486e8867f821d55955a5570f,frb_wt-frb20-11-2.wcnf.xz,3.07,1206.84,5.62,22.67,3.14,3.08,5.67,0.37,4.35,0.08,1.32
3507012aadb2311ec50dc15065a08859,quantum-circuit-qft_5_26_ibmq-casablanca_7.wcnf.xz,4.5,19.54,1408.28,210.44,5.53,4.43,4.48,628.92,709.81,5.51,255.53
d0732515c0909712a4e2551819e856e9,generalized-ising_wt-IS3_5.0.5.0.0.5_softer_periodic.wcnf.xz,3600.0,3600.0,3600.0,3600.0,3600.0,3600.0,3600.0,3600.0,3600.0,3600.0,3600.0
a3a3b50b7c714102029464945b2731cc,preference_planning_wt-WCNF_pathways_p10.wcnf.xz,602.71,6.77,1402.36,72.5,2.09,902.71,2.21,10.99,583.02,2.09,50.66
5206e54698cf485f2a4f2793f2accc8b,dalculus_wt-f49-DC_TotalLoss.seq-A-3-2-EDCBAir.wcnf.xz,8.43,1.57,40.9,6.12,0.18,8.45,41.22,1.6,505.29,0.18,275.03
7f976d6b45ba8010112ba5e3c3e4170d,pseudoBoolean_wt-normalized-factor-size=9-P=127-Q=487.opb.wcnf.xz,0.38,0.17,0.41,0.05,0.43,0.37,0.38,0.01,0.08,0.02,1.1
1686e5ba1d2ab213818f01242cea94fd,pseudoBoolean_wt-normalized-factor-size=9-P=101-Q=379.opb.wcnf.xz,0.43,0.18,0.41,0.06,0.41,0.44,0.41,0.03,0.15,0.02,1.17
a50d701de53dd7bd9e969ccbd9421e77,judgment-aggregation-ja-kemeny-preflib-00049-00000451.wcnf.xz,860.73,3600.0,3600.0,3600.0,3600.0,1160.99,3600.0,3600.0,388.81,3600.0,3600.0
4f8663d592667e99e20d997fd546ed4b,synplicate-BankLoan-run2-ms_0_65_0.9671232876712329_erm.wcnf.xz,601.99,12.08,1412.71,46.72,830.8,901.95,113.1,35.44,546.51,32.05,12.32
de79ad8131728ebe12267f9c3a8af3dd,correlation-clustering_wt-Rounded_CorrelationClustering_Protein3_TRANSITIVE_N280.wcnf.xz,760.5,3600.0,277.94,1981.9,284.45,1061.27,276.23,3600.0,2222.45,288.48,3600.0
b688abb30c52d1658d943698ed57b2f1,css-refactoring_wt-amazon.dimacs.wcnf.xz,556.58,55.81,749.06,1424.75,34.44,560.58,119.93,386.24,1724.88,34.8,715.36
aaa729941050b40e9a5572c4acacc06b,mpmcs_wt-test31--n-5000.wcnf.xz,0.83,0.08,1.03,0.45,1.1,0.85,1.03,0.85,0.45,0.11,1.17
2bf535183f192ca0eeaf502fce19a188,MaxSATQueriesinInterpretableClassifiers_wt-compas_train_1_DNF_1_15.wcnf.xz,18.52,9.9,47.37,333.98,800.72,18.53,47.12,888.84,81.01,0.68,10.25
d21014fd38ce608ee8d32a8d8b8b7504,dalculus_wt-f49-DC_TotalLoss.seq-B-2-combined-abcdeir.wcnf.xz,22.42,2.08,55.72,30.23,39.54,22.43,55.89,0.42,38.94,0.07,223.82
da488b7f755f824466cc2f14fd6c15c5,upgradeability_wt-mancoosi-test-i10d0u98-8.wcnf.xz,0.42,0.07,0.48,1.83,0.17,0.41,0.48,0.42,1.8,0.16,1.36
33334159a2ae99f7bc99a5a8eb719fb6,judgment-aggregation-ja-kemeny-preflib-00049-00000468.wcnf.xz,88.92,3600.0,79.07,3600.0,84.16,89.0,3600.0,3600.0,139.46,3600.0,3600.0
708e5baa1b051904fb08cbdb81d68abb,synplicate-BankLoan-run1-ms_0_28_0.955_erm.wcnf.xz,602.22,18.32,1438.81,70.78,821.46,902.21,140.44,177.27,570.2,22.34,35.99
a1a876f2cf98bde9fa630df5418b220d,tcp_wt-tcp_students_112_it_2.wcnf.xz,996.68,202.25,1462.04,789.03,61.02,1278.99,63.17,2125.94,1332.5,62.07,2914.82
b61ee98ba5bf67a253eac766480f64e7,tcp_wt-tcp_students_105_it_8.wcnf.xz,672.63,71.65,1420.17,383.03,28.39,973.04,20.47,170.42,538.65,28.62,369.88
4cd43fb32a4254d45f1a3f9d0cad29e7,max-realizability_wt-power-distribution_10_2.wcnf.xz,4.07,0.27,8.96,0.07,10.24,4.07,9.03,0.07,9.82,0.03,3.89
f2a019973e50eb6ef59b5de918d9afe8,Security-CriticalCyber-PhysicalComponents_wt-test43--n-15000.wcnf.xz,1.23,0.26,12.58,2.43,2.27,1.31,12.56,0.78,1.06,2.3,4.89
aea9c8a623c49be4cc7891a6cc0f73d0,hs-timetabling_wt-BrazilInstance1.xml.wcnf.xz,3600.0,3600.0,3600.0,3600.0,3600.0,3600.0,3600.0,3600.0,3600.0,3600.0,3600.0
bf08ecae07df3a77d80e298d79f5ede4,mpe_wt-random-net-220-1_network-4.net.wcnf.xz,4.54,133.08,5.37,572.07,5.32,4.55,5.34,449.99,66.39,1.71,3600.0
f42ff850de91b7073d2832c1056746e0,metro_wt-metro_8_8_5_20_10_6_500_1_3.lp.sm-extracted.wcnf.xz,749.23,85.37,1865.27,966.09,1401.09,1070.18,458.11,2067.26,1490.92,1403.56,1014.15
1011a30cb5f7d6b24dc508bde270b19a,haplotyping-pedigrees_wt-ped3.F.recomb10-0.20-11.wcnf.xz,1.17,50.11,1.42,98.14,1.29,1.16,1.41,7.16,599.4,1.32,341.16
c53364307a524c20be1ccd76a98fd4b6,max-realizability_wt-power-distribution_3_4.wcnf.xz,25.69,0.1,11.68,0.17,12.15,25.66,11.95,0.05,5.28,0.03,4.09
98f16f7abdc2024a77243845a9493400,warehouses_wt-warehouse1.wcsp.wcnf.xz,0.11,1.21,0.13,369.24,0.11,0.11,0.1,19.94,60.25,0.11,381.38
41790bb8fcb5383577f924417f5508ff,drmx-cryptogen_wt-geffe128_0.wcnf.xz,638.37,3600.0,1422.31,17.7,842.02,937.83,121.99,3600.0,17.6,42.14,3600.0
fb8cee8d26134e7fbc08a42aa66adecf,auctions_wt-cat_paths_60_70_0003.txt.wcnf.xz,0.07,0.18,0.07,0.1,0.04,0.07,0.07,0.07,0.11,0.02,6.34
1d1e713e9a24686335fc8994c573e9f3,setcover_wt-rail2536.wcnf.xz,3600.0,3600.0,3600.0,3600.0,3600.0,3600.0,3600.0,3600.0,3600.0,3600.0,3600.0
ff67b061570b41149442bb54992f179e,quantum-circuit-su2random_5_30_ibmq-london_5.wcnf.xz,1174.71,481.43,1444.78,179.61,801.81,1490.62,144.48,3600.0,675.53,1.8,3600.0
02f0572a56d1a1364634aa0b6d337bc7,max-realizability_wt-power-distribution_11_7.wcnf.xz,3600.0,3600.0,3600.0,2882.21,3600.0,3600.0,3600.0,3600.0,3600.0,3600.0,3600.0
90f547247fbccdcca329b0723a6c56a4,MinimumWeightDominatingSetProblem_wt-hugebubbles-00020.wcnf.xz,3600.0,3600.0,3600.0,3600.0,3600.0,3600.0,3600.0,3600.0,3600.0,3600.0,3600.0
95274b1de1edbbf7a45d1345b40a08da,timetabling_wt-EA09.lp.sm-extracted.wcnf.xz,43.25,50.61,39.42,306.38,153.42,42.95,39.56,504.02,305.13,153.89,316.05
ae2290309f93bcf7027f8e395c989ad2,mpmcs_wt-test45--n-7500.wcnf.xz,0.14,0.07,0.2,2.36,0.26,0.12,0.2,38.72,0.34,0.05,1.3
64f0b64f0470368037824092394df3fe,hs-timetabling_wt-BrazilInstance2.xml.wcnf.xz,3600.0,3600.0,3600.0,3600.0,3600.0,3600.0,3600.0,3600.0,3600.0,3600.0,3600.0
a86f5c6b9f7a4eb0a35288a9e102d6f4,protein_ins_wt-2knt_.5pti_.g.wcnf.t.wcnf.xz,26.8,80.55,33.44,328.9,25.62,26.93,33.04,220.15,794.54,25.47,115.29
0fb7f966c413b39a102f00e51f61becb,Security-CriticalCyber-PhysicalComponents_wt-test57--n-15000.wcnf.xz,0.73,0.13,4.86,0.86,1.05,0.73,4.82,3.1,0.86,1.08,2.04
985708c113dfeeb6948f3971adbfeba8,mpmcs_wt-test64--n-10000.wcnf.xz,1.18,0.11,1.33,2.72,1.42,1.19,1.33,0.15,2.89,0.05,8.2
5c8c21c3fb72b591bbe3bfb4cf99cdb3,synplicate-BankLoan-run3-ms_0_80_0.8273972602739726_erm.wcnf.xz,602.44,37.9,1426.37,63.83,828.92,902.42,131.05,161.12,541.61,30.41,36.52
3e3c3fbebf7e68cd02ae2ae5e90ee8af,quantum-circuit-portfoliovqe_4_18_rigetti-agave_8.wcnf.xz,816.52,1.54,1400.24,40.08,800.25,1113.76,100.24,154.75,534.53,0.21,562.96
e5bcb54160833a302d0fd0469178c147,causal-discovery_wt-causal_alarm_9_1000.wcnf.xz,287.57,2114.92,603.9,2065.6,1673.42,273.86,606.18,3302.92,1876.46,1711.33,1176.47
d06568a604e76e26e1eeeab8478494d9,ParametricRBACMaintenance_mse20_wt-role_smallcomp_multiple_0.9_6.wcnf.xz,3600.0,3600.0,3600.0,3600.0,3600.0,3600.0,3600.0,3600.0,3600.0,3600.0,3600.0
b43ce7fe382e20d0783958b99f65466b,qcp_wt-file_qc_wcnf_N7_H29_3.wcnf.xz,0.65,0.42,0.66,0.21,0.34,0.65,0.64,0.12,0.61,0.03,6.64
ca81689ac53dad89f6ef62375493a122,spot5_wt-28.wcsp.dir.wcnf.xz,151.54,451.0,1.33,1136.49,1.55,150.89,1.33,18.99,61.77,123.61,1373.3
61323454f26e20745256842d6d3bfaeb,shiftdesign_wt-limits-10-10_data-3_inst-002_30m.sm-extracted.wcnf.xz,107.04,364.8,113.54,1851.6,134.53,106.53,112.45,162.68,2562.77,134.62,3600.0
8fa3495c60f54e544d77a6462301f71b,CSG_wt-CSG140-140-46.wcnf.xz,2.21,8.95,2.36,41.22,1.02,2.24,2.32,6.11,543.25,1.01,8.02
a052ae1d1cbf07510267b81974b94899,timetabling_wt-dds4.wcnf.xz,3600.0,3600.0,3600.0,3600.0,3600.0,3600.0,3600.0,3600.0,3600.0,3600.0,3600.0
bbfa812e89cecdb844b2608f8e2a54ae,causal-discovery_wt-causal_Link_10_1000.wcnf.xz,1888.43,658.84,275.98,1733.44,614.05,2463.76,241.22,3130.01,1586.47,605.05,1466.06
72fdd0c9b3f8a5d2924cb62ab4d4f838,rna-alignment_wt-k100-67-93.rna.pre.wcnf.xz,10.04,18.52,11.63,135.65,1.64,10.23,11.6,323.12,695.36,1.63,3600.0
f44a9dd1813da9146aa9b3b7b91f9196,timetabling_wt-comp14.wcnf.xz,6.94,742.29,7.47,213.17,5.14,6.88,7.45,38.96,237.59,5.17,314.45
e1b16b06bbce9e3a1907a29f78b45e88,causal-discovery_wt-causal_carpo_8_1000.wcnf.xz,3600.0,3600.0,3600.0,2211.81,3600.0,3600.0,2734.26,3600.0,1999.23,3600.0,3600.0
8a04a72495a339221e94393432853a8b,ParametricRBACMaintenance_mse20_wt-role_domino_multiple_0.6_8.wcnf.xz,3600.0,3600.0,3600.0,3600.0,3600.0,3600.0,3600.0,3600.0,3600.0,3600.0,3600.0
bf312e3713f08c2baff18d90037798e9,railway-transport_wt-bf2030fvcons.wcnf.xz,179.07,262.04,136.84,229.41,105.96,180.03,136.86,790.74,698.3,105.81,98.88
b221121b37596d5fc5257721b9f3b3e1,spot5_wt-29.wcsp.log.wcnf.xz,0.31,0.38,0.26,0.26,0.3,0.31,0.28,0.03,0.25,0.01,5.05
83bd2fc9e5d0dc6e5ff34855c319b6a9,max-realizability_wt-power-distribution_9_6.wcnf.xz,603.0,13.79,1401.91,7.68,802.74,903.01,102.0,66.28,507.25,2.69,38.32
21b6af9bb8655a075bdd003c0ff996a2,synplicate-BankLoan-run3-ms_0_38_0.9123287671232877_erm.wcnf.xz,601.66,10.76,1461.18,67.68,805.06,901.67,163.23,37.95,567.32,5.04,15.89
f51990c25f16965d377c30fc3b535839,tcp_wt-tcp_students_91_it_2.wcnf.xz,408.11,0.82,219.6,69.75,0.36,407.86,0.4,3.95,88.47,0.37,218.34
4b6d460f198abf8f38854495589bd501,generalized-ising_wt-IS13_5.0.5.0.0.5_softer_periodic.wcnf.xz,3600.0,3600.0,3600.0,3600.0,3600.0,3600.0,3600.0,3600.0,3600.0,3600.0,3600.0
c7ccbe817f13a8057d2e07b692cdcdd8,auctions_wt-cat_sched_60_130_0000.txt.wcnf.xz,0.29,0.3,0.24,0.44,0.23,0.29,0.26,0.22,0.43,0.03,19.3
70089f03f9e915c64f76757dd6c88e3d,Security-CriticalCyber-PhysicalComponents_wt-test52--n-15000.wcnf.xz,0.8,0.13,4.13,0.8,0.97,0.76,4.09,2.08,1.46,0.97,2.02
8870bb009bcb1d8121fabebbe85228aa,switchingactivitymaximization-SwitchingActivityMaximization_OpenRISC1200_150.wcnf.xz,3600.0,3600.0,3600.0,3600.0,3600.0,3600.0,3600.0,3600.0,3600.0,3600.0,3600.0
5c78ce2f0972ef48e5a4084d96bd27d9,pseudoBoolean_wt-normalized-factor-size=9-P=31-Q=439.opb.wcnf.xz,0.39,0.16,0.39,0.05,0.45,0.4,0.36,0.02,0.06,0.01,1.12
803b3523eccde74da20e8930fd247837,quantum-circuit-ae_5_20_ibmq-casablanca_7.wcnf.xz,1316.78,12.19,1402.05,131.65,81.1,1689.31,1.87,81.63,547.85,81.08,134.02
45872329f15dfec71d637f59737f932c,MaxSATQueriesinInterpretableClassifiers_wt-toms_test_3_CNF_1_20.wcnf.xz,1.92,117.9,12.93,531.16,4.35,1.93,12.88,641.28,1009.72,4.32,3600.0
3dce69ff05dda416345056eeb9ed8346,ParametricRBACMaintenance_mse20_wt-role_university_multiple_0.5_7.wcnf.xz,3600.0,3600.0,3600.0,3600.0,3600.0,3600.0,3600.0,3600.0,3600.0,3600.0,3600.0
0ce588b66c1225762bf764c4ddd303c9,mpe_wt-random-net-20-4_network-7.net.wcnf.xz,7.58,1.57,7.39,159.06,6.64,7.62,7.41,17.88,12.71,0.86,27.37
3e28b995805dafa9103914f1c6248d76,spot5_wt-1405.wcsp.dir.wcnf.xz,3600.0,3600.0,3021.18,3600.0,3600.0,3600.0,1717.47,114.69,3600.0,3600.0,3600.0
8512fdbd5dfd6c0991c1000209c1359c,ParametricRBACMaintenance_mse20_wt-role_university_multiple_0.5_5.wcnf.xz,3600.0,3600.0,3600.0,3600.0,3600.0,3600.0,3600.0,3600.0,3600.0,3600.0,3600.0
ea5ca1717e9caba0951e9312f7af5769,rna-alignment_wt-random-same-18.rna.pre.wcnf.xz,14.32,0.58,14.4,0.84,17.72,14.28,14.79,5.87,0.87,0.06,7.96
fb26cfe465f0891d3c3695c54b030a4a,synplicate-AutoTaxi-run4-ms_0_100_0_erm.wcnf.xz,604.75,3.38,1402.88,43.52,802.13,904.77,101.51,15.88,533.1,2.18,15.14
52f763e7eab1ef05f7a485c73ce0cb40,judgment-aggregation-ja-kemeny-preflib-00049-00000107.wcnf.xz,4.71,3600.0,118.15,880.87,3600.0,4.76,118.07,3600.0,65.25,3600.0,3600.0
20cffaff39608df213c307d7aeaec265,Security-CriticalCyber-PhysicalComponents_wt-test54--n-15000.wcnf.xz,0.66,0.61,4.93,7.7,1.42,0.67,4.85,4.95,1.22,1.44,35.94
46f1a3f8a26638731e4acaf750df0f93,protein_ins_wt-1knt_.5pti_.g.wcnf.t.wcnf.xz,48.01,181.01,28.25,312.87,26.89,47.33,28.36,203.69,770.61,27.13,107.79
88f64a6462510daec1b76b26e09a90d2,auctions_wt-cat_paths_60_150_0005.txt.wcnf.xz,0.21,1.25,0.24,26.9,0.23,0.21,0.24,155.29,19.61,0.04,13.38
ea6e134f6cd044eb13e5c21920bfaafe,generalized-ising_wt-IS7_5.0.5.0.0.5_softer_periodic.wcnf.xz,3600.0,3600.0,3600.0,3600.0,3600.0,3600.0,3600.0,3600.0,3600.0,3600.0,3600.0
e6de18fc4cf3c744459cdbfc6c9b7f71,mpe_wt-random-net-100-2_network-4.net.wcnf.xz,542.4,275.69,313.94,685.66,802.93,543.26,103.7,242.4,248.63,2.94,3600.0
268cadd8024d46b2e6dd5d83ddd6bbb5,planning_wt-depot01c.wcsp.wcnf.xz,0.04,0.02,0.02,0.02,0.04,0.04,0.04,0.02,0.05,0.02,1.16
f5c5fab27c174cd546d8453bc5c4aebb,decision-tree-heart-cleveland-un-formula_0.8_2021_atleast_31_max-4_reduced_incomplete_adaboost_4.wcnf.xz,3600.0,3600.0,3600.0,3600.0,3600.0,3600.0,3600.0,3600.0,3600.0,3600.0,3600.0
9e74685fc90f755426ad95c524f6d79d,haplotyping-pedigrees_wt-ped2.B.recomb1-0.10-10.wcnf.xz,112.84,2.16,0.55,8.16,0.38,112.97,0.53,0.7,8.21,0.38,8.22
6ac7c5e6d741b5f51d747d97a4167581,spot5_wt-1401.wcsp.log.wcnf.xz,1573.94,3600.0,3600.0,3600.0,3600.0,3600.0,3204.35,607.72,3600.0,3600.0,3600.0
401cdeaf2fceb1273b62962e3910ef13,haplotyping-pedigrees_wt-ped3.F.recomb10-0.01-2.wcnf.xz,363.71,26.91,0.81,110.97,0.88,363.77,0.8,5.09,609.63,0.89,16.09
58623ef6ebafd3d0446b5ab6d3035a76,ParametricRBACMaintenance_mse20_wt-role_university_multiple_0.4_7.wcnf.xz,3600.0,3600.0,3600.0,3600.0,3600.0,3600.0,3600.0,3600.0,3600.0,3600.0,3600.0
bf623b70b2641cdf190b56abeec3f515,auctions_wt-cat_reg_60_160_0005.txt.wcnf.xz,0.96,2.36,0.8,271.99,1.04,0.95,0.85,24.51,61.42,0.27,19.15
6f0b275ff2e8c4c2f24118627d692bc9,spot5_wt-42.wcsp.dir.wcnf.xz,11.02,26.58,0.46,23.41,0.55,11.05,0.49,1.27,8.52,0.33,10.55
701bcb874d9eae8d73e601a1ed07517a,correlation-clustering_wt-Rounded_CorrelationClustering_Protein2_BINARY_N380.wcnf.xz,3600.0,3600.0,3600.0,3600.0,3600.0,3600.0,3600.0,3600.0,3600.0,3600.0,3600.0
aabd00400139b816eff5b73816ae92b9,staff-scheduling_wt-instance8.wcnf.xz,3600.0,3600.0,3600.0,3600.0,3600.0,3600.0,3600.0,3600.0,3600.0,3600.0,3600.0
801baeeeca67651bbafa359146de6282,staff-scheduling_wt-instance6.wcnf.xz,3600.0,3600.0,3600.0,3600.0,3600.0,3600.0,3600.0,3600.0,3600.0,3600.0,3600.0
f15c993d5534561f9a242d70e1c8333c,setcover_wt-rail4872.wcnf.xz,3600.0,3600.0,3600.0,3600.0,3600.0,3600.0,3600.0,3600.0,3600.0,3600.0,3600.0
3135deb6469cbd070b7288992d6c254e,causal-discovery_wt-causal_n6_i10_N500_uai14_log_int.wcnf.xz,242.27,1.46,1401.12,211.72,802.54,243.95,101.08,14.7,661.49,2.58,23.39
c9572e86b585e47ef8172229a489d368,decision-tree-primary-tumor-un-formula_0.8_2021_atleast_15_max-3_reduced_incomplete_adaboost_2.wcnf.xz,3600.0,3600.0,3600.0,3600.0,3600.0,3600.0,3600.0,3600.0,3600.0,3600.0,3600.0
341275422bb66b3e8b872168a409dd6e,quantum-circuit-grover-noancilla_4_52_ibmq-casablanca_7.wcnf.xz,19.08,440.93,2.91,141.78,23.59,19.12,2.88,3600.0,642.63,23.64,3600.0
a8cdd3b60255e0fb59dca9aeec6bbdd1,metro_wt-metro_9_9_10_35_13_7_500_2_6.lp.sm-extracted.wcnf.xz,176.82,3.0,1.71,73.31,7.65,175.88,1.72,34.31,70.98,7.65,34.27
586739fc15abdca970197a2aa5bac265,judgment-aggregation-ja-kemeny-preflib-00049-00000353.wcnf.xz,68.38,3600.0,48.48,836.42,3600.0,68.84,47.95,3600.0,120.55,3600.0,3600.0
4bcbd8862bb9b5a06133d0c2289ed908,hs-timetabling_wt-ItalyInstance1.xml.wcnf.xz,678.23,64.95,1445.42,15.85,538.22,960.69,154.71,3600.0,516.09,538.1,3600.0
65afd00f23c430a20d6b5eeb15064f56,synplicate-AutoTaxi-run3-ms_0_47_0.96_erm.wcnf.xz,600.47,2.05,1401.02,10.08,800.55,900.5,100.57,6.64,508.96,0.56,13.19
a6a55b1ca15106193b2fe0c9f229bb07,metro_wt-metro_9_8_7_22_10_6_500_1_2.lp.sm-extracted.wcnf.xz,603.34,3.56,1404.17,106.26,11.01,610.94,4.02,63.27,607.8,11.04,24.81
dba3af5b4fb143b01fe017337feeee9f,railway-transport_wt-wg2.wcnf.xz,3600.0,3600.0,3600.0,3600.0,3600.0,3600.0,3600.0,3600.0,3600.0,3600.0,3600.0
a58c40e8eebea69a64cf0cf2f577c955,planning_wt-mprime01ac.wcsp.wcnf.xz,1.33,0.29,1.79,2.47,1.81,1.31,1.8,0.06,1.95,0.04,5.26
6c0379512116260b9910f88a880cfb75,synplicate-TheoremProver-run2-ms_0_80_0.8582278481012658_erm.wcnf.xz,600.57,6.43,1401.31,9.1,803.28,900.57,101.4,8.9,509.21,3.32,9.84
8951ad51269668f77526f75ddc8f8b0f,rna-alignment_wt-k100-71-84.rna.pre.wcnf.xz,13.72,20.16,13.96,138.58,1.14,13.85,13.78,226.81,648.74,1.14,919.69
3d86fa678a05f8681dfb5fa7c61a52cf,pseudoBoolean_wt-normalized-factor-size=9-P=317-Q=389.opb.wcnf.xz,0.48,0.18,0.5,0.05,0.51,0.48,0.49,0.03,0.58,0.01,1.13
0803cb5e95b150932996026b3d39d6a7,MinimumWeightDominatingSetProblem_wt-delaunay_n24.wcnf.xz,3600.0,3600.0,3600.0,3600.0,3600.0,3600.0,3600.0,3600.0,3600.0,3600.0,3600.0
ea8cd30a02a791f369446f1071a6036c,preference_planning_wt-WCNF_storage_p02.wcnf.xz,377.98,0.87,592.42,2.38,800.19,378.8,100.25,0.85,502.28,0.17,6.96
51486eca745fd21239f1c1f48933a04b,preference_planning_wt-WCNF_pathways_p11.wcnf.xz,13.54,0.39,27.63,3.35,47.77,13.6,27.74,0.16,73.12,0.04,11.39
3c47851ae30948ead8b8ea9ed49b372f,planning_wt-bwt4bc.wcsp.wcnf.xz,0.13,0.02,0.11,0.04,0.13,0.13,0.11,0.04,0.15,0.02,1.09
6d9fd3df935e1987219ade3d39025b5f,haplotyping-pedigrees_wt-ped2.G.recomb1-0.20-13.wcnf.xz,5.6,33.56,6.55,145.97,6.22,5.57,6.45,25.91,144.47,6.27,52.97
df4ea579b4323eae6864e9368b342c9e,qcp_wt-file_qc_wcnf_N9_H48_2.wcnf.xz,1.61,0.68,1.59,0.62,0.78,1.61,1.59,0.24,2.07,0.05,4.04
2a847b03285818f0a871eff5e6f0a2d2,switchingactivitymaximization-SwitchingActivityMaximization_OpenRISC1200_100.wcnf.xz,3600.0,3600.0,3600.0,3600.0,3600.0,3600.0,3600.0,3600.0,3600.0,3600.0,3600.0
48ee94502465fd7a7cf81d68ceef55a9,decision-tree-primary-tumor-un-formula_0.8_2021_atleast_127_max-6_reduced_incomplete_adaboost_2.wcnf.xz,3600.0,3600.0,3600.0,3600.0,3600.0,3600.0,3600.0,3600.0,3600.0,3600.0,3600.0
18d5b79268f7b1ccf7bd9ab479981136,switchingactivitymaximization-SwitchingActivityMaximization_OpenRISC1200_80.wcnf.xz,3600.0,3600.0,3600.0,3600.0,3600.0,3600.0,3600.0,3600.0,3600.0,3600.0,3600.0
fa34dfbb2a37c42ff5b90599346674b1,CSG_wt-CSGNaive70-70-91.wcnf.xz,0.14,0.79,4.96,0.29,0.1,0.15,0.16,0.21,4.44,0.09,4.34
84519012d7a7c3ae9c65c14cdbca86d3,correlation-clustering_wt-Rounded_CorrelationClustering_Protein2_UNARY_N220.wcnf.xz,1365.22,3600.0,3600.0,1722.35,3600.0,1763.88,3600.0,3600.0,2318.26,3600.0,3600.0
ed76872f77dfde454ddf05b161c4ad28,qcp_wt-file_qc_wcnf_N10_H60_2.wcnf.xz,8.44,0.97,7.27,0.6,5.6,8.42,7.31,0.39,5.19,0.31,1.93
73f363610ae7450e8c0fe6334cc44f33,drmx-cryptogen_wt-wolfram80_8.wcnf.xz,6.63,3600.0,1406.65,4.69,4.46,6.84,6.72,3600.0,4.73,4.45,3600.0
20dc7d694fe26d2129762a5f2d7e24db,planning-bnn-inventory_4_7.wcnf.xz,47.6,114.7,45.21,85.13,12.37,47.46,44.82,75.88,85.24,12.37,45.87
856540b1277e2ca1f6a9736e20532ce7,metro_wt-metro_8_8_5_20_10_6_500_1_1.lp.sm-extracted.wcnf.xz,657.4,9.83,1417.0,425.14,415.56,971.03,17.26,162.79,952.55,413.61,356.88
d86005058c826d129ef96a560e860819,MaxSATQueriesinInterpretableClassifiers_wt-iris_train_0_DNF_5_20.wcnf.xz,0.57,0.92,0.37,0.8,0.23,0.57,0.37,0.05,0.42,0.02,2.92
948f93c64d251309509c80e78d27e31a,mpe_wt-random-net-30-5_network-10.net.wcnf.xz,110.22,21.54,161.63,459.52,82.23,109.96,363.58,27.15,154.26,3.57,35.78
33900cba24e57ec1759b9329e6965ddd,mpe_wt-random-net-50-4_network-2.net.wcnf.xz,2060.19,472.4,3600.0,920.58,833.07,2059.38,3600.0,154.22,1427.24,32.89,278.8
fe919467b9a58107549d8ab3d68e3f5a,mpe_wt-random-net-30-4_network-9.net.wcnf.xz,810.01,88.0,1411.6,505.99,804.46,1109.8,111.56,35.79,425.68,4.44,128.33
7f428c56dc1519c511355cf5a2072941,judgment-aggregation-ja-kemeny-preflib-00051-00000011.wcnf.xz,1068.52,3600.0,3600.0,3600.0,3600.0,1372.4,3600.0,3600.0,407.68,3600.0,3600.0
5386b73b527f74395d726daa1ed4a030,ParametricRBACMaintenance_mse20_wt-role_domino_multiple_0.5_1.wcnf.xz,3600.0,3600.0,3600.0,3600.0,3600.0,3600.0,3600.0,3600.0,3600.0,3600.0,3600.0
287e43071e8cf5070a23a7aa88cc2d09,frb_wt-frb15-9-3.wcnf.xz,0.65,8.33,0.61,0.82,1.48,0.65,0.63,0.16,1.11,0.01,1.18
83711ddf9361a4442be2e15ae8df664c,causal-discovery_wt-causal_hailfinder_8_10000.wcnf.xz,46.9,369.94,111.87,1153.4,260.96,47.21,107.57,689.84,1120.24,256.39,435.83
0811236bb8caab03731d83df9d3e06c2,shiftdesign_wt-limits-10-10_data-1_inst-099_60m.sm-extracted.wcnf.xz,4.28,16.16,4.29,13.5,0.87,4.25,4.32,3.88,13.36,0.87,7.59
591438f7eb97135499f3fda335307def,CSG_wt-CSG150-150-55.wcnf.xz,7.93,25.36,8.93,228.25,11.73,7.81,8.99,379.66,720.68,11.91,128.12
6242828f9124adbc1fab84109e11352a,upgradeability_wt-mancoosi-test-i2000d0u98-37.wcnf.xz,0.44,0.36,0.54,18.08,0.31,0.47,0.54,14.75,3.7,0.31,30.9
695c3f96bb48a7f04764416ecd5df0d3,Security-CriticalCyber-PhysicalComponents_wt-test66--n-20000.wcnf.xz,1.88,0.15,9.9,0.77,2.57,1.83,9.85,0.3,1.09,2.54,1.45
7d454d8e8d22c154b16fb61bdc42a421,spot5_wt-1502.wcsp.log.wcnf.xz,0.07,0.17,0.06,0.13,0.07,0.07,0.07,0.02,0.1,0.01,4.94
4df94075e5b2fa5c25f67d396548f1cb,planning_wt-bwt7.wcsp.wcnf.xz,2.76,0.37,0.26,0.66,0.1,2.84,0.25,0.15,5.3,0.09,1.74
afabf5e4c76fac4dafc82954e90bf5cc,upgradeability_wt-mancoosi-test-i2000d0u98-36.wcnf.xz,0.44,0.35,0.55,3.95,0.32,0.47,0.53,3.5,4.26,0.32,35.04
b8c4ef0511b9098822ee71f6abcfbf62,setcover_wt-rail4284.wcnf.xz,3600.0,3600.0,3600.0,3600.0,3600.0,3600.0,3600.0,3600.0,3600.0,3600.0,3600.0
46d6acd41c6cff30e30c2b6ea6e43759,drmx-cryptogen_wt-wolfram80_3.wcnf.xz,20.89,3600.0,1455.65,1.48,9.26,21.21,20.88,3600.0,1.53,9.31,3600.0
41e3f8970f202ab9b6149f8bd72928bf,preference_planning_wt-WCNF_pathways_p01.wcnf.xz,0.35,0.14,0.38,0.15,0.58,0.35,0.4,0.01,0.19,0.01,1.15
813472c7c0bbed449c279d3c25a2d1bb,synplicate-TheoremProver-run1-ms_0_36_0.906060606060606_erm.wcnf.xz,600.16,0.88,1400.19,2.49,800.18,900.15,100.12,2.18,502.4,0.17,5.9
ab39be7e20b489e9db5dd505d70e7aca,css-refactoring_wt-openstreetmap.dimacs.wcnf.xz,64.82,3.8,82.01,579.33,83.77,65.3,81.72,28.74,647.6,2.86,25.07
6822ca2cc37207e6b3f88d94d3210c74,hs-timetabling_wt-BrazilInstance7.xml.wcnf.xz,3600.0,3600.0,3600.0,3600.0,3600.0,3600.0,3600.0,3600.0,3600.0,3600.0,3600.0
dd6f5b69771de9da542542f64eae7bab,correlation-clustering_wt-Rounded_CorrelationClustering_Protein1_UNARY_N290.wcnf.xz,3600.0,3600.0,3600.0,2558.92,1835.81,3600.0,3600.0,3600.0,2849.93,1796.77,3600.0
b1dd4ee6e5b74c18a2f0cc4162f8e2c8,abstraction-refinement_wt-downcast-xalan.wcnf.xz,82.63,149.0,107.4,915.33,190.86,81.22,108.57,3600.0,826.4,191.61,3600.0
aebb3a455c212726d9491ef770ccda4e,max-realizability_wt-power-distribution_12_8.wcnf.xz,3600.0,3600.0,3600.0,3600.0,3600.0,3600.0,3600.0,3600.0,3600.0,3600.0,3600.0
d1c743d5004fc3deac88018f463a492c,correlation-clustering_wt-Rounded_CorrelationClustering_Protein3_UNARY_N220.wcnf.xz,1161.2,3600.0,3600.0,1649.74,1953.59,1539.87,3600.0,3600.0,1500.84,1963.2,3600.0
0287e2fbe2e51f2d27cee56797dba325,switchingactivitymaximization-SwitchingActivityMaximization_OpenRISC1200_72.wcnf.xz,3600.0,2768.61,3600.0,3600.0,3600.0,3600.0,3600.0,3600.0,3600.0,3600.0,3600.0
63d84a984cd107f17035ee68a08e9e4d,synplicate-AutoTaxi-run4-ms_0_84_0.9015384615384615_erm.wcnf.xz,606.53,19.69,1413.09,61.01,814.12,906.57,113.87,120.23,553.13,14.26,59.0
4190ee4d7b7946ff02b4b66d6bf528a7,tcp_wt-tcp_students_91_it_5.wcnf.xz,633.82,12.81,1401.85,171.45,2.13,933.09,1.81,57.48,166.24,2.13,152.79
546915d82d3b98dd68d3082f7a673246,pseudoBoolean_wt-normalized-factor-size=9-P=23-Q=379.opb.wcnf.xz,0.31,0.03,0.22,0.05,0.24,0.31,0.24,0.02,0.09,0.02,1.1
775114dcf8c7f579a39c8c4196faecdc,rna-alignment_wt-random-dif-9.rna.pre.wcnf.xz,3.87,0.38,4.06,1.61,8.09,3.92,4.16,2.1,4.67,0.02,3.44
45c75b3784cc26e9cf6519642f8b2225,qcp_wt-file_qc_wcnf_N6_H21_4.wcnf.xz,0.19,0.34,0.16,0.13,0.06,0.18,0.18,0.02,0.15,0.02,6.55
e98bb09cfa88c2132e43582e1e5ade89,auctions_wt-cat_reg_60_150_0002.txt.wcnf.xz,0.85,4.6,0.71,91.31,0.84,0.85,0.71,15.63,45.97,0.03,8.3
430cbb01c9b78b15ecfaad5f8b37c651,staff-scheduling_wt-instance1.wcnf.xz,20.48,0.71,25.76,4.1,27.45,20.44,25.9,0.28,25.04,0.09,5.29
f87ee170541f4a557babdde7ae752269,css-refactoring_wt-guardian.dimacs.wcnf.xz,5.33,80.33,1410.24,768.39,11.1,5.19,10.05,615.53,1201.26,11.07,3600.0
ac495d4477edb60cd7d8789ea3a860fd,mpe_wt-random-net-300-1_network-8.net.wcnf.xz,16.64,528.4,20.75,842.39,19.15,16.63,20.91,2172.27,79.45,3.61,3600.0
7fd7b1fcfd9c326fa7f98e5abfc71992,dalculus_wt-f1-DataDisplay_0_order4.seq-A-2-2-irabcde.wcnf.xz,0.08,0.4,0.15,0.35,0.15,0.1,0.15,0.03,0.27,0.02,3.1
95b45e635a5f0c0fb476effd5f11dab5,Security-CriticalCyber-PhysicalComponents_wt-test13--n-5000.wcnf.xz,0.17,0.97,0.92,25.18,1.01,0.16,0.92,7.34,1.08,0.19,31.93
593995d58cc45224ea1163ea3967df48,synplicate-AutoTaxi-run1-ms_0_62_0.9333333333333333_erm.wcnf.xz,602.67,17.42,1401.19,75.55,801.94,902.69,101.74,33.73,575.36,1.96,18.72
1e6077ca019b8344fdd37ede866c904b,preference_planning_wt-WCNF_pathways_p06.wcnf.xz,605.11,7.83,1403.81,32.22,3.52,905.08,103.33,19.82,528.22,3.5,51.98
3ed652cfac5566e716c66ebb55ea2fb3,max-realizability_wt-power-distribution_3_8.wcnf.xz,601.03,1.11,1401.25,2.85,0.9,901.05,0.99,5.47,503.08,0.89,4.84
f9127bc5f03d62ce933154110766a7ae,qcp_wt-file_qc_wcnf_N8_H38_0.wcnf.xz,0.42,0.56,0.39,0.37,0.46,0.43,0.42,0.12,0.87,0.05,5.22
a6075388b738fd14f0f29d910302a818,correlation-clustering_wt-Rounded_CorrelationClustering_Protein1_TRANSITIVE_N150.wcnf.xz,7.13,153.41,12.82,634.26,5.99,7.11,12.88,3600.0,93.54,6.08,3600.0
93bebfecea5538ea6c419afc886bb866,auctions_wt-cat_sched_60_130_0002.txt.wcnf.xz,0.28,0.34,0.29,0.48,0.22,0.28,0.27,0.24,0.46,0.02,6.54
378bef86e5e5c933733b59db319ae0c1,switchingactivitymaximization-SwitchingActivityMaximization_OpenRISC1200_66.wcnf.xz,3174.47,1063.24,3600.0,1734.93,3600.0,3195.01,3600.0,3600.0,1808.73,3600.0,3600.0
55d01b10a1e8e122c3a2ac99d70c2fe0,upgradeability_wt-rand393_l1.wcnf.xz,0.17,6.25,0.21,79.38,0.24,0.17,0.23,76.58,60.54,0.09,3600.0
5de1532c169c35fe82123432b912a847,drmx-cryptogen_wt-wolfram80_4.wcnf.xz,13.24,3600.0,1420.33,17.23,36.06,13.19,13.13,3600.0,17.33,35.63,3600.0
d8bb463adb0c353c7847c10e95e0f420,abstraction-refinement_wt-polysite-avrora.wcnf.xz,84.9,125.81,96.54,679.02,130.19,85.07,99.45,3600.0,635.07,128.92,818.13
34cc81b363e5f8afbe66f45952abc947,rna-alignment_wt-random-dif-19.rna.pre.wcnf.xz,15.18,0.65,9.19,2.76,14.22,15.28,9.39,1.9,12.68,0.04,5.49
b8f21602a87ca4573418d0fad28219ba,MinimumWeightDominatingSetProblem_wt-inf-road-usa.wcnf.xz,3600.0,3600.0,3600.0,3600.0,3600.0,3600.0,3600.0,3600.0,3600.0,3600.0,3600.0
be2b1a55aaeffb0e76850568b20e4d78,mpmcs_wt-test76--n-10000.wcnf.xz,0.1,1.3,0.34,20.2,0.47,0.13,0.36,124.9,0.62,0.13,8.92
3d12ebd88525ddae7249edf6cc4cfdb0,MinimumWeightDominatingSetProblem_wt-channel-500x100x100-b050.wcnf.xz,3600.0,3600.0,3600.0,3600.0,3600.0,3600.0,3600.0,3600.0,3600.0,3600.0,3600.0
c45572896c49309380cfef7bbcd60059,decision-tree-heart-cleveland-un-formula_0.8_2021_atleast_31_max-4_reduced_incomplete_adaboost_6.wcnf.xz,3600.0,3600.0,3600.0,3600.0,3600.0,3600.0,3600.0,3600.0,3600.0,3600.0,3600.0
c1e55c593f74a9d9590e45bb2ef39922,mpmcs_wt-test30--n-5000.wcnf.xz,0.77,0.09,0.79,0.94,0.93,0.75,0.81,0.6,1.04,0.22,1.33
3f96b2fd08e9769db144080f60761070,switchingactivitymaximization-SwitchingActivityMaximization_OpenRISC1200_200.wcnf.xz,3600.0,3600.0,3600.0,3600.0,3600.0,3600.0,3600.0,3600.0,3600.0,3600.0,3600.0
4bf4f3c2f4f3a35642045394ac9dcf48,judgment-aggregation-ja-kemeny-preflib-00049-00000614.wcnf.xz,34.79,3600.0,3600.0,3600.0,3600.0,34.64,3600.0,3600.0,101.96,3600.0,3600.0
231fddf5b3b5ef636ef5ca5ddb92f1ae,planning-bnn-inventory_2_5.wcnf.xz,16.6,93.8,15.75,32.3,5.68,16.68,15.89,7.49,32.28,5.61,15.58
2835bc257f43c8011f50b30086268127,dalculus_wt-f49-DC_TotalLoss.seq-A-3-combined-EDCBAir.wcnf.xz,35.02,1.82,240.04,18.58,0.33,34.94,100.46,1.4,127.09,0.33,56.92
dd0b0480ef3f988ef4c941035c98e63e,relational-inference_wt-ar-3.wcnf.xz,0.51,0.14,0.87,7.19,107.26,0.51,0.87,3600.0,2.92,106.36,3.06
5573f037b9bb7877b6ba98186ebd9f0c,protein_ins_wt-1knt_.1bpi_.g.wcnf.t.wcnf.xz,48.81,174.68,37.56,385.82,28.48,49.12,37.42,328.92,912.6,28.54,166.48
84ce7f24944e5cb0bca75e1573cbdbd9,timetabling_wt-comp08.lp.sm-extracted.wcnf.xz,12.08,266.01,12.45,421.33,83.41,12.16,12.34,1164.47,417.12,85.85,3600.0
205b19c8f8331444dc92b39f3ecbf4c4,timetabling_wt-comp13.lp.sm-extracted.wcnf.xz,17.39,2026.31,15.39,811.46,144.95,17.67,15.38,2450.69,763.97,144.48,3600.0
34d5c180ed643738b1caf127d59c911e,generalized-ising_wt-IS15_5.0.5.0.0.5_softer_periodic.wcnf.xz,3600.0,3600.0,3600.0,3600.0,3600.0,3600.0,3600.0,3600.0,3600.0,3600.0,3600.0
f22a9b93914330eb63ccccd293d632be,railway-transport_wt-bf2030fvslack.wcnf.xz,3600.0,3600.0,3600.0,3600.0,3600.0,3600.0,3600.0,3600.0,3600.0,3600.0,3600.0
598a1a507aebd6a15e5a2cf5f412d365,correlation-clustering_wt-Rounded_CorrelationClustering_Protein1_BINARY_N320.wcnf.xz,656.56,3600.0,40.46,1067.5,41.56,953.16,40.51,3600.0,1546.24,41.82,3600.0
904f32d315ae7de10e3e9b9b0c1159f2,relational-inference_wt-ar-2.wcnf.xz,657.04,3600.0,1307.17,1431.64,3600.0,956.12,1303.11,3600.0,1369.79,3600.0,3600.0
cd67de163210b4297e1260c04300daf2,protein_ins_wt-1vii_.1cph_.g.wcnf.t.wcnf.xz,0.24,0.48,0.75,0.45,1.58,0.25,0.75,0.05,0.91,0.02,3.87
5bf5bb12fc59be89cb765ebb9d6f70e1,upgradeability_wt-rand981_l2.wcnf.xz,1.48,26.1,3.09,768.46,3.62,1.46,3.01,1344.47,61.67,1.24,3600.0
a70d6cec01b06a4c98adf9f4c34abb8c,mpmcs_wt-test47--n-7500.wcnf.xz,0.11,0.29,0.18,5.64,0.28,0.1,0.18,183.06,0.42,0.08,1.29
c4aeebd4eaf526052b5efe7284083913,CSG_wt-CSG60-60-88.wcnf.xz,2.57,0.98,2.48,1.4,2.71,2.51,0.11,0.18,2.28,0.07,3.06
be2a4879f24be42561aa468cea5c399e,rna-alignment_wt-random-same-20.rna.pre.wcnf.xz,10.04,0.53,8.27,0.72,16.59,10.09,8.53,1.59,10.52,0.05,6.84
289235cbbaf7541b3e5259481b84fa51,max-realizability_wt-power-distribution_7_4.wcnf.xz,429.24,0.33,1400.15,0.27,800.11,426.45,100.14,0.21,500.38,0.09,4.33
fb48b2dfc2a341a8fcf6c31e6e1f5090,ramsey_wt-ram_k3_n19.ra1.wcnf.xz,3600.0,3600.0,3600.0,3600.0,3600.0,3600.0,3600.0,3600.0,3600.0,3600.0,3600.0
c551730cfb269c2a1d8400bbb890d8e2,qcp_wt-file_qc_wcnf_N10_H60_0.wcnf.xz,3.06,0.87,2.98,0.87,5.13,3.04,3.03,0.62,5.91,0.12,6.33
a8b3109e00ffa51807ed53ef654b5d56,synplicate-TheoremProver-run1-ms_0_100_0_erm.wcnf.xz,2.45,0.19,11.15,0.07,27.46,2.46,11.11,0.12,1.21,0.03,5.4
4283da056deba325e5ffe54df5a0fec4,judgment-aggregation-ja-kemeny-preflib-00049-00000287.wcnf.xz,69.02,3600.0,3600.0,3600.0,3600.0,69.4,3600.0,3600.0,140.9,3600.0,3600.0
3117aefa64a4f874528f96627a3b4a25,correlation-clustering_wt-Rounded_CorrelationClustering_Protein4_UNARY_N250.wcnf.xz,1386.59,3600.0,3600.0,3600.0,3600.0,3600.0,3600.0,3600.0,3600.0,3600.0,3600.0
77ff59891579b5ab56afb46c29edd791,correlation-clustering_wt-Rounded_CorrelationClustering_Protein2_BINARY_N240.wcnf.xz,965.01,3600.0,3600.0,1603.91,3600.0,1152.69,3600.0,3600.0,3600.0,3600.0,3600.0
e34969f5bb466d1511265bd9a1022226,max-realizability_wt-power-distribution_3_5.wcnf.xz,98.1,0.2,152.93,0.53,270.79,98.29,100.23,0.16,293.46,0.08,4.23
c6b46dc41ac0bde9f4dce1d94669ea1d,max-realizability_wt-power-distribution_3_3.wcnf.xz,2.15,0.06,2.35,0.09,3.6,2.15,2.35,0.06,0.61,0.04,4.33
df6d9eaa3fa042f9b33b08e60063b32a,qcp_wt-file_qc_wcnf_N6_H21_3.wcnf.xz,0.11,0.37,0.11,0.1,0.11,0.12,0.11,0.02,0.1,0.02,6.68
b63ce5de1f500bd7884f155981f36c21,planning_wt-logistics01bc.wcsp.wcnf.xz,0.07,0.13,0.07,0.44,0.1,0.07,0.08,0.04,0.09,0.01,5.29
bac960d7f91d1cf69af7f69d10dc9121,auctions_wt-cat_paths_60_100_0002.txt.wcnf.xz,0.11,0.34,0.13,3.61,0.1,0.11,0.11,0.13,1.12,0.01,4.7
ff490a18a159ac73d28b2993df366eb7,qcp_wt-file_qc_wcnf_N7_H29_4.wcnf.xz,0.28,0.32,0.27,0.06,0.25,0.28,0.27,0.08,0.32,0.02,5.38
2df3c663ba106800aaa5aa1a415edb05,pseudoBoolean_wt-normalized-factor-size=9-P=443-Q=487.opb.wcnf.xz,0.22,0.15,0.18,0.04,0.21,0.22,0.18,0.01,0.09,0.01,1.1
7e500417362b13613c8cdb94d5991b62,css-refactoring_wt-youtube.dimacs.wcnf.xz,9.99,96.21,18.76,979.11,17.04,10.01,18.72,3600.0,1426.95,17.04,3600.0
24347f251ccd09b50c1782511ab7f4f8,mpmcs_wt-test43--n-7500.wcnf.xz,0.32,0.05,0.4,0.48,0.42,0.32,0.37,0.4,0.47,0.09,2.46
df26d31e58185b81685282dfafde1bee,ParametricRBACMaintenance_mse20_wt-role_university_multiple_0.5_4.wcnf.xz,3600.0,3600.0,3600.0,3600.0,3600.0,3600.0,3600.0,3600.0,3600.0,3600.0,3600.0
66774e068193921877f8a93f9a2d8898,abstraction-refinement_wt-downcast-hsqldb.wcnf.xz,273.51,336.9,289.93,947.84,336.71,273.19,293.68,2651.21,897.49,335.02,3600.0
6f856da5e094abc4485cf0ec13b0c373,decision-tree-heart-cleveland-un-formula_0.8_2021_atleast_127_max-6_reduced_incomplete_adaboost_2.wcnf.xz,3600.0,3600.0,3600.0,3600.0,3600.0,3600.0,3600.0,3600.0,3600.0,3600.0,3600.0
341275422bb66b3e8b872168a409dd6e,quantum-circuit-grover-v-chain_4_52_ibmq-casablanca_7.wcnf.xz,19.09,442.46,2.89,147.82,23.82,19.2,2.87,3600.0,641.99,23.59,3600.0
560891c0e6e9d4ab8c96e8737c728095,Security-CriticalCyber-PhysicalComponents_wt-test2--n-5000.wcnf.xz,0.35,0.13,1.15,0.15,1.22,0.35,1.13,0.15,0.25,0.24,1.88
49b506eb6facc91f1b3fbe8d9a0afccf,frb_wt-frb25-13-3.wcnf.xz,46.66,3600.0,33.4,455.03,100.14,46.64,34.09,2.45,53.34,0.67,1.55
c29d14f6c25d7c20a4f8b73aed0ccdf4,shiftdesign_wt-limits-10-10_data-3_inst-003_30m.sm-extracted.wcnf.xz,119.69,531.54,140.52,2317.46,318.16,119.17,142.58,310.85,2056.57,317.41,3600.0
fce80e2300a7d7bf78fdd2eb57b2994f,haplotyping-pedigrees_wt-ped2.G.recomb1-0.20-11.wcnf.xz,4.04,55.31,3.97,83.93,4.54,4.03,3.95,17.86,89.52,4.46,145.44
af087b23eb70571b31e51f1c4234adee,quantum-circuit-vqe_4_12_ibmq-casablanca_7.wcnf.xz,751.2,2.26,1402.09,51.94,802.13,1134.66,102.16,265.24,530.49,2.08,52.93
e629764d4ae5a074c77aef2aa3b24512,shiftdesign_wt-limits-10-10_data-1_inst-068_30m.sm-extracted.wcnf.xz,32.57,133.66,35.03,253.04,108.29,32.8,35.06,69.09,2194.2,106.94,288.67
5cf42b54c195e40d0d356d1e1c7f7025,mpmcs_wt-test52--n-7500.wcnf.xz,1.6,0.12,1.88,0.89,2.02,1.57,1.9,0.16,0.89,0.09,1.47
a4be9417598f5ca461d86d0a4b2ae834,shiftdesign_wt-limits-10-10_data-1_inst-084_30m.sm-extracted.wcnf.xz,231.87,3600.0,336.59,2644.61,170.77,230.18,338.51,205.75,2360.53,169.91,341.28
f4811b8f8928b933da326e69807b3525,protein_ins_wt-1bpi_.2knt_.g.wcnf.t.wcnf.xz,49.66,188.77,42.54,234.64,37.36,49.04,42.1,347.9,869.33,37.32,164.69
272d86f65bc5d1c7a0660cf44fbc0b68,synplicate-TheoremProver-run3-ms_0_68_0.8488188976377953_erm.wcnf.xz,600.71,2.39,1403.32,15.77,801.45,900.7,103.2,9.38,516.61,1.17,9.93
ee6b53cb940d544e8ef4edc04091e4a4,ramsey_wt-ram_k3_n14.ra1.wcnf.xz,3600.0,3600.0,3600.0,3600.0,3600.0,3600.0,3600.0,3600.0,3600.0,3600.0,3600.0
12ba9e365989fca6034b1d8a392a8928,synplicate-BankLoan-run2-ms_0_28_0.9671232876712329_erm.wcnf.xz,602.09,12.89,1405.36,28.49,803.48,902.03,105.55,76.76,528.94,3.59,19.33
dabd6100bb0f268090f54b76b02908bd,tcp_wt-tcp_students_105_it_6.wcnf.xz,1734.53,259.58,2631.41,1491.27,1515.22,2047.17,1222.14,1578.45,2299.45,1499.26,3558.04
4e7f5a82e9d151aa6c3a6c2d69c2b649,shiftdesign_wt-limits-10-10_data-2_inst-003_30m.sm-extracted.wcnf.xz,231.44,2700.74,368.32,2956.6,1236.83,231.16,372.81,708.44,2689.21,1275.4,417.99
06f686ec99c82187e545574aa272429c,dalculus_wt-f1-DataDisplay_0_order4.seq-A-3-combined-irEDCBA.wcnf.xz,0.04,0.18,0.04,0.11,0.08,0.06,0.04,0.02,0.07,0.02,4.18
d4ec15b9d8bd1e0c00c602e240e0924f,causal-discovery_wt-causal_Link_9_100.wcnf.xz,282.84,3600.0,693.9,2416.72,448.63,280.04,699.35,3600.0,2168.72,451.38,3600.0
8196f734cfc1d9b20fd8d66250dbfcfd,abstraction-refinement_wt-downcast-antlr.wcnf.xz,114.87,217.67,149.6,1035.63,307.11,113.27,153.47,3600.0,984.83,315.37,3600.0
39c6ace4e06a1e7338b9d352d8e38e00,MaxSATQueriesinInterpretableClassifiers_wt-toms_test_2_CNF_3_20.wcnf.xz,3600.0,3600.0,3600.0,3600.0,3600.0,3600.0,3600.0,3600.0,3600.0,3600.0,3600.0
71475ff419f63694935c1d9472487d93,decision-tree-primary-tumor-un-formula_0.8_2021_atleast_127_max-6_reduced_incomplete_adaboost_4.wcnf.xz,3600.0,3600.0,3600.0,3600.0,3600.0,3600.0,3600.0,3600.0,3600.0,3600.0,3600.0
e7dda2948ff95d4fee42fae594cf767c,tcp_wt-tcp_students_91_it_12.wcnf.xz,604.35,5.53,549.84,223.64,0.85,904.27,1.41,6.19,162.57,0.85,186.37
1a6fc3d0dc0ee4760d2afb9246a8941d,auctions_wt-cat_paths_60_130_0002.txt.wcnf.xz,0.13,0.69,0.13,2.85,0.15,0.14,0.15,6.34,2.59,0.03,9.32
37ab8b0d070ccee23764ae47f03675c3,generalized-ising_wt-IS12_5.0.5.0.0.5_softer_periodic.wcnf.xz,3600.0,3600.0,3600.0,3600.0,3600.0,3600.0,3600.0,3600.0,3600.0,3600.0,3600.0
6c30a756f6e657222caf23960a6d869e,staff-scheduling_wt-instance12.wcnf.xz,3600.0,3600.0,3600.0,3600.0,3600.0,3600.0,3600.0,3600.0,3600.0,3600.0,3600.0
f0e1de4822b00b0bc872bcc3170b63fc,synplicate-AutoTaxi-run3-ms_0_50_0.96_erm.wcnf.xz,600.55,1.94,1400.46,9.25,800.78,900.57,100.43,4.55,508.57,0.65,8.5
b9bce79af9a38b04ef9ba6d312d9083b,drmx-cryptogen_wt-geffe128_1.wcnf.xz,613.77,3600.0,1408.02,72.03,878.08,914.02,108.02,3600.0,586.89,77.81,3600.0
55f50b9908a39aa99b2c5522e8c9e54d,frb_wt-frb25-13-1.wcnf.xz,49.59,3600.0,35.31,135.48,144.04,49.25,36.18,3.48,191.91,117.47,1.9
49cb202611d9b899d9340115147e8c5a,spot5_wt-1403.wcsp.dir.wcnf.xz,3600.0,3600.0,2713.48,3600.0,3600.0,3600.0,1425.44,74.62,3600.0,3600.0,3600.0
6377649fe06d7104b55ffb0f54dd4cb5,spot5_wt-5.wcsp.log.wcnf.xz,836.72,94.04,2036.83,1167.45,3600.0,1153.68,733.1,1410.51,1033.64,3600.0,1526.16
a25b17f733291201ce43621c2e72f80a,mpmcs_wt-test13--n-2500.wcnf.xz,0.08,0.21,0.26,0.4,0.3,0.07,0.25,4.8,0.14,0.03,1.87
67f0551b0099cbb9378924275361ff76,decision-tree-tic-tac-toe-un-formula_0.8_2021_atleast_31_max-4_reduced_incomplete_adaboost_2.wcnf.xz,3600.0,3600.0,3600.0,3600.0,3600.0,3600.0,3600.0,3600.0,3600.0,3600.0,3600.0
1d69eb0fbbde8c41206c99b062d6ac4d,max-realizability_wt-robot-navigation_10.wcnf.xz,3600.0,3600.0,3600.0,3600.0,3600.0,3600.0,3600.0,3600.0,3600.0,3600.0,3600.0
e06918db36a26edf2cd4c46e386043f6,hs-timetabling_wt-FinlandSecondarySchool.xml.wcnf.xz,3600.0,3600.0,3600.0,3600.0,3600.0,3600.0,3600.0,3600.0,3600.0,3600.0,3600.0
5299b2258f2baaa101b9b3be97242f5a,tcp_wt-tcp_students_91_it_14.wcnf.xz,624.91,17.57,1164.14,324.06,5.08,925.1,4.27,47.09,233.46,5.1,151.97
217886868155609a74277a9775143fc7,generalized-ising_wt-IS23_5.0.5.0.0.5_softer_periodic.wcnf.xz,3600.0,3600.0,3600.0,3600.0,3600.0,3600.0,3600.0,3600.0,3600.0,3600.0,3600.0
abe8cd3a0022ef188d67db27cb069db5,haplotyping-pedigrees_wt-ped2.G.recomb1-0.01-3.wcnf.xz,1.75,4.82,1.8,52.34,2.13,1.72,1.78,6.83,51.97,2.1,28.22
0794c700031599e4627bdf541e5b247a,pseudoBoolean_wt-normalized-factor-size=9-P=89-Q=487.opb.wcnf.xz,0.42,0.16,0.37,0.05,0.35,0.41,0.37,0.03,0.18,0.01,1.14
d8f74fb38f254bf6afc6fcdc6496abb7,mpe_wt-random-net-30-3_network-3.net.wcnf.xz,110.98,12.42,229.87,306.46,133.52,112.43,3600.0,45.9,198.29,0.72,106.26
3d8f64784e4e772d2ff2226585387762,frb_wt-frb15-9-2.wcnf.xz,0.81,3.69,0.8,3.14,0.9,0.81,0.78,0.28,0.79,0.05,1.18
31c25916b93c19cc320d9c33f1e7dad4,MaxSATQueriesinInterpretableClassifiers_wt-transfusion_test_7_DNF_3_5.wcnf.xz,0.02,0.01,0.01,0.02,0.02,0.02,0.02,0.02,0.02,0.02,0.02
951d7e37c57fc80023cb2898a53fe1db,generalized-ising_wt-IS17_5.0.5.0.0.5_softer_periodic.wcnf.xz,3600.0,3600.0,3600.0,3600.0,3600.0,3600.0,3600.0,3600.0,3600.0,3600.0,3600.0
3f1f434cb98fb79966f667ced531ad0d,CSG_wt-CSG140-140-6.wcnf.xz,21.91,23.27,27.67,759.52,24.37,22.0,27.37,436.23,1206.72,24.27,329.84
bf6e20f416dd515ee719e9a4a87dc50a,synplicate-AutoTaxi-run2-ms_0_62_0.9429429429429429_erm.wcnf.xz,600.88,8.32,1401.36,77.27,801.85,900.89,103.01,45.92,577.02,1.89,15.62
102385fed8726142c5f1699a4cb3e334,pseudoBoolean_wt-normalized-factor-size=9-P=223-Q=307.opb.wcnf.xz,0.42,0.21,0.43,0.07,0.39,0.41,0.43,0.02,0.29,0.02,1.1
be03488598df7043fced4933040461aa,max-realizability_wt-power-distribution_12_3.wcnf.xz,600.79,1.46,1400.4,5.13,800.25,900.78,100.41,1.67,505.88,0.19,5.59
d2abf7fd534b74f54f379628ecdd83d2,planning_wt-rovers02cc.wcsp.wcnf.xz,0.41,0.24,1.07,0.05,1.07,0.41,1.05,0.04,1.1,0.01,5.23
709174bf329f05a418fd3a43aca28b2b,shiftdesign_wt-limits-10-10_data-1_inst-081_60m.sm-extracted.wcnf.xz,15.23,4.34,1.6,12.91,0.54,15.31,1.6,2.23,12.89,0.54,6.17
c3bb426e0acbbeeb29c42bf81a03bfbc,haplotyping-pedigrees_wt-ped2.G.recomb5-0.10-6.wcnf.xz,7.95,113.53,8.83,278.81,11.58,7.95,8.85,32.23,275.93,11.69,1074.28
ad107e3a78ddd92eb6c92aa6e9720e62,tcp_wt-tcp_students_112_it_13.wcnf.xz,3600.0,3600.0,3600.0,3600.0,3600.0,3600.0,3600.0,3600.0,3600.0,3600.0,3600.0
605c49b18fa2a8f4de1f7bd435e9bf68,spot5_wt-54.wcsp.log.wcnf.xz,0.42,0.33,0.37,0.51,0.47,0.42,0.35,0.07,0.56,0.02,5.04
8a151c2486bff57fc880575d3108d9f6,planning_wt-driverlog02c.wcsp.wcnf.xz,8.17,0.85,7.64,9.37,6.95,8.21,7.7,0.5,8.08,0.14,4.33
83b963cfc286457affea786ebd64fd34,auctions_wt-cat_sched_60_100_0004.txt.wcnf.xz,0.16,0.02,0.09,0.12,0.12,0.16,0.11,0.07,0.12,0.01,1.17
5c234356f803d0b132a60ce9c9666aa4,planning_wt-driverlog04cc.wcsp.wcnf.xz,1.7,0.68,2.13,3.67,2.11,1.68,2.1,0.58,2.19,0.04,4.34
882b008f54b563dae18b7cd447d9b75e,drmx-cryptogen_wt-wolfram72_8.wcnf.xz,605.75,3600.0,1406.96,11.29,11.96,905.68,107.31,3600.0,11.36,11.93,25.02
abd161adb8dfee6abba1156d30ea51bb,upgradeability_wt-f4ebf9e0-360e-11e0-9e6c-00163e3d3b7c_l1.wcnf.xz,0.08,0.72,0.13,5.6,0.25,0.08,0.15,126.57,4.12,0.06,5.87
74cf4fe9efd09cdce9575c9f64a3dc84,generalized-ising_wt-IS16_5.0.5.0.0.5_softer_periodic.wcnf.xz,3600.0,3600.0,3600.0,3600.0,3600.0,3600.0,3600.0,3600.0,3600.0,3600.0,3600.0
43915ec682580ee7d3f4ce3c8e002af5,judgment-aggregation-ja-kemeny-preflib-00049-00000377.wcnf.xz,117.23,3600.0,3600.0,3600.0,3600.0,118.0,3600.0,3600.0,225.17,3600.0,3600.0
13594510371eb7098c2b2e49ec0c56ed,drmx-cryptogen_wt-geffe128_3.wcnf.xz,612.38,3600.0,1429.93,101.8,840.7,912.47,130.12,3600.0,605.13,40.15,3600.0
5501a07ad874abdf1a7a6ece9db0e7f5,auctions_wt-cat_sched_60_190_0000.txt.wcnf.xz,0.65,1.03,0.48,0.56,0.44,0.65,0.49,0.47,0.62,0.04,2.5
cdc073558fd8b178b365e68c51249351,auctions_wt-cat_sched_60_70_0003.txt.wcnf.xz,0.06,0.02,0.03,0.07,0.08,0.07,0.06,0.05,0.06,0.02,1.14
3192dda2cfb7af939a1a0cafa4a52fce,causal-discovery_wt-causal_Horse.23_7_300.wcnf.xz,619.11,21.24,1418.82,449.36,9.77,921.03,10.11,227.89,977.97,9.88,159.29
e00f48536dd8f0848a916a2b9d6cca68,mpmcs_wt-test75--n-10000.wcnf.xz,0.1,3.52,0.27,31.18,0.43,0.1,0.26,290.26,0.57,0.14,11.83
d9f7f9772a8abb8b6162bede8546c4b8,dalculus_wt-f1-DataDisplay_0_order4.seq-B-2-combined-abcdeir.wcnf.xz,0.07,0.21,0.08,0.19,0.09,0.07,0.08,0.02,0.09,0.02,4.04
c09f5935412939b962cb8afeda41feb3,preference_planning_wt-WCNF_storage_p04.wcnf.xz,225.67,0.86,387.16,10.41,353.98,227.54,100.46,1.02,316.47,0.3,10.43
70ef7d19802bdc92f5a3435057f48cc2,MaxSATQueriesinInterpretableClassifiers_wt-credit_train_8_CNF_5_20.wcnf.xz,3600.0,3600.0,3600.0,3600.0,3600.0,3600.0,3600.0,3600.0,3600.0,3600.0,3600.0
2409d431f59da2b2d1223a38f268b50b,MaxSATQueriesinInterpretableClassifiers_wt-pima_train_6_CNF_3_20.wcnf.xz,1923.56,82.06,3600.0,785.84,3600.0,1885.75,3600.0,3600.0,1179.05,3600.0,3600.0
2daf3daca08c560310f0fccf7b82618c,quantum-circuit-su2random_4_18_ibmq-casablanca_7.wcnf.xz,1656.66,32.88,1402.41,162.07,802.58,1833.11,102.42,3600.0,675.44,2.51,3600.0
dddf4fe0af19269dc8efc4387e5d7ef8,rna-alignment_wt-k50-28-88.rna.pre.wcnf.xz,39.96,1.75,45.72,2.7,60.77,39.36,0.3,5.48,35.4,0.09,42.07
897515cd983db1443fec247ef5c8a4c5,upgradeability_wt-mancoosi-test-i20d0u98-16.wcnf.xz,0.39,0.09,0.48,1.84,0.17,0.42,0.48,0.43,1.81,0.17,1.34
1886a56531a3f88b26c15f38d92618e3,warehouses_wt-cap71.wcsp.wcnf.xz,0.24,13.8,0.23,438.43,0.28,0.25,0.24,231.77,60.32,0.18,3600.0
ea2a3bce452df0f370ac8053c25adab6,protein_ins_wt-6ebx_.1era_.g.wcnf.t.wcnf.xz,17.01,68.58,36.29,343.26,24.4,17.16,36.02,147.28,744.96,24.47,82.3
93b7ae2ab28ab1f783dca9c7db0595fa,drmx-cryptogen_wt-threshold128_7.wcnf.xz,655.51,3600.0,1445.05,123.74,857.91,954.95,144.24,3600.0,609.7,59.33,3600.0
c3e7db201323c1d5c45e03a5955516b5,metro_wt-metro_9_9_10_35_13_7_500_2_4.lp.sm-extracted.wcnf.xz,639.12,7.83,9.46,135.73,30.5,933.46,9.41,110.58,134.9,29.8,40.87
f12650c147656ae5dbd2d7446f7de308,warehouses_wt-cap92.wcsp.wcnf.xz,0.39,48.99,0.39,3600.0,0.45,0.4,0.42,3582.44,60.43,0.71,3600.0
169e6d5fdaba9c59c2a2ad26173e5b2c,spot5_wt-404.wcsp.dir.wcnf.xz,0.33,0.4,0.15,0.47,0.15,0.33,0.13,0.14,0.16,0.02,6.65
9ad0ffd8fe4972a1a781809ed34e91d5,synplicate-TheoremProver-run3-ms_0_32_0.8771653543307086_erm.wcnf.xz,600.56,1.55,1401.12,4.26,801.08,900.58,101.12,4.58,504.74,1.08,9.16
af1d5ad8d3b24dbf052a47856f691779,metro_wt-metro_9_8_7_30_10_6_500_1_3.lp.sm-extracted.wcnf.xz,607.65,7.99,8.83,212.65,40.22,907.63,8.76,185.31,817.99,40.41,40.07
da816db37329471fe1ffbc967b1544d6,correlation-clustering_wt-Rounded_CorrelationClustering_Protein1_BINARY_N300.wcnf.xz,633.1,3600.0,36.55,990.32,27.51,933.22,36.58,3600.0,1487.91,27.47,3600.0
87b46cab3872871f34db889c0aadf10c,timetabling_wt-comp02.wcnf.xz,3600.0,3600.0,1953.02,862.11,446.27,3600.0,1946.41,3600.0,1145.12,445.74,3600.0
09eadcd1e14584958f8ead92b9e5845f,ramsey_wt-ram_k3_n16.ra1.wcnf.xz,3600.0,3600.0,3600.0,3600.0,3600.0,3600.0,3600.0,3600.0,3600.0,3600.0,3600.0
68e099ae95c54353665b4d365e9a0188,dalculus_wt-f1-DataDisplay_0_order4.seq-B-2-1-EDCBAir.wcnf.xz,0.05,0.3,0.18,0.55,0.18,0.06,0.18,0.02,0.28,0.02,5.21
fbaef85dac8cccfe507a937f91446ae4,max-realizability_wt-power-distribution_10_4.wcnf.xz,600.53,2.21,1400.68,2.63,800.22,900.5,100.69,3.43,502.76,0.16,8.76
b3c51bd41d33a7beb0a70b3defc48448,synplicate-BankLoan-run3-ms_0_86_0.8273972602739726_erm.wcnf.xz,602.21,10.64,1403.15,41.06,804.89,902.21,103.22,61.6,531.62,5.02,24.76
b37bd1c7c868d11d1b3c5c83eb37555e,preference_planning_wt-WCNF_pathways_p09.wcnf.xz,108.93,1.28,295.07,6.54,482.33,109.25,100.24,0.56,318.27,0.15,16.09
4fd740aacb62ade1ce0533d085921bbb,staff-scheduling_wt-instance11.wcnf.xz,3600.0,3600.0,3600.0,3600.0,3600.0,3600.0,3600.0,3600.0,3600.0,3600.0,3600.0
30771d34209ae9d57c63ca38fb3348d7,planning-bnn-inventory_2_6.wcnf.xz,21.0,100.1,22.09,36.95,5.66,21.05,22.07,35.24,36.74,5.62,17.27
656de3785ce3c1e0fff538c89f18e3c8,upgradeability_wt-mancoosi-test-i2000d0u98-39.wcnf.xz,0.44,0.37,0.55,9.65,0.3,0.47,0.54,5.01,4.29,0.3,18.33
85e2266b47180a3aaf47da7ecad0e98d,staff-scheduling_wt-instance10.wcnf.xz,3600.0,3600.0,3600.0,3600.0,3600.0,3600.0,3600.0,3600.0,3600.0,3600.0,3600.0
edfd08a55931220c9ed774ef5b777de4,rna-alignment_wt-random-same-5.rna.pre.wcnf.xz,7.11,0.63,6.77,0.51,6.54,7.11,7.04,1.23,4.05,0.04,5.01
ce3d6ebfa81e919d192e9ed5f0bdf9ff,max-realizability_wt-power-distribution_2_2.wcnf.xz,0.6,0.19,3.28,0.09,1.08,0.6,3.31,0.05,1.2,0.03,3.99
d1384cf3f3a3fb9238164956a36a511e,decision-tree-primary-tumor-un-formula_0.8_2021_atleast_63_max-5_reduced_incomplete_adaboost_6.wcnf.xz,3600.0,3600.0,3600.0,3600.0,3600.0,3600.0,3600.0,3600.0,3600.0,3600.0,3600.0
19e6346cc2b0a949f07b62c1fcc6b83b,frb_wt-frb10-6-2.wcnf.xz,0.16,0.94,0.13,0.41,0.12,0.16,0.15,0.04,0.19,0.02,1.15
011a30b4b55c4239c7c71c9b98a49e28,causal-discovery_wt-causal_Water_7_380.wcnf.xz,664.04,61.16,1420.94,744.75,84.53,968.31,21.64,1323.54,1245.4,84.48,837.87
babb10a91114400b785a87b1a55d60cc,warehouses_wt-cap131.wcsp.wcnf.xz,0.91,3600.0,0.9,3600.0,1.0,0.92,0.92,3600.0,60.95,4.78,3600.0
11dc387ba0011fff3185b37ef188ad1a,CSG_wt-CSGNaive60-60-53.wcnf.xz,9.11,0.77,6.87,1.66,5.35,9.14,0.13,0.3,6.37,0.08,3.11
51275d0091946f3abc9f50df97f60076,qcp_wt-file_qc_wcnf_N9_H48_4.wcnf.xz,3.16,0.1,2.88,0.68,4.53,3.14,2.92,0.45,7.67,0.28,5.34
95ab7c3bbeb3ae57a024b4b81688927d,drmx-cryptogen_wt-wolfram72_2.wcnf.xz,607.16,3600.0,1414.13,10.35,20.12,907.16,113.72,3600.0,10.44,20.2,3600.0
f3b2464354ebfca4e904b6e9b3bcda14,metro_wt-metro_9_8_7_30_10_6_500_1_8.lp.sm-extracted.wcnf.xz,633.0,32.3,45.67,400.55,131.63,934.15,45.73,735.98,387.89,125.77,96.14
3af7aabfe4b7c5d7a48d8ea44f6fab68,abstraction-refinement_wt-polysite-bloat.wcnf.xz,1002.65,782.42,718.01,1263.99,635.26,696.52,735.43,3600.0,1090.18,625.91,3600.0
5391359ffe06a57723a58d122abb008e,planning_wt-depot01c.wcsp.dir.wcnf.xz,0.1,0.17,0.11,0.03,0.09,0.11,0.11,0.07,0.05,0.01,1.17
c9798f47867d62d0d16d254a3a6ad10d,causal-discovery_wt-causal_Meta_7_528.wcnf.xz,736.68,113.91,1457.82,558.09,3078.7,1013.49,58.72,691.06,1154.4,3102.06,856.78
8d4b3b967dd9362d19bfe95dcaf35539,causal-discovery_wt-causal_Water_10_1000.wcnf.xz,1907.95,520.85,1371.01,2491.14,1049.91,2902.78,1425.84,2562.89,2274.77,1043.33,1050.47
997857e847fc19f6243cfbb6bcfa779f,MinimumWeightDominatingSetProblem_wt-soc-livejournal-user-groups.wcnf.xz,3600.0,3600.0,3600.0,3600.0,3600.0,3600.0,3600.0,3600.0,3600.0,3600.0,3600.0
91cb59476388b8aaba00c4feb388ce66,qcp_wt-file_qc_wcnf_N7_H29_0.wcnf.xz,0.22,0.36,0.3,0.18,0.37,0.22,0.28,0.08,0.39,0.03,5.48
b2fbe37a58a1be9a0a26dca3c890b26a,judgment-aggregation-ja-kemeny-preflib-00049-00000334.wcnf.xz,132.42,3600.0,103.12,3600.0,111.26,131.97,3600.0,3600.0,163.82,3600.0,3600.0
15d882f3a46e93dba1b157d9b9c6ccb2,preference_planning_wt-WCNF_storage_p07.wcnf.xz,627.04,10.5,3.52,165.03,4.67,932.38,3.48,21.21,675.34,4.64,53.23
b5faf3f0c831a323efdc1f5e5e76c1dc,mpe_wt-random-net-40-2_network-10.net.wcnf.xz,18.27,2.34,16.21,155.95,23.53,18.2,16.15,36.28,27.43,0.32,211.5
a4b4290a3a72433438ff800cffdb8657,staff-scheduling_wt-instance5.wcnf.xz,3600.0,3600.0,3600.0,3600.0,3600.0,3600.0,3600.0,3600.0,3600.0,3600.0,3600.0
f5fd19c23123f0fc6a6cf1761857f6c9,abstraction-refinement_wt-downcast-avrora.wcnf.xz,61.93,142.62,75.71,806.11,148.77,61.89,76.95,3600.0,778.02,148.98,3600.0
01867ce616494c946cf13cdbaf714329,causal-discovery_wt-causal_Pigs_6_1000.wcnf.xz,68.2,1455.08,363.35,1415.2,226.26,69.39,333.17,1928.95,1223.97,216.16,1994.06
300e38d90be262b94e8b49d41c61223b,drmx-cryptogen_wt-geffe128_2.wcnf.xz,608.67,3600.0,1413.52,14.7,805.64,908.75,113.5,3600.0,14.71,5.51,3600.0
60709fd57c1d4e7b0151df1eacadc806,mpe_wt-random-net-30-2_network-4.net.wcnf.xz,12.84,2.49,17.93,197.98,16.24,12.8,17.96,19.2,10.19,0.23,78.67
8d50d71fc2445bbed796b9a48dfd72fa,relational-inference_wt-pa-3.wcnf.xz,1638.12,2690.07,3600.0,1988.99,3600.0,1689.86,3600.0,3600.0,1888.13,3600.0,3600.0
7a53d4183db53eb1c0beabb4ff80d934,dalculus_wt-f49-DC_TotalLoss.seq-B-3-combined-EDCBAir.wcnf.xz,44.61,4.54,191.72,75.02,0.32,44.54,100.86,1.66,574.37,0.32,392.07
d72b8cabd334fa4dccd0158384f9add0,MinimumWeightDominatingSetProblem_wt-bn-human-BNU_1_0025865_session_1-bg.wcnf.xz,1020.19,3600.0,3600.0,3600.0,3600.0,1323.34,3600.0,3600.0,3600.0,3600.0,3600.0
3ea8b969d75d7bcabba04bd81c5ce1a0,quantum-circuit-qaoa_4_16_ibmq-casablanca_7.wcnf.xz,623.08,7.33,1400.91,110.69,801.58,930.7,100.82,34.48,603.23,1.53,35.35
edd78a4019a15fd62377f1bcf1d0f60b,synplicate-BankLoan-run2-ms_0_80_0.8191780821917808_erm.wcnf.xz,601.83,8.94,1406.3,34.71,936.43,901.82,106.2,64.02,533.17,142.82,21.37
5c8e2b1ca0c3fd0267e266ab6acaf1b8,hs-timetabling_wt-BrazilInstance4.xml.wcnf.xz,3600.0,3600.0,3600.0,3600.0,3600.0,3600.0,3600.0,3600.0,3600.0,3600.0,3600.0
63331640524b97497b5c0e85cfd457ea,ParametricRBACMaintenance_mse20_wt-role_smallcomp_multiple_0.8_1.wcnf.xz,3600.0,3600.0,3600.0,3600.0,3600.0,3600.0,3600.0,3600.0,3600.0,3600.0,3600.0
49d93d32958c8bcf424ad7edd154e9ed,tcp_wt-tcp_students_105_it_10.wcnf.xz,1.44,0.34,2.0,3.06,0.21,1.46,0.18,0.29,3.07,0.21,2.94
e3ef1c3c9aef88848a07780132c8e377,correlation-clustering_wt-Rounded_CorrelationClustering_Protein2_BINARY_N220.wcnf.xz,663.84,3600.0,3600.0,938.69,188.63,965.31,3600.0,3600.0,1376.25,188.99,3600.0
8f584c205bc8968ffe898baad27f253f,ParametricRBACMaintenance_mse20_wt-role_domino_multiple_0.1_8.wcnf.xz,3600.0,3600.0,3600.0,3600.0,3600.0,3600.0,3600.0,3600.0,3600.0,3600.0,3600.0
6d4f7fccfb01c41948b291fa6ee86bcc,shiftdesign_wt-limits-10-10_data-2_inst-025_30m.sm-extracted.wcnf.xz,3600.0,3600.0,1148.9,1612.86,1155.74,718.48,1253.24,1595.33,1435.65,1162.1,827.95
a6ae26d94a166e49c0312f741fac5e45,shiftdesign_wt-limits-10-10_data-4_inst-003_60m.sm-extracted.wcnf.xz,206.17,2552.61,366.24,1172.22,681.54,210.13,362.45,1103.99,1249.45,663.59,1378.48
a358422334ecff3d68f76cb4b407d968,staff-scheduling_wt-instance3.wcnf.xz,3600.0,3600.0,3600.0,3600.0,3600.0,3600.0,2648.61,3600.0,3600.0,3600.0,3600.0
fdd23ac46e35e4f2d8e61f49d6820678,protein_ins_wt-1bpi_.5pti_.g.wcnf.t.wcnf.xz,41.11,152.26,41.26,319.23,12.12,41.27,40.93,130.13,775.6,12.15,209.77
0a0b3de31dd2e01603b34607960715df,dalculus_wt-f1-DataDisplay_0_order4.seq-B-2-1-irEDCBA.wcnf.xz,0.08,0.18,0.14,0.49,0.15,0.07,0.14,0.05,0.31,0.02,5.23
d1351bc88bd87eef2bc60ab6c8e04310,qcp_wt-file_qc_wcnf_N8_H38_4.wcnf.xz,0.69,0.55,0.64,0.47,0.97,0.68,0.67,0.17,0.91,0.15,4.18
774e9a590acc7c2475599c2102303029,MaxSATQueriesinInterpretableClassifiers_wt-compas_test_1_CNF_3_15.wcnf.xz,0.03,0.01,0.02,0.04,0.04,0.03,0.02,0.03,0.04,0.01,0.02
55a3feaba9504fa559b27f9de00a1242,staff-scheduling_wt-instance7.wcnf.xz,3600.0,3600.0,3600.0,3600.0,3600.0,3600.0,3600.0,3600.0,3600.0,3600.0,3600.0
198c7ec7fec760f783436e46bdd11f17,judgment-aggregation-ja-kemeny-preflib-00049-00000300.wcnf.xz,258.12,3600.0,3600.0,3600.0,3600.0,259.06,3600.0,3600.0,204.06,3600.0,3600.0
f8c72ad8c18680aaeacd761c54bcfaa3,MaxSATQueriesinInterpretableClassifiers_wt-compas_train_0_CNF_3_5.wcnf.xz,3600.0,3600.0,3600.0,374.8,82.18,3600.0,3600.0,3600.0,891.22,82.96,3600.0
bc22b137d503fb5c73b3eb4e2d57f728,rna-alignment_wt-k50-4-57.rna.pre.wcnf.xz,32.65,0.84,36.53,1.57,34.23,33.12,38.25,3.09,19.92,0.06,16.51
785b8ca328e9bb071a5c9ebd31c60b5d,relational-inference_wt-ar-1.wcnf.xz,1.56,0.29,1.14,2.15,44.97,1.57,1.13,3600.0,2.13,44.35,3.85
c41fb7abe9bec54c9a738c569615b686,dalculus_wt-f49-DC_TotalLoss.seq-B-3-combined-irEDCBA.wcnf.xz,601.58,0.91,270.76,71.85,0.29,901.6,100.5,1.93,240.52,0.26,236.53
6757c92ec72b2ae63cb44f8b9ec0b038,rna-alignment_wt-random-dif-5.rna.pre.wcnf.xz,135.64,3.54,90.18,9.96,106.3,136.48,91.55,13.17,77.26,0.09,19.33
e092a130051ae337def7eb3ca8a9bc30,frb_wt-frb15-9-1.wcnf.xz,0.3,6.45,0.27,1.0,1.42,0.3,0.27,0.19,0.97,0.04,1.18
b166618c899db099bdc4cb84a3cb1835,mpmcs_wt-test36--n-5000.wcnf.xz,0.12,0.32,0.73,1.83,0.76,0.12,0.71,2.36,0.54,0.03,1.1
0a78d37380e631a877fd0ce9466e47ef,preference_planning_wt-WCNF_pathways_p18.wcnf.xz,105.79,1.06,384.47,23.83,583.4,106.52,100.3,0.35,277.09,0.13,14.34
96927c406aee5d9e209f2962eb78195f,tcp_wt-tcp_students_105_it_9.wcnf.xz,864.83,52.35,1416.22,540.5,31.05,1164.4,16.61,500.95,480.93,30.9,601.26
fb5524bbfc6e1348c549e1814c38ab3c,upgradeability_wt-mancoosi-test-i10d0u98-16.wcnf.xz,0.39,0.09,0.47,1.81,0.17,0.39,0.48,0.43,1.88,0.16,1.35
cdf036414a30bd56c675e6eb85f2734f,css-refactoring_wt-londonist.dimacs.wcnf.xz,62.08,3.42,63.59,470.96,101.53,62.42,63.15,38.14,501.11,2.01,3600.0
16ff3e04b17befaaba55e9d5a3149476,timetabling_wt-comp10.wcnf.xz,15.27,35.68,14.83,76.52,29.73,15.56,14.55,1372.06,80.86,29.31,3600.0
f8d1f6fc99f72813ee1a597f676fca29,generalized-ising_wt-IS20_5.0.5.0.0.5_softer_periodic.wcnf.xz,3600.0,3600.0,3600.0,3600.0,3600.0,3600.0,3600.0,3600.0,3600.0,3600.0,3600.0
8f1c2bf14d0abc6ee0f8645ba64bba98,mpmcs_wt-test21--n-5000.wcnf.xz,0.07,0.23,0.06,0.09,0.11,0.06,0.06,10.19,0.13,0.04,1.26
dd3dcdba6e4ff7c1646a4ccf6d4a2ec7,synplicate-AutoTaxi-run2-ms_0_41_0.9429429429429429_erm.wcnf.xz,601.34,22.69,1403.1,69.0,801.56,901.34,109.79,91.78,569.35,1.57,43.7
fa1abab64bd877568b45debb33832961,pseudoBoolean_wt-normalized-factor-size=9-P=17-Q=487.opb.wcnf.xz,0.28,0.02,0.22,0.06,0.23,0.28,0.23,0.01,0.07,0.02,1.2
6d66ef736e3366a14621f5898c8d4f36,upgradeability_wt-deb285a6-db9e-11df-8f4f-00163e3d3b7c_l2.wcnf.xz,0.08,2.63,0.26,35.06,0.35,0.1,0.25,400.73,12.8,0.21,6.57
ae53abd18f25b394fc1d2fbc5a94511c,qcp_wt-file_qc_wcnf_N6_H21_2.wcnf.xz,0.1,0.23,0.08,0.14,0.14,0.09,0.08,0.05,0.2,0.02,6.54
42be37d6ac5f9f8ad851e33c1cddc166,ParametricRBACMaintenance_mse20_wt-role_domino_multiple_0.2_0.wcnf.xz,3600.0,3600.0,3600.0,3600.0,3600.0,3600.0,3600.0,3600.0,3600.0,3600.0,3600.0
34e755f726fa8d7025a882bb2d0db30b,planning_wt-driverlog08bc.wcsp.dir.wcnf.xz,4.92,0.44,11.6,12.95,11.47,4.89,11.43,0.67,11.36,0.08,6.6
d17aff68faaabd81271dd6945dd37c79,warehouses_wt-cap132.wcsp.wcnf.xz,0.91,3600.0,0.92,3600.0,1.0,0.91,0.93,3600.0,60.97,6.49,3600.0
25d5f3c825ffead6b25039b9c9a66150,quantum-circuit-qftentangled_5_48_rigetti-agave_8.wcnf.xz,1888.48,89.03,1403.38,211.6,804.68,1889.13,103.48,1160.06,701.51,4.7,1600.49
af540c90a90d3552eda6093c66a8a0d2,planning-bnn-inventory_4_6.wcnf.xz,35.97,107.91,38.39,67.83,10.87,36.07,38.48,27.3,68.01,10.93,35.78
716b81c5fd24c4d3653ebec657502241,auctions_wt-cat_reg_60_140_0002.txt.wcnf.xz,0.89,4.14,0.68,297.22,0.66,0.89,0.7,17.93,61.06,0.04,14.04
0e0ecf9483fd250b1a5ac9f227d83afd,MaxSATQueriesinInterpretableClassifiers_wt-titanic_test_6_CNF_3_5.wcnf.xz,0.02,0.02,0.02,0.02,0.02,0.02,0.02,0.02,0.02,0.02,0.01
f7e0795ad9f74e492158cb3d20e2ca4b,switchingactivitymaximization-SwitchingActivityMaximization_OpenRISC1200_70.wcnf.xz,901.32,346.41,1142.8,1152.0,3600.0,1203.61,1135.33,3600.0,1102.36,3600.0,1847.09
8f5b54700277be0115f09bc70cf1f65e,generalized-ising_wt-IS5_5.0.5.0.0.5_softer_periodic.wcnf.xz,3600.0,3600.0,3600.0,3600.0,3600.0,3600.0,3600.0,3600.0,3600.0,3600.0,3600.0
04d42d7d0d997b5350cd991734a9c6c3,MinimumWeightDominatingSetProblem_wt-rgg_n_2_24_s0.wcnf.xz,3600.0,3600.0,3600.0,3600.0,3600.0,3600.0,3600.0,3600.0,3600.0,3600.0,3600.0
ac31a192d9d8db30cc2807e42d65081c,metro_wt-metro_9_8_7_30_10_6_500_1_0.lp.sm-extracted.wcnf.xz,607.97,5.17,4.51,121.18,17.67,908.12,4.48,129.23,623.08,17.48,103.04
9a426a5d289c2fffa9467697db84871d,shiftdesign_wt-limits-10-10_data-1_inst-031_60m.sm-extracted.wcnf.xz,40.8,5.72,1.73,13.09,0.52,41.83,1.74,1.3,13.64,0.53,6.11
e264ff9d01b1450d5b3104f7a370debf,mpmcs_wt-test63--n-10000.wcnf.xz,1.59,0.12,1.64,2.81,1.85,1.54,1.65,0.77,2.97,0.05,5.76
c4a436e4eb1d94843bbea68a54579aab,pseudoBoolean_wt-normalized-mps-v2-20-10-sentoy.opb.msat.wcnf.xz,3120.51,1912.05,3600.0,2481.14,3600.0,3307.52,3600.0,3600.0,3600.0,3600.0,3600.0
d54bf6f893563b48708c0acb5cc91ca1,dalculus_wt-f1-DataDisplay_0_order4.seq-B-2-2-irabcde.wcnf.xz,0.07,0.49,0.18,0.56,0.22,0.07,0.2,0.04,0.45,0.02,3.19
df5497c587c0f3fef709c41ccecebcae,hs-timetabling_wt-BrazilInstance6.xml.wcnf.xz,3600.0,3600.0,3600.0,3600.0,3600.0,3600.0,3600.0,3600.0,3600.0,3600.0,3600.0
d3ca93cf06c94251885bfb5018c5d684,upgradeability_wt-mancoosi-test-i4000d0u98-81.wcnf.xz,0.47,0.56,0.59,11.5,0.46,0.47,0.59,3600.0,6.75,0.46,44.53
b8fbf06e2c1d69a5e1d2f9b7b5835b09,upgradeability_wt-mancoosi-test-i20d0u98-0.wcnf.xz,0.39,0.07,0.48,1.88,0.21,0.41,0.47,0.47,2.11,0.2,1.34
bf916f1f3d6a25890392025b7d961299,relational-inference_wt-rc-2.wcnf.xz,16.81,3600.0,35.84,535.48,96.21,16.68,35.82,3600.0,505.91,96.08,9.07
4a2e71bc2e4a949785befe83f811bce1,CSG_wt-CSGNaive140-140-6.wcnf.xz,29.74,45.66,22.69,692.05,33.82,30.14,22.54,322.27,1348.02,33.16,229.47
dd1274ae30ae7072c85aa0d1c8d32c92,upgradeability_wt-mancoosi-test-i3000d0u98-61.wcnf.xz,0.49,0.5,0.57,43.74,0.39,0.49,0.56,55.7,4.53,0.4,28.46
ed98ecaf35224a95d01a2bfdbb55fdf9,tcp_wt-tcp_students_98_it_3.wcnf.xz,778.01,128.77,1473.71,1322.03,127.09,1076.45,74.39,280.11,1611.32,129.9,933.08
09b5e2797c3be4965c6d58ff7f1e4580,synplicate-BankLoan-run4-ms_0_71_0.9325657894736842_erm.wcnf.xz,602.8,22.34,3600.0,70.7,801.7,902.79,3299.09,65.2,570.82,1.75,16.13
c44b37426568f396db41006c52ddc684,quantum-circuit-qwalk-v-chain_3_30_ibmq-casablanca_7.wcnf.xz,1590.96,32.09,1402.92,110.39,2.23,1463.32,2.79,3600.0,609.83,2.24,3600.0
9fd8bc8a7705030ce419b989c1b9a00f,ParametricRBACMaintenance_mse20_wt-role_smallcomp_multiple_0.0_2.wcnf.xz,1.27,1.91,1.22,59.24,1.64,1.26,1.24,2680.81,8.09,0.46,3600.0
a9c98e116504b85319672f5f416c3837,hs-timetabling_wt-BrazilInstance5.xml.wcnf.xz,3600.0,3600.0,3600.0,3600.0,3600.0,3600.0,3600.0,3600.0,3600.0,3600.0,3600.0
078d43437fe254d57308f01aae61230d,synplicate-BankLoan-run4-ms_0_62_0.9325657894736842_erm.wcnf.xz,604.25,26.44,1405.52,69.9,802.77,904.28,107.22,51.68,571.24,2.86,16.08
9a56865d601928fbf097fc8a704c6cf6,decision-tree-primary-tumor-un-formula_0.8_2021_atleast_31_max-4_reduced_incomplete_adaboost_4.wcnf.xz,3600.0,3600.0,3600.0,3600.0,3600.0,3600.0,3600.0,3600.0,3600.0,3600.0,3600.0
ee444602539e1567ef6828e7230f0bf4,preference_planning_wt-WCNF_pathways_p16.wcnf.xz,54.47,124.3,1440.36,370.25,55.51,53.75,41.4,412.2,857.94,55.62,340.84
4dd0632a457d5191a115d29cb529b9f5,decision-tree-tic-tac-toe-un-formula_0.8_2021_atleast_15_max-3_reduced_incomplete_adaboost_2.wcnf.xz,3600.0,3600.0,3600.0,3600.0,3600.0,3600.0,3600.0,3600.0,3600.0,3600.0,3600.0
782e8c8c5112a96ef3006841b6345409,warehouses_wt-warehouse0.wcsp.wcnf.xz,0.03,0.51,0.02,0.83,0.03,0.03,0.02,0.18,0.04,0.02,1.87
1682f989fd0e1f94ea32171d8a21ff5e,css-refactoring_wt-ebay.dimacs.wcnf.xz,432.39,24.3,422.36,697.65,8.74,437.66,106.33,152.01,447.01,8.9,145.7
bbb97e75247e0d38c7e0991cadcf5abb,ParametricRBACMaintenance_mse20_wt-role_smallcomp_multiple_0.7_2.wcnf.xz,3600.0,3600.0,3600.0,3600.0,3600.0,3600.0,3600.0,3600.0,3600.0,3600.0,3600.0
9c929f03eea2d6d44e339afafa0ef430,synplicate-AutoTaxi-run2-ms_0_77_0.918918918918919_erm.wcnf.xz,601.7,40.68,1411.58,79.49,882.9,901.7,112.96,101.3,579.64,86.36,113.42
8626cac83f20bf23efebb49841c702a1,MinimumWeightDominatingSetProblem_wt-web-wikipedia2009.wcnf.xz,906.47,3600.0,3600.0,3600.0,3600.0,1205.89,3600.0,3600.0,3600.0,3600.0,3600.0
af1a820f95c3b089f5123f1aebbc81d7,rna-alignment_wt-random-same-17.rna.pre.wcnf.xz,5.98,0.48,6.13,0.69,6.71,5.94,6.29,1.75,4.81,0.04,4.61
cb54fcfc9c2fa6be3df9e0df19def6ba,dalculus_wt-f49-DC_TotalLoss.seq-B-2-2-irabcde.wcnf.xz,2.37,13.19,35.87,87.35,20.84,2.36,35.74,3600.0,102.21,0.16,3600.0
93851f18783890c973527f922ec190a7,haplotyping-pedigrees_wt-ped2.G.recomb10-0.01-5.wcnf.xz,8.87,129.96,9.68,522.18,19.4,8.96,9.57,56.32,515.63,19.26,3600.0
899c1b6373d0c88a21f090fb71ed5804,haplotyping-pedigrees_wt-ped2.G.recomb5-0.20-14.wcnf.xz,10.66,183.73,10.7,335.52,14.43,10.82,10.66,58.73,336.68,14.45,3600.0
5ab1dd90c7d46987e10ceea1758f8d34,Security-CriticalCyber-PhysicalComponents_wt-test63--n-20000.wcnf.xz,1.94,0.41,11.59,7.09,2.35,1.9,11.95,1.29,3.11,2.41,7.02
18210ee558608266daece1d1f86bd874,judgment-aggregation-ja-kemeny-preflib-00049-00000454.wcnf.xz,3600.0,3600.0,3600.0,3600.0,3600.0,805.06,3600.0,3600.0,3600.0,3600.0,3600.0
b1d7ff30f1c25483007ab9691f073409,judgment-aggregation-ja-kemeny-preflib-00043-00000180.wcnf.xz,460.27,3600.0,63.67,1035.9,3600.0,445.83,62.35,3600.0,218.33,3600.0,3600.0
e58dfc6f221686dd4313f6840ba76c4d,css-refactoring_wt-facebook1.dimacs.wcnf.xz,135.54,5.53,143.26,117.72,121.67,135.21,101.26,28.31,171.57,1.11,25.04
0c5d25c07e5ffa4cfb69ae4bcc04e22a,shiftdesign_wt-limits-10-10_data-1_inst-005_60m.sm-extracted.wcnf.xz,14.59,84.12,14.98,105.11,21.32,14.65,14.76,12.88,105.58,21.85,78.85
a4acb8303f8bf13924cf476d2098d428,rna-alignment_wt-k100-42-56.rna.pre.wcnf.xz,17.68,38.82,16.63,163.45,1.59,17.65,16.23,356.15,671.75,1.6,3600.0
892c84ffee0fd88576ac1958b792889b,warehouses_wt-cap91.wcsp.wcnf.xz,0.4,45.94,0.39,3600.0,0.43,0.4,0.41,1473.54,60.44,0.58,3600.0
69355bd789d123b188cddb2a15f7e80a,planning_wt-mprime04cc.wcsp.wcnf.xz,0.54,0.2,0.58,0.11,0.58,0.53,0.55,0.12,0.48,0.04,1.9
f2d4da63e614dc28a577a03ac636c14f,dalculus_wt-f1-DataDisplay_0_order4.seq-A-3-1-EDCBAir.wcnf.xz,0.05,0.18,0.02,0.18,0.03,0.04,0.03,0.03,0.06,0.01,2.97
47f2d80db6d2c3c160929db7a2fa4be2,generalized-ising_wt-IS9_5.0.5.0.0.5_softer_periodic.wcnf.xz,3600.0,3600.0,3600.0,3600.0,3600.0,3600.0,3600.0,3600.0,3600.0,3600.0,3600.0
b93cbcf826114f1e1a49b192f4771e3a,metro_wt-metro_9_9_10_35_13_7_500_2_7.lp.sm-extracted.wcnf.xz,621.62,16.05,17.7,196.24,99.07,921.31,17.77,379.46,212.63,99.09,82.29
15c75d633ab3faef4fd2fa6bbc6c9103,rna-alignment_wt-k100-35-86.rna.pre.wcnf.xz,24.95,52.34,26.51,121.56,3.74,25.22,26.06,398.27,664.54,3.73,127.09
c17f5c43fac1537a411a029a2058f613,correlation-clustering_wt-Rounded_CorrelationClustering_Protein4_BINARY_N320.wcnf.xz,3600.0,3600.0,3600.0,3600.0,3600.0,3600.0,3600.0,3600.0,3600.0,3600.0,3600.0
0dd4da9f372429f9ea86d1a3271c8d71,max-realizability_wt-power-distribution_9_4.wcnf.xz,600.1,0.44,1400.12,0.18,800.12,900.12,100.1,0.54,500.24,0.09,4.12
fd63c3c031f603334436169fc9611cbf,Security-CriticalCyber-PhysicalComponents_wt-test15--n-5000.wcnf.xz,0.15,0.05,0.86,0.14,0.98,0.17,0.87,0.04,0.15,0.02,1.11
f18dd17fea25d13db0e7f70116109148,frb_wt-frb30-15-4.wcnf.xz,600.84,3600.0,228.22,3600.0,110.18,619.06,100.16,8.24,3600.0,939.33,10.32
8ae475de527f66116b203f7b70c73988,setcover_wt-rail507.wcnf.xz,178.01,3600.0,325.87,3600.0,3600.0,176.44,3600.0,3600.0,224.18,3600.0,3600.0
c3a02d715c2773ade64c8c0d9e6da28d,judgment-aggregation-ja-kemeny-preflib-00051-00000007.wcnf.xz,613.18,3600.0,135.97,1137.26,3600.0,756.43,134.66,3600.0,153.61,3600.0,3600.0
f0ccf4ffbe73c5476f01f9648d35bad9,ParametricRBACMaintenance_mse20_wt-role_university_multiple_0.1_1.wcnf.xz,3600.0,3600.0,3600.0,3600.0,3600.0,3600.0,3600.0,3600.0,3600.0,3600.0,3600.0
9a13fb66db8f4d78bd4a6515ce50ce2a,Security-CriticalCyber-PhysicalComponents_wt-test35--n-10000.wcnf.xz,0.38,0.07,1.42,0.3,1.53,0.38,1.42,0.08,0.32,0.47,1.16
bceef7ddf2b56a82b4dc40e358f0a61d,tcp_wt-tcp_students_98_it_2.wcnf.xz,2920.19,1061.81,3600.0,3600.0,736.68,2903.83,3600.0,3600.0,3600.0,743.79,3600.0
da1bfb059f94d87d6d2327cf7c883b03,MaxSATQueriesinInterpretableClassifiers_wt-compas_test_2_CNF_4_5.wcnf.xz,0.02,0.01,0.02,0.05,0.07,0.02,0.03,0.04,0.06,0.02,0.03
02a100f8d984252f043ac236091d531b,MinimumWeightDominatingSetProblem_wt-sc-rel9.wcnf.xz,3600.0,3600.0,3600.0,3600.0,3600.0,3600.0,3600.0,3600.0,3600.0,3600.0,3600.0
07c7860b1e492a0b1afe04c1a060e677,upgradeability_wt-mancoosi-test-i30d0u98-3.wcnf.xz,0.4,0.32,0.48,6.82,0.23,0.4,0.49,0.85,2.19,0.23,4.2
2daf3daca08c560310f0fccf7b82618c,quantum-circuit-portfoliovqe_4_18_ibmq-casablanca_7.wcnf.xz,1523.61,32.87,1402.43,171.85,802.6,1675.03,102.48,3600.0,638.77,2.52,3600.0
6793f4fbcc2f6a236b32663d633f4c6d,abstraction-refinement_wt-polysite-xalan.wcnf.xz,154.08,276.34,235.46,1300.15,579.39,152.34,234.8,3600.0,1239.64,599.65,3600.0
3961038c13f9f0ab047ff7a58aa5f81e,mpmcs_wt-test25--n-5000.wcnf.xz,1.01,0.2,1.15,1.11,1.25,1.01,1.17,0.55,1.11,0.52,2.22
9b8bbe96bf208da9eed41d1b1ce1c07f,planning_wt-mprime01cc.wcsp.wcnf.xz,1.37,0.28,1.89,1.21,1.87,1.37,1.89,0.15,2.06,0.04,7.52
