hash,filename,WMaxCDCL-S6-HS12,CGSS2,MaxCDCL-S6-HS9,EvalMaxSAT-SCIP,CASHWMAXSAT-CorePlus,WMaxCDCL-S9-HS9,EvalMaxSAT,MaxCDCL,CASHWMAXSAT-CorePlus-m,MaxCDCL-S6-HS12,WMaxCDCL,Open-WBO-OLL,Open-WBO-RES,CGSS2-SCIP
a949988fbd605b8c710eea70750638e2,setcover-sts-data.243.wcnf.xz,3600.0,3600.0,3600.0,3600.0,3600.0,3600.0,3600.0,3600.0,3600.0,3600.0,3600.0,3600.0,3600.0,3600.0
880d57948c4fec0f5bb882774f1cfc78,pseudoBoolean-normalized-aim-200-6_0-yes1-1.opb.msat.wcnf.xz,0.71,0.02,0.71,0.47,0.52,0.72,0.02,0.02,0.52,0.71,0.02,0.02,0.03,0.7
11fe811f42ccd41607ce12edc080f430,min-fill-MinFill_R3_miles1000.wcnf.xz,3600.0,3600.0,3600.0,3600.0,3600.0,3600.0,3600.0,3600.0,3600.0,3600.0,3600.0,3600.0,3600.0,3600.0
400aa60b8e5c7ebc0b79b8e25eb68b54,inconsistency-measurement-im-sum-B-3-stb_339_393.tgf.pl.wcnf.xz,3600.0,3600.0,3600.0,3600.0,3600.0,3600.0,3600.0,3600.0,3600.0,3600.0,3600.0,3600.0,3600.0,3600.0
fceb7d40915f4f24443ec9bd28a061e2,rna-alignment-random-same-7.rna.pre.wcnf.xz,2.41,0.02,2.25,2.5,6.62,2.25,0.07,0.17,6.66,2.29,0.07,3.17,3.66,8.35
3713c8c798df221c58980029c96d34c1,extension-enforcement-extension-enforcement_non-strict_stb_200_0.05_1_10_0.wcnf.xz,801.24,3600.0,1019.28,3600.0,503.66,1118.35,3600.0,3600.0,3600.0,819.82,3600.0,3600.0,3600.0,3600.0
4cfdd9ec8f477d60f27304c7ffc588a5,HaplotypeAssembly-splitedReads_18.matrix.wcnf.xz,87.28,0.77,87.84,93.04,93.12,87.95,434.95,188.39,92.63,87.3,301.54,0.14,0.61,107.72
1c06abe4aa0a6c1316cd332445aefb78,extension-enforcement-extension-enforcement_non-strict_stb_200_0.05_4_10_4.wcnf.xz,1338.58,3600.0,900.92,3600.0,961.84,637.76,3600.0,3600.0,793.11,1109.35,2317.38,3600.0,3600.0,3600.0
3b4b5aff0f07fa3fb876e041a8ed85b1,vpa-UAutomizer_array01-alloca_true-termination.c.i_Abstraction2.wcnf.xz,0.03,0.02,0.04,0.03,0.03,0.03,0.02,0.01,0.01,0.04,0.01,0.03,0.02,0.12
9376a42623f31dc8ca8b2a1cd5ce93a5,scheduling-cnf_10_center.wcnf.xz,267.16,419.61,268.8,432.74,53.15,273.73,514.91,739.13,53.02,276.92,795.06,1542.02,3033.03,422.46
ff277a1c56bfc021508b8a3045dd04cd,kbtree-kbtree9_7_3_5_40_2.wcsp.wcnf.xz,50.67,3600.0,50.78,60.92,49.65,50.53,1655.3,8.32,49.68,50.83,9.28,3600.0,1754.08,61.48
05fa21f68b7ed7a249e329bc3d95b935,bcp-duke2_Fv10@1.wcnf.xz,0.34,0.01,0.34,0.45,0.37,0.34,0.34,0.04,0.39,0.34,0.02,0.01,0.02,0.32
ea05ad3213f6ac2a7a652a661971306e,xai-mindset2-cleve.wcnf.xz,3266.59,3600.0,1961.99,1718.05,716.49,3600.0,1322.18,466.73,716.65,2220.13,1930.52,3600.0,3600.0,3600.0
00f99472b0fb1e4bfb9d46770fe01301,railway-transport-p15.wcnf.xz,3.66,4.72,3.62,679.61,4.51,3.59,167.03,38.01,4.53,3.6,39.74,7.27,37.95,4.68
a947a4da4813ed9d3dace8c050b2e1ac,uaq-uaq-rpp-nr100-nc33-n3-k2-rpp23-ppr2-plb20.wcnf.xz,117.34,18.92,117.39,105.16,396.03,118.03,317.35,245.12,394.17,117.61,80.0,55.43,33.34,112.41
f3de0c7ad101a97b065473ba932cf461,mqc-15tree201p.wcnf.xz,6.22,5.92,6.2,562.1,20.59,6.2,67.57,25.36,1420.36,6.14,38.09,88.59,29.16,5.99
721e129959587b79a4429bb1a8dab4e9,reversi-rev66-26.wcnf.xz,3600.0,3600.0,3600.0,3600.0,3600.0,3600.0,3600.0,3600.0,3600.0,3600.0,3600.0,3600.0,3600.0,3600.0
debbd2f41f00639eaa6271aa4457cf95,inconsistency-measurement-im-contension-A-2-grd_3908_2_1.tgf.pl.wcnf.xz,3600.0,3600.0,3600.0,3600.0,3600.0,3600.0,3600.0,3600.0,3600.0,3600.0,3600.0,3600.0,3600.0,3600.0
0daa3ef64a8653427d70c92d04c7e85d,aes-mul_8_9.wcnf.xz,3600.0,3600.0,3600.0,3600.0,3600.0,3600.0,3600.0,3600.0,3600.0,3600.0,3600.0,3600.0,3600.0,3600.0
1400bd549777fc2fdd0b9ffe4e414c32,HaplotypeAssembly-splitedReads_158.matrix.wcnf.xz,102.79,1.35,103.13,288.36,288.75,103.82,516.59,276.0,287.87,103.71,462.82,0.19,0.37,327.99
42116dd640be4fb5fa284a8e5458a82e,SeanSafarpour-mot_comb2._red-gate-0.dimacs.seq.filtered.wcnf.xz,0.49,0.07,0.51,0.65,0.44,0.49,5.25,0.05,0.47,0.49,0.03,0.02,0.02,1.23
eaa6b7b08a75ccf766fa7d01b4dc5e11,MaxSATQueriesinInterpretableClassifiers-ilpd_train_1_DNF_3_1.wcnf.xz,665.54,0.74,673.34,518.01,1800.44,992.03,15.45,9.1,1400.42,698.34,19.46,101.56,3600.0,224.98
1cecf5fd0a4059759490eadc0776d08d,optic-gen_add_5_carry_299.wcnf.xz,0.35,0.19,0.34,1.8,0.57,0.33,277.9,3600.0,0.57,0.33,3600.0,0.27,16.48,0.59
4cfc1c554b56e18e8668551b07c33de0,fault-diagnosis-s38417_nan_explicit_8_0.wcnf.xz,0.41,0.22,0.44,2.48,0.32,0.43,0.29,0.17,2.04,0.43,0.25,0.12,0.4,0.22
f9ee2d20614281972550c70dfd7e0ee5,scheduling-cnf_10.wcnf.xz,3600.0,3600.0,3600.0,3600.0,3600.0,3600.0,3600.0,3600.0,3600.0,3600.0,3600.0,3600.0,3600.0,3600.0
2b585d2082e9f90b5dcd8073af48e066,MaxSATQueriesinInterpretableClassifiers-wdbc_test_5_CNF_4_1.wcnf.xz,0.02,0.01,0.02,0.02,0.02,0.02,0.02,0.02,0.02,0.02,0.01,0.01,0.02,0.02
fa664d210e7be7caf3e1b8feee492bc3,optimizing-BDDs-primary-tumor-un-wcnf_incomplete_improved_1_2019_2.wcnf.xz,370.66,11.36,370.93,1169.44,602.38,371.0,570.15,4.24,603.28,368.53,7.38,50.02,6.75,811.13
f39a1f3f1fa1d0c6ab4ee7e998a3c042,aes-key-recovery-AES1-50-12.wcnf.xz,0.64,0.36,0.64,509.65,69.64,0.64,0.35,8.46,70.71,0.64,8.95,0.17,15.83,0.36
02824e233caa268186839a5fe91e2b9a,protein_ins-6ebx_.1era_.g.wcnf.t.wcnf.xz,17.08,24.54,17.11,619.32,36.41,17.0,135.47,64.09,36.41,16.93,67.75,97.36,96.46,24.36
45a4f64815904e610cefeee02994c8f4,mbd-b21_C-mbd14-0298.wcnf.xz,254.6,1.34,255.42,589.3,1475.64,255.54,76.95,0.91,1401.78,255.01,1.86,0.1,0.84,1.34
db8565c182a1d940a900734ca325b476,jobshop-la04-567-0696.wcnf.xz,1.89,0.97,1.94,502.54,1.76,1.89,2.09,2.83,1.73,1.88,7.45,5.84,7.83,0.98
88dd4b13764619812b541d8ab3a4c7a6,drmx-cryptogen-wolfram80_3.wcnf.xz,621.97,10.34,622.21,534.63,1818.83,922.39,40.05,9.08,1460.09,622.19,8.57,3600.0,17.81,10.55
291207ca133ca1cb32b74cbb86b46367,optimizing-BDDs-kr-vs-kp-un-wcnf_incomplete_improved_1_2019_4.wcnf.xz,3600.0,3600.0,3600.0,3600.0,3600.0,3600.0,3600.0,3600.0,3600.0,3600.0,3600.0,3600.0,3600.0,3600.0
777fe1bb41647df730c452292b430306,inconsistency-measurement-im-sum-B-3-stb_696_368.tgf.pl.wcnf.xz,3600.0,3600.0,3600.0,3600.0,3600.0,3600.0,3600.0,3600.0,3600.0,3600.0,3600.0,3600.0,3600.0,3600.0
5faadcc41c4b4f2af8428ae7c38aede9,biorepair-heatShock_WT_36_12.lp.sm-extracted.wcnf.xz,4.14,8.76,4.16,25.7,4.13,4.18,25.82,4.22,4.15,4.16,4.29,0.5,8.71,8.82
d2d10ef7ef30d53d66c487be214d0292,CircuitDebuggingProblems-sudoku-debug.dimacs.wcnf.xz,5.86,808.57,5.87,94.96,3.67,5.91,96.8,3.54,3.68,5.86,53.13,1.26,1.26,848.62
9d50fe65b46c2d1c417118f4b991fb04,ConsistentQueryAnswering-synthetic-19.wcnf.xz,0.07,0.08,0.07,0.94,0.27,0.09,0.61,0.06,0.27,0.07,0.06,47.58,0.07,0.08
9a5c3663842f5570b7f50146b8737021,program-disambiguation-Q24_YESNO_2.wcnf.xz,7.19,5.51,7.21,22.83,7.68,7.31,23.11,19.17,7.7,7.22,30.3,3.83,3.84,5.51
e3b8635c4cee6bdd52d246a797a0484e,routing-normalized-s4-4-3-4pb.opb.wcnf.xz,9.39,2.16,9.43,6.14,10.29,9.41,48.19,2.05,10.31,9.46,0.93,0.38,0.61,8.72
f9f21404e4f82d2c0ff23817619f3187,inconsistency-measurement-im-hit-A-2-grd_1948_5_1.tgf.pl.wcnf.xz,3600.0,3600.0,3600.0,3600.0,3600.0,3600.0,3600.0,3600.0,3600.0,3600.0,3600.0,3600.0,3600.0,3600.0
7ff92ea160371b255e43c2fd03cfb4f8,gen-hyper-tw-GenHyperTW_aim-50-1_6-yes1-3.wcnf.xz,3600.0,3600.0,3600.0,3600.0,3600.0,3600.0,3600.0,3600.0,3600.0,3600.0,3600.0,3600.0,3600.0,3600.0
2a894e190c5fd0d502178612d0f4b58d,HaplotypeAssembly-splitedReads_414.matrix.wcnf.xz,187.12,1.09,188.56,352.03,351.49,187.47,509.32,187.24,355.07,187.9,522.78,0.16,0.7,801.12
ec201844251db6241957ab04e34eb646,railway-transport-pesp_5min.wcnf.xz,3600.0,3600.0,3600.0,3600.0,3600.0,3600.0,3600.0,3600.0,3600.0,3600.0,3600.0,3600.0,3600.0,3600.0
ba012829ee3075bcc9c85d7984b34a7c,gen-hyper-tw-GenHyperTW_2bitcomp_5.wcnf.xz,3600.0,3600.0,3600.0,3600.0,3600.0,3600.0,3600.0,3600.0,3600.0,3600.0,3600.0,3600.0,3600.0,3600.0
ce3852be6213c8f34a7f844f3f984e07,biorepair-Stat_vs_Exp_16_12.lp.sm-extracted.wcnf.xz,4.78,7.14,4.76,26.0,3.68,4.74,26.21,3.94,3.71,4.75,4.77,0.45,8.94,7.22
fa7e6a3895c51454ecbf95afa8c5ff94,setcover-sts-data.405.wcnf.xz,3600.0,3600.0,3600.0,3600.0,3600.0,3600.0,3600.0,3600.0,3600.0,3600.0,3600.0,3600.0,3600.0,3600.0
eb4d2a530ccd59f2917cba220841d946,inconsistency-measurement-im-forgetting-A-2-WS_300_16_90_30.tgf.pl.wcnf.xz,3600.0,3600.0,3600.0,3600.0,3600.0,3600.0,3600.0,3600.0,3600.0,3600.0,3600.0,3600.0,3600.0,3600.0
81ee721a1b520d6c6c31a19b1a447f5b,pseudoBoolean-normalized-par32-3.opb.msat.wcnf.xz,3600.0,3600.0,3600.0,3600.0,3600.0,3600.0,3600.0,3600.0,3600.0,3600.0,3600.0,3600.0,3600.0,3600.0
c9f74beaf4aa5a7747e48fb8d4756fc8,optimizing-BDDs-mushroom-un-wcnf_incomplete_improved_1_2019_5.wcnf.xz,3600.0,3600.0,3600.0,3600.0,3600.0,3600.0,3600.0,3600.0,3600.0,3600.0,3600.0,3600.0,3600.0,3600.0
42a22e40c16ca647d500bdbb8e2798d2,uaq-uaq-nr-nr300-nc100-n3-k2-rpp4-ppr2-plb50.wcnf.xz,1.14,2.13,1.14,0.86,1.15,1.14,42.93,25.26,1.15,1.14,4.98,21.44,3600.0,1.24
eef181cebb865f7330f62ce89cd1e330,planning-bnn-sysadmin_4_3.wcnf.xz,126.45,586.71,126.55,397.9,227.58,127.17,403.87,277.9,229.85,127.09,365.83,1140.93,1166.18,581.41
226c0614200ab5fe393e520e014205ac,treewidth-computation-TWComp_barley-pp_N26.wcnf.xz,600.37,0.23,600.38,501.05,1800.25,900.39,0.16,0.35,1400.25,600.36,0.52,0.3,1.72,800.27
113299accccb7b8c78e7080e34a36f15,optimizing-BDDs-splice-1-un-wcnf_incomplete_improved_1_2019_5.wcnf.xz,3600.0,3600.0,3600.0,3600.0,3600.0,3600.0,3600.0,3600.0,3600.0,3600.0,3600.0,3600.0,3600.0,3600.0
3922ef309e4bc117e99834392583a2cf,treewidth-computation-TWComp_barle_N48.wcnf.xz,1.72,0.96,1.7,502.74,1.68,1.69,2.14,3.97,1.67,1.69,5.41,5.3,28.09,0.97
5b12e7489825f44ef765fa94d991e2cd,close_solutions-SAT11__application__manthey__traffic__traffic_3_uc_sat.cnf.wcnf.3.wcnf.xz,6.0,8.87,6.04,132.11,59.42,6.07,131.43,6.19,59.38,6.04,116.97,68.37,69.43,8.88
14115238c37419b29356fe69d20862d1,ConsistentQueryAnswering-synthetic-20.wcnf.xz,0.07,0.07,0.05,0.26,0.13,0.06,0.1,0.02,0.13,0.07,0.04,20.61,0.13,0.22
3e421d1ea6b41ec5418393b8e5fc9023,SeanSafarpour-dividers1.dimacs.filtered.wcnf.xz,0.52,30.4,0.52,91.42,0.39,0.49,91.53,1.76,1401.07,0.51,22.88,0.43,0.5,30.35
da974f8bbefe8675200bb0f93b8c1814,atcoss-atcoss_sugar_01.wcnf.xz,17.73,19.54,17.77,521.67,17.52,17.93,11.09,18.68,17.57,18.02,30.82,62.08,80.94,19.5
a450e23dfc7bbe01a0c1bb2fd36b4b61,pseudoBoolean-normalized-g4x4.opb.msat.wcnf.xz,0.02,0.02,0.02,0.02,0.02,0.02,0.03,0.02,0.02,0.02,0.27,0.02,0.02,0.01
8e79d9d59a25533e76893b2e0d79a1b4,ramsey-ram_k3_n17.ra0.wcnf.xz,3600.0,3600.0,3600.0,3600.0,3600.0,3600.0,3600.0,3600.0,3600.0,3600.0,3600.0,3600.0,3600.0,3600.0
635fdaf2ec05b6d2b573abfd5e35c77a,judgment-aggregation-ja-slater-preflib-00049-00000468.wcnf.xz,3600.0,3600.0,3600.0,3600.0,3600.0,3600.0,3600.0,3600.0,3600.0,3600.0,3600.0,3600.0,3600.0,3600.0
6e6eae6bd87e169ec08fd7d13c1f280a,optimizing-BDDs-vote-un-wcnf_incomplete_improved_1_2019_8.wcnf.xz,3600.0,3600.0,3600.0,3600.0,3600.0,3600.0,3600.0,3600.0,3600.0,3600.0,3600.0,3600.0,3600.0,3600.0
3022502fc1ea6e212717255df817f3ef,pseudoBoolean-normalized-par16-2.opb.msat.wcnf.xz,48.54,0.27,48.48,0.31,89.87,48.65,0.3,0.46,89.61,48.51,1.11,1.26,0.18,27.11
4d91ff9cfba7b7796656e4a86d1ddc44,vpa-UAutomizer_count_up_alloca_true-termination.c.i_Abstraction1.wcnf.xz,0.03,0.02,0.03,0.04,0.01,0.03,0.03,0.01,0.02,0.04,0.01,0.02,0.02,0.1
24f669db007423974d0024fdb9c6e78d,close_solutions-SAT09__APPLICATIONS__satComp09_BioInstances__rbcl_xits_15_SAT.cnf.wcnf.9.wcnf.xz,1.82,150.03,1.83,820.99,26.03,1.84,313.09,6.78,198.38,1.85,4.05,15.56,3600.0,151.42
95c73c7435344a0547da3119cf789131,MaxSATQueriesinInterpretableClassifiers-ilpd_train_7_CNF_1_1.wcnf.xz,0.08,0.03,0.08,0.11,0.07,0.08,1.57,0.03,0.05,0.08,0.84,0.01,0.03,0.07
3887ff4f7226a75f0d44039e431b8c29,optimizing-BDDs-anneal-un-wcnf_incomplete_improved_1_2019_5.wcnf.xz,3600.0,3600.0,3600.0,3600.0,3600.0,3600.0,3600.0,3600.0,3600.0,3600.0,3600.0,3600.0,3600.0,3600.0
9dad911132b447f662ad49038f67a36d,pseudoBoolean-normalized-par16-5.opb.msat.wcnf.xz,40.4,0.24,40.68,0.23,70.01,40.45,0.2,0.36,70.03,40.62,1.19,1.02,0.18,14.35
249d305859654a38825e0608ea1711e6,fault-diagnosis-s38584_nan_explicit_19_0.wcnf.xz,27.25,44.98,26.58,728.49,42.79,26.59,756.93,16.83,42.24,26.56,29.28,111.81,118.29,44.67
95d1af5a79dd296d095142eb34f736d2,SeanSafarpour-s15850-bug-fourvec-gate-0.dimacs.seq.filtered.wcnf.xz,0.57,2.51,0.56,79.27,0.74,0.59,78.17,16.61,39.17,0.59,4.55,0.23,0.33,2.5
0946fa3a7c7b56024725e3543108af4e,close_solutions-teams16_l9a.cnf.wcnf.xz,4.01,1.13,3.99,4.27,4.43,4.12,151.79,0.35,4.39,3.88,0.49,0.07,3.97,4.47
169b99469b7c0d6a5f4a660ead1a818d,pseudoBoolean-normalized-par8-2.opb.msat.wcnf.xz,0.06,0.02,0.05,0.02,0.03,0.05,0.04,0.01,0.03,0.05,0.01,0.02,0.08,0.03
454db96157358269d852b363f50490fd,setcover-sts-data.135.wcnf.xz,3600.0,3600.0,3600.0,3600.0,3600.0,3600.0,3600.0,3600.0,3600.0,3600.0,3600.0,3600.0,3600.0,3600.0
a4cf93b3a9a661f3cd481d592ebfdcb0,logic-synthesis-normalized-bench1.pi.opb.msat.wcnf.xz,3.84,3600.0,3.85,3.85,3.9,3.83,3600.0,3600.0,3.85,3.85,3600.0,3600.0,3600.0,4.86
977426615db2515498ea0aaeb325145f,CircuitDebuggingProblems-mrisc-debug.dimacs.wcnf.xz,5.36,475.29,5.42,99.57,4.08,5.31,102.42,3.57,4.02,5.38,918.68,1.63,1.63,466.43
9c16026a3929cc341dd61d7041302e59,vpa-UAutomizer_NO_01_false-termination_true-no-overflow.c_Abstraction1.wcnf.xz,0.02,0.02,0.02,0.02,0.02,0.02,0.02,0.01,0.02,0.02,0.0,0.02,0.01,0.02
a895d7e9285c27a7b300e9ebfd6dbc97,MaxSATQueriesinInterpretableClassifiers-wdbc_test_5_CNF_1_1.wcnf.xz,0.02,0.02,0.01,0.01,0.02,0.02,0.02,0.02,0.02,0.02,0.02,0.0,0.01,0.02
a73578baf579463c221224c45cd9ff63,optimizing-BDDs-breast-cancer-un-wcnf_incomplete_improved_1_2019_7.wcnf.xz,3600.0,3600.0,3600.0,3600.0,3600.0,3600.0,3600.0,3600.0,3600.0,3600.0,3600.0,3600.0,3600.0,3600.0
05b1760aed88e9089ce818011e26d92b,kbtree-kbtree9_7_3_5_70_4.wcsp.wcnf.xz,40.42,3600.0,40.39,42.41,41.87,40.39,3600.0,15.37,41.84,40.42,11.42,3600.0,3600.0,39.11
47dd8406b5a6ebe195e90f4c40657300,optimizing-BDDs-heart-cleveland-un-wcnf_incomplete_improved_1_2019_9.wcnf.xz,3600.0,3600.0,3600.0,3600.0,3600.0,3600.0,3600.0,3600.0,3600.0,3600.0,3600.0,3600.0,3600.0,3600.0
1a5ed91221333315816f3f8af4626739,extension-enforcement-extension-enforcement_strict_com_200_0.05_0_40_1.wcnf.xz,5.6,6.48,5.58,58.18,24.26,5.51,159.11,11.52,25.06,5.62,3.84,3600.0,3600.0,6.42
b58e36d2adea933674d6e2e84bfb1531,bcp-simp-ace_40.09.wcnf.xz,0.77,0.02,0.77,0.44,0.93,0.78,0.01,0.01,0.96,0.78,0.02,0.01,0.02,0.69
0c4122e04221baafe839e46864b7cf9f,atcoss-atcoss_sugar_15.wcnf.xz,3600.0,3600.0,3600.0,3600.0,3600.0,3600.0,3600.0,3600.0,3600.0,3600.0,3600.0,3600.0,3600.0,3600.0
fc2fc6ede838385abb61e8c84413bd66,inconsistency-measurement-im-sum-A-2-grd_1948_5_1.tgf.pl.wcnf.xz,3600.0,3600.0,3600.0,3600.0,3600.0,3600.0,3600.0,3600.0,3600.0,3600.0,3600.0,3600.0,3600.0,3600.0
769c7a4858865e0f8b96bcd3a00665b1,reversi-rev66-28.wcnf.xz,3600.0,3600.0,3600.0,3600.0,3600.0,3600.0,3600.0,3600.0,3600.0,3600.0,3600.0,3600.0,3600.0,3600.0
fe1d9e084f92c4d27c44c02a4b456f3d,scheduling-cnf_12_center.wcnf.xz,24.83,21.03,24.74,226.73,22.34,24.73,206.9,69.77,22.29,24.87,143.91,110.46,147.13,21.03
1acd6ba9c56e3e8b4840031f14778bd0,close_solutions-SAT11__application__jarvisalo__AAAI2010-SATPlanning__aaai10-planning-ipc5-pipesworld-12-step16.cnf.wcnf.8.wcnf.xz,1.24,1.72,1.27,136.69,34.12,1.24,23.22,3.19,34.19,1.26,651.57,37.4,36.87,1.72
afab05a89ec4151fc907e14e2cd369e7,judgment-aggregation-ja-maxham-preflib-00049-00000295.wcnf.xz,3600.0,3600.0,3600.0,3600.0,3600.0,3600.0,3600.0,3600.0,3600.0,3600.0,3600.0,3600.0,3600.0,3600.0
9f4464a650dad9885ad4fa6a18b628df,mqc-10tree102p.wcnf.xz,600.12,0.1,600.12,503.08,1726.09,900.12,3.39,0.2,1400.17,600.13,0.18,0.06,0.25,800.1
cf864e2fdefdf69da501c22904df63a2,planning-bnn-cellda_y_9.wcnf.xz,980.53,808.69,982.31,1159.2,670.82,731.75,859.11,415.26,663.59,986.1,478.62,396.82,398.64,804.91
1926f4f8c1430c2b85abab3004e5470b,tpr-b18-s_PathRelaxation_Set_FS_41.wcnf.xz,13.94,47.28,14.1,146.59,28.87,13.94,133.53,171.49,28.48,14.0,389.52,214.06,389.02,47.33
9214b05700b54cae6d2419b55f4d3aac,uaq-uaq-rpp-nr100-nc33-n3-k2-rpp16-ppr2-plb20.wcnf.xz,123.44,13.28,123.0,85.44,84.8,123.73,252.05,80.7,84.81,122.94,75.8,51.4,33.88,99.75
6b31c6fc92441da4dadf8e042ebfee78,aes-key-recovery-AES2-72-68.wcnf.xz,1.48,512.09,1.49,636.04,3600.0,1.5,131.5,74.66,3600.0,1.48,61.02,8.79,17.04,517.03
ef8618a36de7dac54694ec798cd76ada,pseudoBoolean-normalized-par8-5.opb.msat.wcnf.xz,0.06,0.02,0.06,0.03,0.16,0.06,0.03,0.01,0.16,0.04,0.01,0.02,1.08,0.08
baa25bdccc197bb2a693215446bdcdcf,xai-mindset2-soybean.wcnf.xz,3600.0,3600.0,3600.0,3600.0,3600.0,3600.0,3600.0,3600.0,3600.0,3600.0,3600.0,3600.0,3600.0,3600.0
449fd4fa098adec5181d6a3e04c78dc1,xai-mindset2-auto.wcnf.xz,2.46,3.03,2.49,1.35,3.24,2.47,403.25,55.24,3.24,2.48,120.09,0.79,0.9,3.06
7c9bf5669164f4536778846222835fdf,reversi-rev66-16.wcnf.xz,3600.0,3600.0,3600.0,3600.0,3600.0,3600.0,3600.0,3600.0,3600.0,3600.0,3600.0,3600.0,3600.0,3600.0
4cef5748ffb6100b2040a317d4ae18a9,MaxSATQueriesinInterpretableClassifiers-adult_test_5_DNF_2_1.wcnf.xz,0.05,0.02,0.03,0.08,0.05,0.04,0.04,0.02,0.03,0.04,0.01,2.46,0.03,0.12
6f70554087e06afb21535ed030c91175,gen-hyper-tw-GenHyperTW_b01.wcnf.xz,3600.0,3600.0,1315.69,1104.1,3600.0,3600.0,1325.15,3600.0,3600.0,3600.0,3600.0,1760.09,1569.33,3600.0
41048e8737a556d6d7167fb617bfa06a,tpr-b14-s_PathRelaxation_FS_35.wcnf.xz,0.1,0.08,0.08,1.65,1.58,0.09,41.27,0.11,1.58,0.09,0.35,0.12,0.3,2.34
0dcef920f810dff2f3b75676284fcbd7,reversi-rev44-6.wcnf.xz,2.41,0.07,2.41,2.53,2.49,2.41,4.33,0.04,2.47,2.4,0.29,0.27,0.19,2.43
bb95fedb197e9d32dc07ff8020f17af2,treewidth-computation-TWComp_eil51.tsp_N51.wcnf.xz,766.81,752.9,730.38,650.8,181.83,1300.97,115.47,407.89,181.71,755.59,1990.48,320.57,3600.0,740.72
f2709288041617f890ba82b1909977ba,drmx-cryptogen-threshold128_5.wcnf.xz,656.07,178.53,656.42,508.51,1846.04,956.31,45.03,31.04,1446.28,656.11,67.2,3600.0,72.57,975.17
5aa56063133f4b4b6089690abf62a402,close_solutions-SAT11__application__rintanen__SATPlanning__openstacks-sequencedstrips-nonadl-nonnegated-os-sequencedstrips-p30_3.085-SAT.cnf.wcnf.5.wcnf.xz,2.89,2.77,2.89,2.1,5.54,2.87,2.09,3.09,5.51,2.88,3600.0,0.69,0.68,2.79
2eadf8ba8921c92180205fbd7e132b3b,ConsistentQueryAnswering-synthetic-18.wcnf.xz,0.07,0.07,0.07,0.85,0.3,0.07,0.48,0.06,0.27,0.07,0.06,65.11,0.08,0.08
53f5cc1843c5153bad2f68510879e872,frb-frb20-11-1.partial.wcnf.xz,2.88,0.91,2.87,1.87,4.71,2.88,0.01,0.03,4.71,2.88,0.4,41.06,0.99,3.61
278956df4aa23b5ff4dd7e2ab30c1161,treewidth-computation-TWComp_mulsol.i.5-pp_N119.wcnf.xz,638.57,1399.81,639.04,39.01,842.83,938.42,39.06,49.27,862.9,638.56,82.26,3600.0,3600.0,1391.81
99e44a1cca30cda6f0f2ed5aca87e341,bcp-normalized-fir08_area_delay.wcnf.xz,34.56,3600.0,34.67,435.65,84.89,34.77,454.47,179.77,85.49,35.15,630.97,90.31,107.79,3600.0
f52f830c6945bd222b73dca8af061a41,bcp-SU2__simp-genos.haps.98.wcnf.xz,0.13,0.03,0.14,1.16,1.24,0.13,0.03,0.04,1.24,0.12,0.03,0.03,0.04,2.76
146378f061c94dbf522cadfb4aa2dc32,protein_ins-1bpi_.2knt_.g.wcnf.t.wcnf.xz,48.98,37.22,49.08,821.87,41.94,49.58,254.27,222.4,42.46,49.32,188.11,90.08,89.33,37.29
f9c73fdc9818aa10c08ec37526e8e0f0,kbtree-kbtree9_7_3_5_90_5.wcsp.wcnf.xz,12.61,3600.0,12.62,12.65,10.77,12.61,473.08,27.53,10.73,12.63,15.75,3600.0,3600.0,10.5
0b822c53e8dbbcfd14c1606815a074b3,program-disambiguation-Q45_YESNO_1.wcnf.xz,237.11,1311.87,238.32,373.06,204.12,238.08,370.81,334.94,206.48,236.58,484.8,1536.35,1580.02,1319.57
3065d8b8204645e18ee187c0c2e41c44,routing-normalized-s4-4-3-10pb.wcnf.xz,11.71,0.36,11.66,8.38,13.77,11.66,5.11,0.81,13.68,11.7,0.7,0.18,0.26,10.73
b263ed4e4e6668cdb685e426d9e45707,close_solutions-SAT11__application__jarvisalo__smtqfbv-aigs__smtlib-qfbv-aigs-rfunit_flat-64-tseitin.cnf.wcnf.7.wcnf.xz,8.34,13.08,8.15,397.26,69.23,8.18,412.7,19.36,69.77,8.24,75.48,1.04,5.66,12.85
ef1bb557d68e5a11fe19b26c8456d0dc,drmx-cryptogen-wolfram80_4.wcnf.xz,616.51,18.09,616.43,524.97,1837.66,916.33,16.43,11.29,1430.2,616.19,12.07,3600.0,47.12,18.06
6c8bd88d0463016318a279f53aa2baaa,aes-key-recovery-AES2-74-72.wcnf.xz,2.0,5.74,2.02,559.37,5.9,2.0,20.37,15.92,5.93,1.99,130.66,8.14,18.37,5.74
e69912dfab43556bf97bfaf21559aac9,frb-frb40-19-3.partial.wcnf.xz,630.76,3600.0,630.96,715.73,1992.42,930.59,82.76,298.7,1593.68,631.02,3600.0,3600.0,60.15,3600.0
e734931681123f76ac2810470cb5dd80,routing-normalized-s4-4-3-8pb.wcnf.xz,1.67,0.85,1.67,1.9,1.69,1.67,25.72,0.38,1.71,1.67,1.12,0.04,1.13,2.75
a6a3fdcd411141dbedb1575a4e8d0e8a,biorepair-heatShock_WT_157_12.lp.sm-extracted.wcnf.xz,4.42,6.15,4.39,16.14,4.17,4.35,16.14,3.97,4.17,4.35,4.19,0.47,8.88,6.11
658bc4ebe6f475aaa4ff7dbcb35b214d,program-disambiguation-Q46_YESNO_3.wcnf.xz,5.45,0.56,5.45,1.09,2.7,5.46,1.1,6.67,2.71,5.48,14.25,11.41,25.21,0.56
bae81aaf3f9a1608123351f23847da16,mqc-10tree430p.wcnf.xz,615.37,3.96,615.48,574.47,1803.08,915.59,71.44,12.71,1402.77,615.44,31.03,93.28,45.27,803.85
8fb8f6b553c6e82b72e1ad36a8af192b,xai-mindset2-heart-h.wcnf.xz,3600.0,3600.0,3600.0,3600.0,3600.0,3600.0,3600.0,3600.0,3600.0,3600.0,3600.0,3600.0,3600.0,3600.0
49e20e6031b91300efd0c8bb59c4437d,gen-hyper-tw-GenHyperTW_grid4d_3.wcnf.xz,3600.0,3600.0,3600.0,3600.0,3600.0,3600.0,3600.0,3600.0,3600.0,3600.0,3600.0,3600.0,3600.0,3600.0
a315a75e3730f5ad12c9a3ede77a338f,xai-mindset2-postoperative-patient-data.wcnf.xz,3600.0,3600.0,3600.0,3600.0,3600.0,3600.0,3600.0,3600.0,3600.0,3600.0,3600.0,3600.0,272.55,3600.0
752e8ebfb2bdc3239f7bd4caec196f63,fault-diagnosis-s38584_nan_explicit_10_0.wcnf.xz,3600.0,414.72,1637.62,1178.84,108.42,3600.0,1263.18,117.53,104.64,1938.13,3600.0,3600.0,3600.0,418.41
e39a5e4aae8758227a77431d590a7679,mbd-b21_C-mbd14-0387.wcnf.xz,262.63,0.73,261.56,599.68,1804.28,262.97,96.44,0.95,1402.48,262.54,3.49,0.12,1.08,0.75
89907ff0c46ffdadc3df10c70533c3bd,drmx-cryptogen-wolfram72_9.wcnf.xz,618.5,5.26,618.43,530.6,1804.26,918.45,16.69,2.63,1403.71,618.37,5.82,3600.0,13.12,5.23
60d51c42569beac15912cd0ac8b63901,drmx-cryptogen-geffe128_4.wcnf.xz,684.17,35.54,684.05,547.19,1833.14,984.19,53.55,17.65,1433.21,683.73,13.59,3600.0,54.7,835.15
309e21d44d07b86d828411b030e7e7a7,vpa-UAutomizer_invert_string_false-unreach-call_true-termination.i_Abstraction1.wcnf.xz,0.03,0.05,0.02,0.05,0.04,0.04,0.04,0.02,0.04,0.05,0.01,0.68,0.03,0.17
70b3e72556ce2d42a10be705a5becaa9,judgment-aggregation-ja-maxham-preflib-00049-00000260.wcnf.xz,3600.0,3600.0,3600.0,3600.0,3600.0,3600.0,3600.0,2616.44,3600.0,3600.0,2739.16,3600.0,3600.0,3600.0
e9b48aca047aa84a0df8965d17c776ce,extension-enforcement-extension-enforcement_non-strict_stb_200_0.05_1_10_1.wcnf.xz,3600.0,3600.0,3600.0,3600.0,3600.0,3600.0,3600.0,3600.0,3600.0,3600.0,3600.0,3600.0,3600.0,3600.0
cf5f943ca90f6a9e7a0fb9728cbf3a32,biorepair-heatShock_WT_148_12.lp.sm-extracted.wcnf.xz,4.6,1.89,4.55,5.98,3.47,4.62,5.95,3.26,3.49,4.56,3.51,0.34,8.45,1.88
981130711bdb025da519b3efd9fcc05b,optic-gen_square_5_33.wcnf.xz,1.6,0.49,1.61,2.59,2.2,1.59,154.42,7.04,2.2,1.6,63.23,36.08,3600.0,3.03
c7170887d9ef67605f8253fff93502d8,extension-enforcement-extension-enforcement_non-strict_stb_200_0.05_4_10_2.wcnf.xz,342.32,3600.0,341.84,3600.0,310.72,342.36,3600.0,3600.0,743.78,342.68,3600.0,3600.0,3600.0,3600.0
9d5767f98957e9e9996b3e0c9a7c6a34,kbtree-kbtree9_7_3_5_80_3.wcsp.wcnf.xz,17.26,3600.0,17.25,16.67,17.01,17.26,1366.17,17.95,16.99,17.25,19.84,3600.0,3600.0,17.49
5db70bca0fbdeca5d014fb6421a74392,fault-diagnosis-s01423_nan_explicit_7_0.wcnf.xz,0.09,0.11,0.09,0.4,0.28,0.09,0.09,0.06,0.28,0.11,0.06,0.06,0.12,0.11
7e3f50b5c489106d731b3dff9ac549cb,extension-enforcement-extension-enforcement_strict_com_100_0.05_4_20_3.wcnf.xz,3.7,0.54,3.61,4.07,4.44,3.66,71.12,1.72,3.81,3.61,1.9,15.53,17.61,0.58
0b6a99677cb3e66baa79803e38794092,protein_ins-1bpi_.5pti_.g.wcnf.t.wcnf.xz,40.93,12.11,41.5,758.73,40.97,40.99,143.69,108.82,41.23,41.6,149.98,51.35,55.09,12.21
84ae3dd7eecd026d0c06c75655d5ea94,gen-hyper-tw-GenHyperTW_par8-1-c.wcnf.xz,3600.0,3600.0,3600.0,3600.0,3600.0,3600.0,3600.0,3600.0,3600.0,3600.0,3600.0,3600.0,3600.0,3600.0
70c79a1a60da09fbf19c90a4d1659cb8,judgment-aggregation-ja-maxham-preflib-00049-00000333.wcnf.xz,3600.0,3600.0,3600.0,2490.88,3600.0,3600.0,2047.41,2601.49,3600.0,3600.0,3382.78,492.38,1532.47,3600.0
bdb39c9be0a4380785229822f4c3c21d,fault-diagnosis-s01423_nan_explicit_4_0.wcnf.xz,0.08,0.1,0.08,0.32,0.23,0.11,0.09,0.06,0.23,0.08,0.05,0.05,0.1,0.1
6d65ba77a40b330de4c167c327b4131b,MaxSATQueriesinInterpretableClassifiers-wdbc_train_9_CNF_5_1.wcnf.xz,3600.0,3600.0,3600.0,3600.0,3600.0,3600.0,3600.0,3600.0,3600.0,3600.0,3600.0,3600.0,3600.0,3600.0
7090f0b72a28dbd1e0603a58f1968181,frb-frb20-11-5.partial.wcnf.xz,5.1,0.04,5.1,3.09,2.53,5.11,0.04,0.03,2.49,5.1,0.69,1846.24,1.63,8.08
8060584d136eef010891743e2accf5fc,gen-hyper-tw-GenHyperTW_b02.wcnf.xz,601.95,0.71,601.98,502.02,1801.01,901.93,2.58,0.51,1401.0,601.95,2.07,2.44,1.39,800.74
4ce9d5e139d295e2a93e60c87d340308,xai-mindset2-cloud.wcnf.xz,0.23,1.46,0.24,0.49,0.22,0.23,651.1,0.49,0.21,0.24,1.02,0.2,0.23,1.51
0e99a75277e55d7b3cc5fcf87de18d0b,fault-diagnosis-s01423_nan_explicit_0_0.wcnf.xz,0.12,0.11,0.09,0.31,0.22,0.1,0.1,0.06,0.22,0.09,0.06,0.06,0.11,0.09
95a60748835ad98c14c8beec69a05031,min-fill-MinFill_R0_myciel7.wcnf.xz,3600.0,3600.0,3600.0,3600.0,3600.0,3600.0,3600.0,3600.0,3600.0,3600.0,3600.0,3600.0,3600.0,3600.0
3515df0a01370aa29b1d7b4b303eea4b,inconsistency-measurement-im-hit-A-1-grd_1790_4_8.tgf.pl.wcnf.xz,3600.0,3600.0,3600.0,3600.0,3600.0,3600.0,3600.0,3600.0,3600.0,3600.0,3600.0,3600.0,3600.0,3600.0
8237deb50fe5a1511495686dfc407a8a,judgment-aggregation-ja-maxham-preflib-00049-00000512.wcnf.xz,3600.0,3600.0,3600.0,3600.0,3600.0,3600.0,3600.0,3430.1,3600.0,3600.0,3600.0,3600.0,3600.0,3600.0
5a2fb0ef7f320d89455162ae43cd49d8,planning-bnn-cellda_y_10.wcnf.xz,1164.97,1461.38,1164.26,803.64,874.23,746.65,908.72,520.64,893.8,1157.73,3600.0,403.15,395.01,1470.03
e8466de3652e905b14582d3712dcdc3d,inconsistency-measurement-im-hit-C-1-grd_3018_3_7.tgf.pl.wcnf.xz,3600.0,3600.0,3600.0,3600.0,3600.0,3600.0,3600.0,3600.0,3600.0,3600.0,3600.0,3600.0,3600.0,3600.0
e2ac61d31d260428c490c9ae8c16fa39,judgment-aggregation-ja-slater-preflib-00049-00000405.wcnf.xz,117.29,3600.0,117.66,124.14,3600.0,119.63,3600.0,3600.0,3600.0,117.31,3600.0,3600.0,3600.0,3600.0
4886c030c6a9e0bad0b57cb56b806e19,planning-bnn-cellda_x_10.wcnf.xz,541.44,353.86,548.09,424.83,582.5,542.57,394.57,405.44,583.3,547.87,560.05,253.2,253.42,352.85
f3f422fe00b04e8b21e2ba47878b8b00,biorepair-heatShock_WT_165_12.lp.sm-extracted.wcnf.xz,3.98,6.97,4.04,26.53,3.87,4.01,26.67,3.75,3.9,4.03,3.95,0.47,8.47,7.13
d175f5d2a9a48baf7d4a4c7b6bcfc9a6,ramsey-ram_k4_n18.ra0.wcnf.xz,3600.0,3600.0,3600.0,3600.0,3600.0,3600.0,3600.0,3600.0,3600.0,3600.0,3600.0,3600.0,3600.0,3600.0
779197085c5705f724f9c4a79de75cc4,atcoss-atcoss_sugar_05.wcnf.xz,3600.0,3600.0,3600.0,3600.0,3600.0,3600.0,3600.0,3600.0,3600.0,3600.0,3600.0,3600.0,3600.0,3600.0
e698083700259a95cf1410a7d49c43e2,min-fill-MinFill_R0_mulsol.i.1.wcnf.xz,889.52,84.17,856.54,648.6,3600.0,1240.64,729.07,3600.0,3600.0,904.16,3600.0,3600.0,3600.0,87.54
c33e28f7733d265578a16859f4dd9ab4,decision-tree-car-un-formula_0.8_2021_atleast_63_max-5_reduced_incomplete_tree.wcnf.xz,3600.0,3600.0,3600.0,3600.0,3600.0,3600.0,3600.0,3600.0,3600.0,3600.0,3600.0,3600.0,3600.0,3600.0
c6d768b2c1c9161201fb7ca1f55d8b41,mqc-10tree102posib.wcnf.xz,17.15,0.03,17.17,39.51,58.58,17.17,0.61,0.09,58.32,17.12,0.28,0.05,0.23,48.15
dc4d3ddb6da446f07b282ffcc3a28d41,inconsistency-measurement-im-hit-B-3-stb_390_450.tgf.pl.wcnf.xz,3600.0,3600.0,3600.0,2248.79,3586.64,3600.0,2185.08,2499.57,3190.86,3600.0,3600.0,2872.7,3600.0,3600.0
4a8ee08cbdde7e1199e7b73f438499d9,inconsistency-measurement-im-forgetting-T-2-grd_4383_1_10.tgf.pl.wcnf.xz,3600.0,3600.0,3600.0,3600.0,3600.0,3600.0,3600.0,3600.0,3600.0,3600.0,3600.0,3600.0,3600.0,3600.0
a50e5ce8dde2eb8d698416302fed7922,drmx-cryptogen-wolfram80_6.wcnf.xz,619.85,8.2,619.77,504.03,1813.27,919.98,19.73,6.23,1446.09,619.97,18.19,3600.0,29.4,8.12
687e578b2230418bf9f08aad3844daf7,gen-hyper-tw-GenHyperTW_dubois29.wcnf.xz,993.86,3600.0,827.92,155.53,1863.67,1414.75,333.79,98.02,1870.7,1002.25,179.64,430.86,422.43,3600.0
3f120c73c60852006995dc7d021a1b8c,ConsistentQueryAnswering-synthetic-21.wcnf.xz,0.14,0.31,0.12,1.6,0.38,0.12,1.21,0.09,0.41,0.12,0.09,107.5,1.12,0.33
2812cd6f3135aa99194cef520bd7b581,planning-bnn-navigation_4x4_5.wcnf.xz,52.39,68.68,53.02,87.31,51.62,52.57,87.37,146.31,51.48,52.6,131.63,188.61,194.55,67.88
1876911d8bca5b2237ea8e4376119829,SeanSafarpour-s38584-bug-onevec-gate-0.dimacs.seq.filtered.wcnf.xz,3.31,72.28,3.3,91.39,2.05,3.38,92.99,2.63,2.08,3.3,4.33,0.67,1.08,73.92
31b0ddf0d90580e725a39aab1596067f,routing-normalized-s3-3-3-1pb.wcnf.xz,1.3,0.02,1.31,0.93,1.16,1.3,0.44,0.02,1.16,1.3,0.02,0.01,0.02,1.71
492cb3a192163dcb4a7ed587a24e703b,ConsistentQueryAnswering-synthetic-2.wcnf.xz,0.05,0.06,0.06,0.56,0.15,0.07,0.36,0.05,0.18,0.05,0.05,35.97,0.05,0.06
a5218e6a5958d43ca90a18c6e689aaeb,inconsistency-measurement-im-forgetting-B-3-WS_300_16_90_30.tgf.pl.wcnf.xz,3600.0,3600.0,3600.0,3600.0,3600.0,3600.0,3600.0,3600.0,3600.0,3600.0,3600.0,3600.0,3600.0,3600.0
87addd650617278b6acc426d9b0c0113,railway-transport-dp43.wcnf.xz,7.14,6.53,7.13,229.93,10.1,7.14,150.52,130.53,10.22,7.12,89.57,15.33,15.14,6.5
f85effff61d92ff1ef2a92e26d9b93e8,planning-bnn-navigation_5x5_9.wcnf.xz,1003.87,786.57,982.53,855.29,409.91,821.86,799.3,1124.12,422.06,987.45,945.7,1228.07,1239.6,778.42
b04d13a3755055cd533234a9001378a0,kbtree-kbtree9_7_3_5_70_1.wcsp.wcnf.xz,27.52,3600.0,27.54,30.58,30.91,27.52,3600.0,10.16,30.92,27.5,8.54,3600.0,3600.0,25.03
70a47beab46349a0d789f8ee8b5623cc,bcp-simp-unif-30_50r40.14.wcnf.xz,1.38,0.02,1.38,2.93,9.62,1.38,0.56,0.04,9.65,1.39,0.04,0.02,0.04,15.34
8e9cca298476137ab099029e4ee1b7c5,uaq-uaq-rpp-nr100-nc33-n3-k2-rpp13-ppr2-plb20.wcnf.xz,79.66,26.63,79.39,61.14,65.65,79.68,253.43,76.52,65.67,79.56,73.88,63.98,70.64,76.45
f7b88b4bea5ad8640506587502b3b26e,close_solutions-SAT11__application__jarvisalo__AAAI2010-SATPlanning__aaai10-planning-ipc5-pipesworld-12-step16.cnf.wcnf.6.wcnf.xz,0.98,0.63,1.0,146.49,15.71,0.98,0.57,3.12,15.68,1.0,654.51,31.8,31.9,0.64
abf00435e1b542c70ec484c8e07f38b9,atcoss-atcoss_mesat_06.wcnf.xz,39.7,183.89,40.21,24.44,43.15,39.6,24.42,42.42,43.26,40.11,73.4,177.36,180.32,183.15
3b50c6c18811a67f7b71b4f7b3a56358,inconsistency-measurement-im-forgetting-B-2-stb_625_161.tgf.pl.wcnf.xz,3600.0,3600.0,3600.0,3600.0,3600.0,3600.0,3600.0,3600.0,3600.0,3600.0,3600.0,3600.0,3600.0,3600.0
c2f3d0f7e5f7357616cdb14c83be9960,MaxSATQueriesinInterpretableClassifiers-twitter_train_9_CNF_1_1.wcnf.xz,3600.0,3600.0,3600.0,3600.0,3600.0,3600.0,3600.0,3600.0,3600.0,3600.0,3600.0,3600.0,3600.0,3600.0
93873c270ba9aadd56334c498b189c82,optimizing-BDDs-car-un-wcnf_incomplete_improved_1_2019_7.wcnf.xz,3600.0,3600.0,3600.0,3600.0,3600.0,3600.0,3600.0,3600.0,3600.0,3600.0,3600.0,3600.0,3600.0,3600.0
a3b1a9891bb5a8a138009bc80c20cc10,gen-hyper-tw-GenHyperTW_flat30-99.wcnf.xz,3600.0,3600.0,3600.0,3600.0,3600.0,3600.0,3600.0,3600.0,3600.0,3600.0,3600.0,3600.0,3600.0,3600.0
d417f563a5c497ffae5305fcd12a2cb2,routing-normalized-s4-4-3-2pb.opb.wcnf.xz,8.76,1.72,8.77,8.91,7.7,8.76,20.31,1.46,7.69,8.76,1.67,0.93,0.45,9.65
dba11bb3597ee679a0eb1d04cd942f80,ConsistentQueryAnswering-synthetic-6.wcnf.xz,0.04,0.02,0.04,0.13,0.09,0.04,0.05,0.01,0.09,0.05,0.01,4.97,0.02,0.15
0f658683fbca9de2a824ff0ac806209a,decision-tree-heart-cleveland-un-formula_0.8_2021_atleast_15_max-3_reduced_incomplete_tree.wcnf.xz,3600.0,3600.0,3600.0,3600.0,3600.0,3600.0,3600.0,3600.0,3600.0,3600.0,3600.0,3600.0,3600.0,3600.0
ec6f736327eeca09b0607510ed4f6fa6,kbtree-kbtree9_7_3_5_30_4.wcsp.wcnf.xz,13.9,0.98,13.91,16.46,14.02,13.88,142.09,0.26,13.94,13.91,0.52,3.09,0.52,14.61
c6c48722670cc5675410f937e432d2bd,fault-diagnosis-s38584_nan_explicit_48_0.wcnf.xz,18.59,17.29,18.56,492.59,16.56,18.51,518.92,29.05,16.56,18.51,124.86,12.57,16.38,17.63
06dbf935ded3e22a0a6ecab934dd7e53,ramsey-ram_k4_n20.ra0.wcnf.xz,3600.0,3600.0,3600.0,3600.0,3600.0,3600.0,3600.0,3600.0,3600.0,3600.0,3600.0,3600.0,3600.0,3600.0
af8fe49ddd7d407ed1a8fadc4729a807,pseudoBoolean-normalized-aim-200-6_0-yes1-4.opb.msat.wcnf.xz,0.38,0.02,0.38,0.56,0.41,0.38,0.02,0.01,0.4,0.38,0.02,0.01,0.01,0.37
f23e50983d3ed156cc1c8b6a0de1c14d,decision-tree-anneal-un-formula_0.8_2021_atleast_127_max-6_reduced_incomplete_tree.wcnf.xz,3600.0,3600.0,3600.0,3600.0,3600.0,3600.0,3600.0,3600.0,3600.0,3600.0,3600.0,3600.0,3600.0,3600.0
ae0dee32c8c3a48486e3511433d3d1f3,program-disambiguation-Q55_YESNO_1.wcnf.xz,1272.84,3600.0,1190.77,1001.08,2530.51,1485.09,974.82,1117.58,2574.23,1316.16,2098.5,3600.0,3600.0,3600.0
cd74633af680cb5fa5fb78e863eef940,ConsistentQueryAnswering-synthetic-10.wcnf.xz,0.07,0.08,0.09,0.96,0.27,0.1,0.59,0.07,0.27,0.07,0.04,54.07,0.07,0.08
5a451c257892a7d7f43ffa3b7af676a0,treewidth-computation-TWComp_1c75_N69.wcnf.xz,3600.0,3600.0,3600.0,3600.0,3600.0,3600.0,3600.0,3600.0,3600.0,3600.0,3600.0,3600.0,3600.0,3600.0
43595bbc72ba94700a3a6f67828cf310,bcp-simp-ibd_30.02.wcnf.xz,600.18,0.07,600.21,502.86,1800.21,900.18,2.43,0.12,1400.11,600.2,0.49,0.07,0.21,800.11
3f19e92b875f23d0ff417e1d59052f8f,biorepair-Stat_vs_Exp_176_12.lp.sm-extracted.wcnf.xz,3.68,6.95,3.71,16.86,3.46,3.67,16.86,3.13,3.46,3.7,3.36,0.41,8.3,6.9
70fc5bb7a7c21bfe5534e47d659202e2,frb-frb25-13-2.partial.wcnf.xz,35.84,38.84,35.84,36.94,58.04,35.98,0.06,0.08,57.96,35.82,214.66,3600.0,1.35,76.98
aef42e63717bda02116a799887cccef1,SeanSafarpour-rsdecoder-problem.dimacs_36.filtered.wcnf.xz,15.16,3600.0,15.24,113.67,42.24,15.13,116.9,36.61,42.27,14.97,223.84,7.62,7.6,3600.0
c08668a4151dedcec92c1ef9cdda3643,protein_ins-3ebx_.6ebx_.g.wcnf.t.wcnf.xz,9.96,5.08,9.94,667.76,9.06,9.94,83.17,41.89,9.09,9.85,46.24,23.05,23.24,5.07
7623cafc3e9ba82453c47d331dbe2279,tpr-b14-s_PathRelaxation_Set_FS_10.wcnf.xz,1.37,0.47,1.34,16.28,17.88,1.34,131.11,0.35,17.71,1.36,0.44,385.69,8.54,0.48
b68c32a1297a44ecb116e4992904415e,xai-mindset2-bnn-last-layer-f10.wcnf.xz,3600.0,3600.0,3600.0,3600.0,3600.0,3600.0,3600.0,3600.0,3600.0,3600.0,3600.0,3600.0,3600.0,3600.0
2258e79e21352d9c26110d92da636af6,tpr-b20-s_PathRelaxation_Set_FS_13.wcnf.xz,339.59,1.94,337.32,632.98,2.04,341.08,121.58,2.64,1407.0,337.32,5.51,7.05,5.98,1.87
971812f26af7c822f8b3b5de4d8b0ced,reversi-rev66-6.wcnf.xz,22.67,0.94,22.71,20.15,24.48,22.61,15.58,0.48,24.64,22.74,0.88,5.14,3.46,32.01
d4d90cd927497948bac2f6bf1e522653,pseudoBoolean-normalized-par32-5.opb.msat.wcnf.xz,3600.0,3600.0,3600.0,3600.0,3600.0,3600.0,3600.0,3600.0,3600.0,3600.0,3600.0,3600.0,3600.0,3600.0
0c9361e6ff90fbc0f36bc1c0495e45c1,decision-tree-mushroom-un-formula_0.8_2021_atleast_15_max-3_reduced_incomplete_tree.wcnf.xz,2847.74,3600.0,2934.08,3232.09,1936.36,2841.91,2491.6,1424.92,1936.62,3228.46,1215.86,2326.07,2429.29,3600.0
ba7b27da36d1aff2c1ef745982ffbba5,bcp-simp-nonunif-75_50.03.wcnf.xz,1.56,0.01,1.56,4.86,12.26,1.55,1.38,0.02,12.25,1.57,0.29,0.02,0.06,14.48
84488c9a7c1ffc7b0ae7380c38aef390,aes-key-recovery-AES1-74-32.wcnf.xz,64.58,57.28,64.55,635.48,37.92,64.41,144.9,294.0,38.88,64.63,232.06,26.33,211.39,56.6
8a4f3229e32e713c200b0bd2bf1b9fe8,fault-diagnosis-s38584_nan_explicit_44_0.wcnf.xz,23.21,18.99,23.36,499.06,26.33,23.29,524.5,15.66,26.31,23.33,153.57,16.69,20.33,18.63
e12b00e7263c5d82b4c9c624bd3db4cf,optimizing-BDDs-primary-tumor-un-wcnf_incomplete_improved_1_2019_9.wcnf.xz,3600.0,3600.0,3600.0,3600.0,3600.0,3600.0,3600.0,3600.0,3600.0,3600.0,3600.0,3600.0,3600.0,3600.0
e60765ec1706bee1631eb836fc4765ad,reversi-rev66-10.wcnf.xz,635.93,61.15,634.68,891.57,1863.08,930.7,349.64,65.44,1462.65,632.69,76.34,97.32,65.98,861.19
502c729562a2b6d9bae4adff52707a0e,aes-key-recovery-AES2-70-62.wcnf.xz,15.25,60.88,15.04,856.11,59.25,14.96,260.34,3600.0,59.12,15.06,291.82,336.19,1012.06,61.47
8f6902b7258cc8d539763fec95a6cf3e,MaxSATQueriesinInterpretableClassifiers-parkinsons_test_0_DNF_4_1.wcnf.xz,0.02,0.01,0.02,0.02,0.01,0.02,0.02,0.02,0.02,0.02,0.02,0.0,0.01,0.02
9c9e5c88076ea2a7bba74d6c5a85eb2d,logic-synthesis-normalized-clip.b.opb.msat.wcnf.xz,0.41,0.02,0.41,0.25,0.19,0.41,5.69,0.07,0.19,0.41,0.47,0.06,0.09,0.19
4805eaf7fae9338e5d323a8a56db0d71,judgment-aggregation-ja-maxham-preflib-00049-00000486.wcnf.xz,3600.0,3600.0,3600.0,3600.0,3600.0,3600.0,3600.0,3600.0,3600.0,3600.0,3600.0,3600.0,3600.0,3600.0
7c44e5592cce892060a3411115844599,min-fill-MinFill_R0_queen8_12.wcnf.xz,3600.0,3600.0,3600.0,3600.0,3600.0,3600.0,3600.0,3600.0,3600.0,3600.0,3600.0,3600.0,3600.0,3600.0
de9576b8fa08763095536f9b258b1580,min-fill-MinFill_R0_myciel3.wcnf.xz,600.06,0.05,600.08,209.67,207.71,900.08,0.16,0.11,209.38,600.06,0.47,0.65,0.32,271.88
aa223f483437775e76037c5ae8ea5af6,ConsistentQueryAnswering-synthetic-13.wcnf.xz,0.06,0.04,0.05,0.27,0.16,0.05,0.09,0.04,0.14,0.06,0.03,14.7,0.04,0.05
be4a0cc699af4d1d2282b52f9b84a6c2,logic-synthesis-normalized-sao2.b.opb.msat.wcnf.xz,0.77,0.03,0.77,0.6,0.78,0.76,7.0,0.38,0.8,0.76,0.75,0.05,56.81,0.64
303c599349a788f4141dab19630f7085,bcp-c2670_F1@1.wcnf.xz,0.02,0.02,0.02,0.01,0.02,0.02,0.02,0.02,0.02,0.02,0.01,0.01,0.01,0.02
d82e18210458db54a3a9efaebe4ea280,bcp-SU3__simp-genos.haps.9.wcnf.xz,3600.0,418.7,3600.0,967.08,79.71,3600.0,1451.43,3600.0,1477.55,1778.46,3600.0,1034.76,1449.03,1217.09
d8046e89d9cb6e50ccfb98dc035fb461,bcp-simp-cf_45.09.wcnf.xz,600.22,0.05,600.22,503.53,1800.15,900.22,3.5,0.21,1400.13,600.22,0.77,0.16,0.23,800.07
aae1f441fa0d574a373aad49243a8c6e,optic-gen_mult_5_5_991.wcnf.xz,3600.0,3600.0,3600.0,3600.0,3600.0,3600.0,3600.0,3600.0,3600.0,3600.0,3600.0,3600.0,3600.0,3600.0
36826a19465fdd6038c34ada7f109966,optimizing-BDDs-hypothyroid-un-wcnf_incomplete_improved_1_2019_5.wcnf.xz,3600.0,3600.0,3600.0,3600.0,3600.0,3600.0,3600.0,3600.0,3600.0,3600.0,3600.0,3600.0,3600.0,3600.0
29804aadb24c3fe531e69cf2b2817df6,judgment-aggregation-ja-maxham-preflib-00049-00000157.wcnf.xz,3600.0,3600.0,3600.0,3600.0,3600.0,3600.0,3600.0,2882.04,3600.0,3600.0,2406.8,3600.0,3572.45,3600.0
b349ea565674d4af164d8ea3ff7d1af8,vpa-UAutomizer_Fibonacci05_false-unreach-call_true-no-overflow_true-termination.c_Abstraction1.wcnf.xz,0.05,0.06,0.05,0.08,0.07,0.05,0.05,0.02,0.07,0.05,0.02,1.02,0.04,0.3
50a8e3919fca94a2eb41be9409300ae8,uaq-uaq-nr-nr500-nc166-n3-k2-rpp4-ppr2-plb50.wcnf.xz,0.04,0.01,0.04,0.07,0.05,0.04,0.02,0.02,0.03,0.04,0.01,0.02,0.01,0.06
d687e3b0516a856e079e0b2027e2e8ab,biorepair-heatShock_WT_145_12.lp.sm-extracted.wcnf.xz,3.79,1.6,3.77,6.0,3.29,3.81,5.98,3.05,3.27,3.77,3.25,0.44,8.38,1.66
ce0ef4e0eac9eaa6b67816fe53398d89,vpa-UAutomizer_NestedRecursion_2b_false-termination_true-valid-memsafety.c_Abstraction2.wcnf.xz,0.15,0.23,0.15,0.28,0.18,0.16,0.2,0.06,0.17,0.13,0.06,7.36,0.12,0.23
c403ad12a4aeb72e0338966a0ee1d8ce,mqc-10tree1002posib.wcnf.xz,7.88,0.05,7.89,8.02,8.11,7.85,0.1,0.14,8.08,7.9,0.19,0.03,0.23,7.88
e5b7892c6aaf86ff6b57124423a6e86d,atcoss-atcoss_sugar_06.wcnf.xz,19.14,39.23,18.89,525.2,28.86,18.93,28.19,51.34,28.89,19.2,57.69,63.36,76.38,38.88
48d7e770684e77a10231f3947d0b37a3,mbd-b14_C-mbd14-0277.wcnf.xz,1856.52,822.92,1557.47,895.99,2755.34,1870.54,441.8,200.04,2365.51,1824.28,530.85,1509.77,1226.07,1633.08
f5e3778b5ea390d36916e3a9c4f10650,frb-frb30-15-4.partial.wcnf.xz,300.46,57.55,300.16,228.24,550.11,303.53,0.77,0.49,547.6,298.97,74.27,3600.0,3600.0,487.73
7b601c465b1f5be4ae294c357f67ceff,extension-enforcement-extension-enforcement_non-strict_stb_200_0.1_4_10_4.wcnf.xz,67.94,3600.0,68.64,127.41,90.88,67.78,3600.0,1051.3,125.6,67.75,287.78,3600.0,3600.0,3600.0
509f50274086386f24432a84ee9bfb2f,logic-synthesis-normalized-rot.b.opb.msat.wcnf.xz,1.77,3.51,1.8,1.75,2.74,1.78,184.29,3600.0,2.76,1.78,3600.0,868.03,2542.59,3.46
4b24e34b378fb7ba5791c982c09f918a,CircuitTraceCompaction-ctrl.wcnf.xz,6.26,0.18,6.24,40.38,57.6,6.24,5.52,0.07,57.59,6.27,0.24,0.27,0.29,43.04
71c38619f888883d5e9b241447a3d066,judgment-aggregation-ja-slater-preflib-00051-00000008.wcnf.xz,875.23,3600.0,878.29,344.67,3600.0,1175.33,1753.37,3600.0,3600.0,876.98,3600.0,3600.0,3600.0,3600.0
75d85fdd0f4b7ee9d2c12474600882e7,vpa-UAutomizer_array20_alloca_false-termination.c.i_Abstraction1.wcnf.xz,0.03,0.04,0.04,0.04,0.02,0.04,0.02,0.01,0.03,0.03,0.01,0.02,0.02,0.11
d0fa90aca63aab73a4f1fed82ff189bd,optimizing-BDDs-audiology-un-wcnf_incomplete_improved_1_2019_3.wcnf.xz,759.34,3.42,789.49,694.29,1815.3,1066.38,143.75,14.23,1415.47,755.35,23.19,19.2,19.21,803.58
b16daef029715dd48a4b77c540758528,HaplotypeAssembly-splitedReads_137.matrix.wcnf.xz,40.07,0.5,40.11,65.35,65.02,39.98,312.41,50.1,65.08,40.3,95.63,0.08,0.41,71.66
08f5bd615630a4880fee0846019a68d8,close_solutions-teams20_l7a.cnf.wcnf.xz,238.25,5.89,240.45,167.86,29.42,238.05,231.58,8.57,137.44,246.47,2.43,8.54,13.65,5.89
ea42f92d0d2f791bf7fbadfa47e7179b,frb-frb20-11-3.partial.wcnf.xz,5.53,2.11,5.54,1.67,5.28,5.53,0.02,0.06,5.28,5.53,4.5,597.98,0.03,7.97
349c1f768da826118956a91ff7a06a48,optimizing-BDDs-soybean-un-wcnf_incomplete_improved_1_2019_6.wcnf.xz,3600.0,3600.0,3600.0,3600.0,3600.0,3600.0,3600.0,3600.0,3600.0,3600.0,3600.0,3600.0,3600.0,3600.0
3c7a35287a541badcad913b1835ca5cf,rna-alignment-k50-40-60.rna.pre.wcnf.xz,64.7,0.08,63.85,3600.0,0.28,63.81,2.9,1.24,53.93,63.98,1.07,51.67,75.45,88.33
1482d86c9401a7e77641210d463a473d,decision-tree-australian-credit-un-formula_0.8_2021_atleast_127_max-6_reduced_incomplete_tree.wcnf.xz,3600.0,3600.0,3600.0,3600.0,3600.0,3600.0,3600.0,3600.0,3600.0,3600.0,3600.0,3600.0,3600.0,3600.0
889a7c62c4e12504e76ca89d45bab574,drmx-cryptogen-wolfram72_1.wcnf.xz,606.95,3.5,606.92,546.88,1819.63,906.89,13.92,3.99,1402.64,606.89,4.24,3600.0,14.61,3.53
ac1941cbff2ab3662d337955fd822808,close_solutions-teams20_l10a.cnf.wcnf.xz,389.1,13.53,395.99,408.98,29.66,391.4,307.67,19.84,377.75,389.11,4.44,10.28,23.27,13.53
27e8f73eca5d40039bfacbdf4044dd26,optic-gen_mult_4_5_299.wcnf.xz,0.48,0.65,0.49,2.08,0.86,0.47,538.6,185.82,0.87,0.47,3600.0,2.11,0.36,0.84
2968b30b751637e7e6c53e84df890dfd,kbtree-kbtree9_7_3_5_60_2.wcsp.wcnf.xz,53.87,3600.0,53.83,59.44,59.06,53.85,3600.0,24.85,58.88,54.0,13.29,3600.0,3600.0,61.13
5bc3656f2e03b83343de87d2f98897c8,uaq-uaq-plb-nr250-nc83-n5-k2-rpp3-ppr5-plb120.wcnf.xz,4.77,1.16,4.78,3.96,5.46,4.78,29.23,0.17,5.44,4.76,0.78,8.25,3.75,5.65
89a149c50c17699b86e626b91bca05ee,decision-tree-hypothyroid-un-formula_0.8_2021_atleast_63_max-5_reduced_incomplete_tree.wcnf.xz,3600.0,3600.0,3600.0,3600.0,3600.0,3600.0,3600.0,3600.0,3600.0,3600.0,3600.0,3600.0,3600.0,3600.0
2012374efb476dbb08fc9649ae250333,close_solutions-SAT_RACE06__velev-pipe-sat-1.0-b9.cnf.wcnf.3.wcnf.xz,18.69,17.04,18.66,177.1,73.28,18.51,149.8,21.47,64.01,18.31,3600.0,1.79,1.8,16.89
eca0b6d2581769eb2dbfe1081a31279d,fault-diagnosis-s38584_nan_explicit_20_0.wcnf.xz,40.28,64.5,40.78,848.45,69.29,40.56,870.2,84.68,69.35,40.17,562.51,191.51,190.03,63.52
7e9395af427405f81a7c0ef5639e541c,ConsistentQueryAnswering-synthetic-12.wcnf.xz,0.11,0.1,0.13,1.53,0.4,0.11,0.98,0.09,0.38,0.13,0.08,59.91,0.09,0.11
03ff4f5f4d44986947f084cd2555ae55,tpr-b18-s_PathRelaxation_Set_FS_8.wcnf.xz,82.43,62.28,83.38,226.61,72.29,83.24,233.89,885.65,71.64,84.48,468.75,1046.32,452.64,62.06
95504a56b3bd641e2ffc7a22ca653c33,mbd-b20_C-mbd14-0349.wcnf.xz,190.41,0.63,189.68,598.61,655.53,189.8,90.16,6.21,657.35,189.27,1.17,0.18,0.86,0.64
10abcd8d4a602433e024dfa1fb245fa6,decision-tree-breast-cancer-un-formula_0.8_2021_atleast_15_max-3_reduced_incomplete_tree.wcnf.xz,2197.59,1225.95,1753.56,1404.2,569.13,2285.53,992.99,253.75,1961.21,2054.5,453.24,854.49,773.95,1222.14
59c0e57822c7271d332e88b9f9f8d0f9,routing-normalized-s4-4-3-6pb.wcnf.xz,11.45,1.26,11.48,8.78,5.17,11.49,11.41,0.53,5.17,11.45,0.78,0.3,0.36,7.17
f90d0b2ada71fc6ad7bc9eaebb0ed572,drmx-cryptogen-geffe128_3.wcnf.xz,601.65,2.56,601.65,506.7,1833.66,901.65,9.83,27.22,1433.76,601.65,42.07,3600.0,47.21,802.6
0407c9a31122adb16306950d1f326ee5,aes-mul_8_13.wcnf.xz,3600.0,3600.0,3600.0,3600.0,3600.0,3600.0,3600.0,3600.0,3600.0,3600.0,3600.0,3600.0,3600.0,3600.0
3ddcd09240eea8032792ad0415d8cfd9,drmx-cryptogen-wolfram72_5.wcnf.xz,617.3,1.91,617.25,568.18,1824.17,917.22,19.39,3.26,1416.41,617.29,9.07,3600.0,15.34,1.94
7ed630dafc65f745c7f7d8329263079d,frb-frb20-11-2.partial.wcnf.xz,1.46,0.05,1.46,1.38,4.4,1.46,0.03,0.03,4.41,1.47,0.37,86.27,0.06,4.91
054433e7c7cb4be3a54764229e75ae4e,mbd-b17_C-mbd14-0253.wcnf.xz,50.34,1.24,49.97,630.85,658.4,49.95,99.81,2.9,659.99,50.05,0.9,0.14,0.4,1.29
6e5993c9b2cf928ffe4ded15a8dfc365,aes-key-recovery-AES1-50-13.wcnf.xz,0.65,0.47,0.67,507.73,6.13,0.67,15.28,8.32,6.13,0.65,8.71,0.26,18.0,0.47
ed3cfe58a7dfd8c6b410e8ef86e5b7d1,inconsistency-measurement-im-forgetting-T-2-stb_339_81.tgf.pl.wcnf.xz,3600.0,3600.0,3600.0,3600.0,3600.0,3600.0,3600.0,3600.0,3600.0,3600.0,3600.0,3600.0,3600.0,3600.0
86a5c3a4ed795a72080fc943737d764d,planning-bnn-navigation_3x3_4.wcnf.xz,1.85,0.94,1.89,3600.0,1.77,1.9,2.08,8.12,1.78,1.86,8.59,1.4,3.38,0.97
38753c1a62e0be2d25c69358042f95c8,railway-transport-d4.wcnf.xz,3600.0,3600.0,3600.0,3600.0,3600.0,3600.0,3600.0,3600.0,3600.0,3600.0,3600.0,3600.0,3600.0,3600.0
41215325bf9b0ee6b9e505e27a208ad2,optimizing-BDDs-australian-credit-un-wcnf_incomplete_improved_1_2019_2.wcnf.xz,1941.06,359.49,1663.63,1813.36,178.49,628.44,1415.39,179.45,1576.41,1950.67,142.67,1217.53,197.04,356.54
11255616c4cbf3b1f08f7bfabbcf3973,CircuitDebuggingProblems-divider-debug.dimacs.wcnf.xz,1.23,11.21,1.2,90.09,1.43,1.22,91.33,1.9,1.42,1.22,92.16,0.43,0.74,11.06
4d1e07ae297d5d59d64349f0fdd6ba95,gen-hyper-tw-GenHyperTW_aim-50-1_6-no-3.wcnf.xz,3600.0,3600.0,3600.0,3600.0,3600.0,3600.0,3600.0,3600.0,3600.0,3600.0,3600.0,3600.0,3600.0,3600.0
81fc2b66ed6b7dae8a075418a5f7cc40,optic-gen_add_5_991.wcnf.xz,38.97,3600.0,38.79,376.53,447.56,39.27,3600.0,3600.0,445.19,38.99,3600.0,3600.0,3600.0,30.32
9d8d0d1b5edc30c4fe7cb7de5a039c0e,reversi-rev44-4.wcnf.xz,0.46,0.01,0.46,0.17,0.13,0.46,1.23,0.03,0.15,0.46,0.19,0.02,0.04,0.32
f025d3bd9ecdfa20c28a54d0efb814d2,railway-transport-pesp_18Min.wcnf.xz,3600.0,3600.0,3600.0,3600.0,3600.0,3600.0,3600.0,3600.0,3600.0,3600.0,3600.0,3600.0,3600.0,3600.0
0c9650eed11ad0f1114fdb3bacc498fa,protein_ins-3ebx_.1era_.g.wcnf.t.wcnf.xz,58.5,69.27,57.93,893.07,69.19,58.52,296.14,274.44,68.92,58.57,210.55,187.1,198.0,69.08
fcf124e0d9ca41558388a0d6eeae4286,ramsey-ram_k3_n14.ra0.wcnf.xz,3600.0,3600.0,3600.0,3600.0,3600.0,3600.0,3600.0,3600.0,3600.0,3600.0,3600.0,3600.0,3600.0,3600.0
f8dab145eea0cc63593f6ed6bb6a0100,aes-key-recovery-AES2-74-74.wcnf.xz,45.19,27.77,45.0,666.75,92.46,45.32,125.65,494.11,91.8,45.59,502.88,26.93,174.54,27.9
45e2933dda9a130098ad8b41bef17976,optic-gen_add_4_991.wcnf.xz,9.45,212.72,9.42,1.41,11.4,9.42,42.92,3600.0,11.29,9.44,3600.0,20.27,3600.0,10.35
297d51447f863245f1fc0f57b5a6a215,judgment-aggregation-ja-maxham-preflib-00049-00000444.wcnf.xz,3600.0,3600.0,3600.0,3600.0,3600.0,3600.0,3600.0,3600.0,3600.0,3600.0,3600.0,3600.0,2595.18,3600.0
a4f0b05693ad9fc7477de71e9a799884,planning-bnn-navigation_3x3_6.wcnf.xz,5.19,3.92,5.24,16.34,3.65,5.26,16.3,12.33,3.61,5.15,38.1,4.47,17.22,3.94
f485ada4ca017a7282b51578bdf41d2a,min-fill-MinFill_R0_mulsol.i.2.wcnf.xz,1089.33,102.11,1110.86,610.44,178.36,1353.7,636.8,3600.0,177.32,1183.56,3600.0,3600.0,3600.0,101.29
8d3c38ed46747150c3c02bce8218e3b4,setcover-sts-data.729.wcnf.xz,3600.0,3600.0,3600.0,3600.0,3600.0,3600.0,3600.0,3600.0,3600.0,3600.0,3600.0,3600.0,3600.0,3600.0
e5d753ad0c875db9401b83f4fcc8eaba,protein_ins-1knt_.2knt_.g.wcnf.t.wcnf.xz,7.99,1.02,7.86,540.3,8.13,7.98,41.98,20.96,8.2,7.89,15.72,6.27,6.3,1.03
27a7c7586ae2ffdfa4917dccff14a3e9,bcp-SU3__simp-genos.haps.69.wcnf.xz,600.26,0.09,600.26,512.52,1800.38,900.27,12.64,0.25,1401.67,600.27,0.61,0.19,0.37,800.15
e52c07285be3460752d71c759e25a101,MaxSATQueriesinInterpretableClassifiers-compas_train_0_DNF_4_1.wcnf.xz,3600.0,335.71,3600.0,888.93,3600.0,3600.0,459.14,3600.0,3600.0,3600.0,3600.0,3600.0,3600.0,337.02
f992ceb5a6e4609ac0949a79b8f2319a,xai-mindset2-cars.wcnf.xz,0.73,0.27,0.76,1.17,0.74,0.75,49.78,0.82,0.74,0.73,1.15,0.14,0.14,0.27
01deb2118dd569a7a3a4c6affbb86373,judgment-aggregation-ja-maxham-preflib-00049-00000293.wcnf.xz,1108.14,576.25,1117.37,1273.08,498.83,1482.39,689.14,416.71,1892.86,1107.79,444.69,653.31,668.34,559.6
a30d356b34964d08e319e49b07a9cba2,min-fill-MinFill_R0_mulsol.i.3.wcnf.xz,1274.55,103.63,1136.24,522.5,259.46,1358.83,517.85,3600.0,270.98,1166.14,3600.0,3600.0,3600.0,102.94
8241a610f5d53a2542894227838c1e32,pseudoBoolean-normalized-par8-4.opb.msat.wcnf.xz,0.06,0.01,0.04,0.02,0.03,0.05,0.01,0.01,0.03,0.06,0.01,0.03,0.07,0.03
3b19920ae1a6c99d6f747950c3b65af5,tpr-b18-s_PathRelaxation_Set_FS_3.wcnf.xz,11.18,31.07,11.2,183.3,21.11,11.26,185.86,166.09,21.21,11.32,175.76,183.04,96.33,31.17
98c4eaee281141a7520c090e2bc19ab0,aes-key-recovery-AES1-76-40.wcnf.xz,23.26,34.42,23.25,571.26,21.58,23.57,114.9,67.12,21.59,23.35,32.74,47.78,37.93,34.07
971d439a90e1cdf9a53a48ce69b9a334,vpa-UAutomizer_LexIndexValue-Pointer_true-termination_true-valid-memsafety.c_Abstraction1.wcnf.xz,0.04,0.07,0.06,0.07,0.06,0.05,0.06,0.02,0.06,0.04,0.03,1.45,0.04,0.33
3eb1f392b7b7faad0d0594671731eb08,routing-normalized-s4-4-3-6pb.opb.wcnf.xz,6.13,0.94,6.1,5.31,7.88,6.11,10.06,2.2,7.9,6.1,0.47,0.14,0.37,6.76
264b42422ce474434ec1a1b47f924123,extension-enforcement-extension-enforcement_non-strict_stb_200_0.05_4_10_0.wcnf.xz,818.41,3600.0,818.57,156.12,188.32,1118.12,3600.0,859.16,152.24,839.22,981.88,3600.0,3600.0,3600.0
9082296f102d855f5f29670ee553c258,min-fill-MinFill_R10_anna.wcnf.xz,617.85,0.69,617.81,538.23,1802.87,917.87,35.24,486.14,1402.94,617.94,171.32,2464.55,782.4,800.7
883237832f43cb1b4a57b3a4dcb13d7a,drmx-cryptogen-threshold128_7.wcnf.xz,661.35,334.31,661.07,508.37,1816.73,961.17,57.25,31.02,1416.84,660.27,66.28,3600.0,84.27,1144.96
4f241482466e10649974fefda12fbb86,tpr-b14-s_PathRelaxation_FS_14.wcnf.xz,0.12,0.09,0.12,1.81,1.53,0.12,41.14,0.07,1.54,0.13,0.21,0.11,0.57,2.4
1b1fab6dac83787cf92d370a3f616ef3,min-fill-MinFill_R3_david.wcnf.xz,652.93,113.26,640.7,3600.0,2968.55,957.0,149.39,3600.0,2549.6,647.96,3600.0,3600.0,3600.0,917.38
e7651e7a0948f7f9dcb438f5a986316c,CircuitDebuggingProblems-vga-debug.dimacs.wcnf.xz,1.38,32.45,1.38,64.76,1.61,1.41,63.97,2.23,1.6,1.38,3600.0,0.55,0.89,33.3
5630bf4435431bebdf78576fd5f4b7f0,optic-gen_mult_4_5_991.wcnf.xz,3600.0,3600.0,3600.0,3600.0,3600.0,3600.0,3600.0,3600.0,3600.0,3600.0,3600.0,3600.0,3600.0,3600.0
134b9f6dd952b3208a28f64111da5006,inconsistency-measurement-im-hit-A-1-grd_2065_1_8.tgf.pl.wcnf.xz,3600.0,3600.0,3600.0,3600.0,3600.0,3600.0,3600.0,3600.0,3600.0,3600.0,3600.0,3600.0,3600.0,3600.0
62eccc197a1079409b36b5bf2397c809,mqc-10tree805posib.wcnf.xz,311.2,0.29,310.35,319.79,433.19,308.72,6.8,0.57,435.93,310.73,0.76,0.77,0.6,394.93
48e527a7abf589d761de2437ab23f165,extension-enforcement-extension-enforcement_strict_com_150_0.05_0_15_2.wcnf.xz,4.36,4.37,4.34,12.44,16.55,4.26,189.88,44.96,16.24,4.3,1.45,1.14,6.64,4.38
d2791dd83353a0919c0bba2bc55a226e,protein_ins-1knt_.5pti_.g.wcnf.t.wcnf.xz,47.62,26.93,48.25,761.46,28.46,47.79,249.09,85.16,28.26,47.83,180.1,109.0,102.57,26.98
6694f098b70fb4221c358742f6477dea,drmx-cryptogen-threshold128_4.wcnf.xz,638.75,144.57,638.77,542.62,1861.35,938.63,50.63,21.89,1461.54,638.87,33.76,3600.0,140.81,945.66
5b583017f994ac1db1940406742d017d,optic-gen_alldiff_3_cook_991.wcnf.xz,1.65,0.15,1.66,3.21,3.24,1.64,12.17,0.98,3.21,1.64,4.26,0.04,12.98,1.82
4073792a7ae162d115384ccac381e482,mbd-b21_C-mbd14-0399.wcnf.xz,909.65,0.99,710.78,642.86,1802.62,956.36,161.72,27.25,1402.59,671.6,73.18,1.19,4.0,0.98
0da6a18a4593ed41a32ed752ba46685e,routing-normalized-s3-3-3-4pb.opb.wcnf.xz,0.67,0.03,0.67,0.42,0.3,0.67,0.02,0.03,0.28,0.67,0.14,0.01,0.01,0.17
6ca66e973575d59bc4af51925d82541a,planning-bnn-navigation_5x5_10.wcnf.xz,1612.05,615.95,2393.06,836.98,588.14,858.24,970.69,881.1,586.37,1731.18,1005.58,1486.69,1479.4,614.23
953d38a77d6ed320ddb903b4f49afa55,tpr-b20-s_PathRelaxation_Set_FS_22.wcnf.xz,615.84,2.22,620.19,638.6,1.75,917.67,122.72,1.98,1425.68,616.72,8.3,18.34,9.71,2.25
df62ff26ffd87d980fa08d17e27ac370,tpr-b20-s_PathRelaxation_Set_FS_40.wcnf.xz,618.61,2.4,619.89,628.55,2.73,663.73,132.55,2.08,1420.7,618.72,3.98,23.16,9.48,2.36
88a28caa0e34189221fffbfa87d0d66f,fault-diagnosis-s38584_nan_explicit_35_0.wcnf.xz,13.96,22.23,14.08,523.26,20.45,13.93,588.49,18.54,20.38,14.05,135.96,171.26,171.74,21.92
35edc163f13c3aa9dfcac3e3570ab467,pseudoBoolean-normalized-g9x9.opb.msat.wcnf.xz,0.3,0.03,0.31,0.39,0.41,0.31,1.95,0.26,0.39,0.31,1.89,0.03,0.06,0.17
a650abb8d2791c93af6cc9dcfe6d4a66,protein_ins-1vii_.1cph_.g.wcnf.t.wcnf.xz,0.25,0.03,0.25,0.8,0.74,0.25,0.31,0.08,0.74,0.25,0.52,0.05,0.03,1.55
d72ac0841eed0d2f9965a4f1607c7f90,close_solutions-SAT11__application__manthey__traffic__traffic_r_sat.cnf.wcnf.4.wcnf.xz,23.51,59.35,23.55,1415.39,242.2,24.1,971.12,55.76,240.55,23.55,65.5,11.61,11.84,60.46
5d52d65c2811cffad7ff845745a6844b,railway-transport-we.wcnf.xz,3600.0,3600.0,3600.0,3600.0,3600.0,3600.0,3600.0,3600.0,3600.0,3600.0,3600.0,3600.0,3600.0,3600.0
13253fa676052a79177ca79aef6d3c99,MaxSATQueriesinInterpretableClassifiers-iris_train_7_DNF_3_1.wcnf.xz,0.44,0.02,0.44,0.33,0.32,0.44,0.86,0.04,0.3,0.44,0.55,0.02,0.02,0.44
ff1a0c1a4ce58b018418c8133554fe7a,optimizing-BDDs-mushroom-un-wcnf_incomplete_improved_1_2019_4.wcnf.xz,3600.0,3600.0,3600.0,3600.0,3600.0,3600.0,3600.0,3600.0,3600.0,3600.0,3600.0,3600.0,3600.0,3600.0
f58b87dcb4a8f49d2f1b50614920c01b,judgment-aggregation-ja-slater-preflib-00049-00000135.wcnf.xz,124.09,3600.0,123.95,125.78,3600.0,123.98,3600.0,3600.0,3600.0,123.9,3600.0,3600.0,3600.0,3600.0
838ae4d3694782ea608dc243073b5921,aes-sbox_8.wcnf.xz,3600.0,3600.0,3600.0,3600.0,3600.0,3600.0,3600.0,3600.0,3600.0,3600.0,3600.0,3600.0,3600.0,3600.0
e9fe4763fd3ed63a8135c1488c63f20b,jobshop-ft10-808-1090.wcnf.xz,55.04,27.93,54.06,59.99,49.33,53.73,59.83,24.53,49.18,54.22,36.81,221.81,218.05,27.91
a5b8baa19c3e1b3b667be651f80b3579,min-fill-MinFill_R5_jean.wcnf.xz,600.27,0.07,600.28,500.85,1800.13,900.27,0.73,1.11,1400.13,600.28,1.4,1.58,1.19,800.11
59ea41e9a84838193e89a1e0967d74f8,optic-gen_alldiff_3_cook_33.wcnf.xz,0.45,0.33,0.48,1.8,1.87,0.47,9.64,0.44,1.87,0.48,1.3,0.19,1.83,1.79
f385b9f38b605cd1df2ae062b0f32bac,extension-enforcement-extension-enforcement_strict_com_150_0.3_3_8_3.wcnf.xz,0.82,0.97,0.78,16.86,8.52,0.79,108.04,6.26,8.45,0.79,1.4,519.45,400.58,0.98
dbf59934d501f26e57abdada31e93f00,routing-normalized-s4-4-3-9pb.opb.wcnf.xz,268.36,1.35,270.17,259.39,279.57,269.95,8.95,5.46,281.26,270.43,3.97,0.7,0.77,392.84
3eb9a4c8f5d79c6655e29c0b0f95ff95,optic-gen_cvc-mult4_4_9999.wcnf.xz,10.98,243.19,10.98,11.56,10.23,11.03,330.85,3600.0,10.22,10.98,3600.0,3600.0,3600.0,13.49
ea0dc2c48877da7e22f2fe16d6afe142,protein_ins-sandiaprotein.g.wcnf.t.wcnf.xz,28.96,17.36,28.94,739.13,33.3,28.76,175.12,77.62,33.5,28.86,159.25,69.4,68.8,17.33
e34c0270b6d40bcfaa886dfd8ff1ada1,min-fill-MinFill_R3_miles750.wcnf.xz,3600.0,3600.0,3600.0,3600.0,3600.0,3600.0,3600.0,3600.0,3600.0,3600.0,3600.0,3600.0,3600.0,3600.0
a13c7bb2c65030bc7f75c083b29ddef8,uaq-uaq-nr-nr130-nc43-n3-k2-rpp4-ppr2-plb50.wcnf.xz,0.95,0.62,0.94,1.25,1.41,0.95,14.49,0.9,1.44,0.95,1.07,4.87,4.08,1.16
dd4b35bc3f35d0644ee6ae659e3e06b1,biorepair-heatShock_WT_192_12.lp.sm-extracted.wcnf.xz,4.29,4.11,4.31,9.79,3.53,4.3,9.78,3.2,3.52,4.33,3.41,0.35,8.45,4.03
6bdbc55571802e3a02364a60bdc7d971,CircuitDebuggingProblems-ac97_ctrl-debug.dimacs.wcnf.xz,0.36,0.54,0.34,9.74,0.39,0.34,9.76,0.48,1404.47,0.36,0.79,0.15,0.22,0.51
7f0e69e77276f1c6c4df2eb8a3bc9272,judgment-aggregation-ja-maxham-preflib-00049-00000338.wcnf.xz,3600.0,3600.0,3600.0,3600.0,3600.0,3600.0,3600.0,3600.0,3600.0,3600.0,3600.0,3600.0,3600.0,3600.0
4c0152d76e64e1e0184e498d5b8df68f,ConsistentQueryAnswering-synthetic-5.wcnf.xz,0.04,0.03,0.04,0.1,0.07,0.03,0.05,0.02,0.07,0.03,0.03,4.32,0.03,0.09
6caca82f201e45539e023639248eccb5,vpa-UAutomizer_McCarthy91_Iteration_true-termination_true-valid-memsafety.c_Abstraction1.wcnf.xz,0.02,0.01,0.02,0.02,0.02,0.03,0.01,0.01,0.02,0.01,0.02,0.01,0.02,0.02
288323fb34f3eedd221d3f43aa5ffe5e,inconsistency-measurement-im-forgetting-C-1-grd_5178_1_1.tgf.pl.wcnf.xz,3600.0,3600.0,3600.0,3600.0,3600.0,3600.0,3600.0,3600.0,3600.0,3600.0,3600.0,3600.0,3600.0,3600.0
d0d7f25fb4bbd2425b7ea22a87b13305,fault-diagnosis-s38584_nan_explicit_47_0.wcnf.xz,13.46,11.29,13.24,463.87,11.33,13.31,487.81,15.86,11.33,13.28,37.89,4.08,7.97,11.45
594cbb0670bfdebc4c8d745bf40354cc,CircuitDebuggingProblems-mem_ctrl-debug.dimacs.wcnf.xz,1.0,3.37,1.02,55.23,1.17,1.02,53.74,1.7,1.19,0.99,83.66,0.4,0.65,3.43
f314f0d945da067f76de9561b7059bd9,SeanSafarpour-divider-problem.dimacs_8.filtered.wcnf.xz,3.14,1000.67,3.14,232.53,6.87,3.12,253.49,18.22,6.96,3.15,118.4,25.51,25.71,1010.4
6df20392ea115f14648d09d8f972c220,treewidth-computation-TWComp_oesoca4_N42.wcnf.xz,0.58,0.13,0.58,500.42,0.61,0.58,0.11,1.05,0.6,0.59,1.52,0.07,11.6,0.13
dada58cedd64fcc4970dd080de129d78,fault-diagnosis-s38584_nan_explicit_9_0.wcnf.xz,3600.0,1420.67,1609.76,2480.73,577.65,3600.0,2112.45,397.22,575.31,1908.13,3600.0,3600.0,3600.0,1413.96
b6630b7946a4592ebec6ad37f0365d72,mbd-b20_C-mbd14-0213.wcnf.xz,518.99,1.41,518.39,631.87,1806.47,518.7,141.32,3.68,1406.63,521.49,133.37,1.32,3.38,1.41
ae35acd1c46008e2f49e1de778062d31,vpa-UAutomizer_Avery-FLOPS2006-Table1_true-termination_true-no-overflow.c_Abstraction1.wcnf.xz,0.02,0.01,0.02,0.02,0.02,0.02,0.01,0.01,0.02,0.02,0.01,0.01,0.02,0.03
57d498acfa4510e1138a84e2a1bf289a,kbtree-kbtree9_7_3_5_70_5.wcsp.wcnf.xz,54.27,3600.0,54.39,73.34,38.84,54.35,965.66,56.31,38.86,54.44,15.47,3600.0,3600.0,65.11
3b6504317a3991012e970e29492fffb8,pseudoBoolean-normalized-ssa7552-159.opb.msat.wcnf.xz,0.27,0.06,0.28,3.46,0.21,0.28,38.13,0.3,0.21,0.27,0.19,2.18,0.67,0.25
20651744045e04c097ca42aa93c47a13,judgment-aggregation-ja-maxham-preflib-00049-00000517.wcnf.xz,3600.0,3600.0,3600.0,3600.0,3600.0,3600.0,3600.0,3600.0,3600.0,3600.0,3600.0,3600.0,3600.0,3600.0
2b641b3e132ba1c2426121e4e183e4ae,xai-mindset2-tae.wcnf.xz,1907.12,4.32,1528.23,896.99,1810.55,1929.74,371.72,36.45,1410.37,1830.53,97.78,1461.36,3600.0,804.29
5afd8afac94ccb448379fa185a615c4c,treewidth-computation-TWComp_queen7_7_N49.wcnf.xz,3600.0,3600.0,3600.0,3600.0,3600.0,3600.0,3600.0,3600.0,3600.0,3600.0,3600.0,3600.0,3600.0,3600.0
08d095df27c41d5216344f64a4421c81,judgment-aggregation-ja-maxham-preflib-00049-00000390.wcnf.xz,3600.0,3600.0,3600.0,3600.0,3600.0,3600.0,3600.0,3600.0,3600.0,3600.0,3600.0,3600.0,3600.0,3600.0
c545a491b89a3bf1c6b00114caf00b4e,uaq-uaq-nr-nr310-nc103-n3-k2-rpp4-ppr2-plb50.wcnf.xz,1.7,1.58,1.69,1.39,0.87,1.7,30.92,35.29,0.85,1.7,8.87,7.28,3600.0,1.11
712017325147f4f930f949770ee1524b,inconsistency-measurement-im-forgetting-A-2-WS_300_16_70_30.tgf.pl.wcnf.xz,3600.0,3600.0,3600.0,3600.0,3600.0,3600.0,3600.0,3600.0,3600.0,3600.0,3600.0,3600.0,3600.0,3600.0
2d90c094b936943297dd6a6d7e10aca1,drmx-cryptogen-geffe128_8.wcnf.xz,660.01,68.44,659.51,517.63,1826.74,960.46,7.56,0.19,1426.97,659.75,20.6,3600.0,62.71,867.72
463aa78ebd9212633043a00a43d1cafd,mbd-b22_C-mbd14-0210.wcnf.xz,1805.12,2.81,1376.2,638.29,1806.23,1804.98,198.87,15.01,1406.0,1803.82,27.54,1.69,1.06,2.73
6b76e3b6068084e51855bd4a473f690b,logic-synthesis-normalized-f51m.b.opb.msat.wcnf.xz,0.24,0.14,0.25,0.19,0.25,0.24,16.52,0.27,0.24,0.24,0.68,0.5,0.12,0.22
e377f7ccd5215b626093e5aa7c83169e,mqc-10tree410p.wcnf.xz,602.31,2.48,602.36,532.8,1801.96,902.33,29.09,2.65,1401.93,602.31,4.15,14.51,3.14,802.4
c5a0c45cda7c9a8a8dc6f6abcd87fd80,planning-bnn-navigation_5x5_8.wcnf.xz,474.02,397.97,484.53,512.57,388.16,474.76,564.6,640.43,397.43,481.39,555.67,1601.86,1594.86,397.24
8aa88a165f1b653da379a07f25befd00,judgment-aggregation-ja-slater-preflib-00043-00000180.wcnf.xz,1310.33,3600.0,1325.09,296.79,3546.02,1629.79,2811.12,3600.0,3541.74,1325.78,3600.0,3600.0,3600.0,3600.0
0c78ecc224dfbc5f34d0e5ac0d6ad32c,drmx-cryptogen-geffe128_0.wcnf.xz,615.22,30.25,615.32,513.88,1821.78,915.38,53.72,23.28,1421.8,615.39,8.75,3600.0,82.25,830.21
8ae0e1742c06d7e29a5b4de227291ad2,jobshop-orb08-894-1058.wcnf.xz,7.57,6.28,7.73,14.22,8.23,7.61,14.21,16.46,8.11,7.7,25.33,67.67,66.19,6.22
837d41f6eff78d054f7fc84964d494f2,CircuitTraceCompaction-mrisc_mem2wire.wcnf.xz,11.33,39.63,11.12,27.02,10.11,11.16,26.67,15.48,10.04,11.13,26.33,110.11,143.83,39.64
6e9a32e782c18c058c158f5cc335e372,decision-tree-tic-tac-toe-un-formula_0.8_2021_atleast_127_max-6_reduced_incomplete_tree.wcnf.xz,3600.0,3600.0,3600.0,3600.0,3600.0,3600.0,3600.0,3600.0,3600.0,3600.0,3600.0,3600.0,3600.0,3600.0
9df8d445ca8ad9442542c09166d0164b,ramsey-ram_k3_n11.ra0.wcnf.xz,3600.0,3600.0,3600.0,3600.0,3600.0,3600.0,3600.0,3600.0,3600.0,3600.0,3600.0,3600.0,3600.0,3600.0
1d3a3e50728e32d39279157e0b73ffc1,SeanSafarpour-c6_DD_s3_f1_e1_v1-bug-gate-0.dimacs.seq.filtered.wcnf.xz,3.37,75.39,3.38,350.17,4.43,3.38,370.41,448.56,4.41,3.4,42.37,1.04,1.47,76.27
caf08377b941adf9a0aa73622f925d27,decision-tree-kr-vs-kp-un-formula_0.8_2021_atleast_31_max-4_reduced_incomplete_tree.wcnf.xz,3600.0,3600.0,3600.0,3600.0,3600.0,3600.0,3600.0,3600.0,3600.0,3600.0,3600.0,3600.0,3600.0,3600.0
a29665d09cc7901a823ad66b34901e3c,uaq-uaq-nr-nr240-nc80-n3-k2-rpp4-ppr2-plb50.wcnf.xz,2.03,8.71,2.03,1.19,2.02,2.04,77.5,0.18,2.04,2.03,6.36,14.44,1106.76,1.48
873a2fce9a22e8f3f8887d2d04dde66f,frb-frb25-13-1.partial.wcnf.xz,31.61,36.41,31.83,67.24,136.51,31.6,0.18,0.09,136.92,31.78,3.22,3600.0,4.96,33.11
76d0410c19605995b7711ed1143a4eb1,treewidth-computation-TWComp_1dj7_N73.wcnf.xz,1395.69,3600.0,1396.74,712.98,3600.0,1702.93,703.14,2129.62,3600.0,1329.69,1808.51,3600.0,3600.0,3600.0
53bbfb60409cf6424e0c4b9df021e257,program-disambiguation-Q50_YESNO_5.wcnf.xz,16.18,2.34,16.16,10.89,13.93,16.25,11.0,19.74,13.88,16.21,26.8,3.26,3.29,2.35
e0c3524dd4360fe1b06a58c94c95f34f,treewidth-computation-TWComp_pathfinder_N109.wcnf.xz,7.65,1.9,7.62,1.88,7.79,7.75,1.9,27.29,7.94,7.62,33.57,1.25,1.27,1.91
d83a2d9e0042df90a0e18aadc0356374,inconsistency-measurement-im-forgetting-B-3-stb_428_430.tgf.pl.wcnf.xz,3600.0,3600.0,3600.0,3600.0,3600.0,3600.0,3600.0,3600.0,3600.0,3600.0,3600.0,3600.0,3600.0,3600.0
b95022969e00a1317f9cd318f05edaf7,atcoss-atcoss_mesat_15.wcnf.xz,3600.0,3600.0,3600.0,3600.0,3600.0,3600.0,3600.0,3600.0,3600.0,3600.0,3600.0,3600.0,3600.0,3600.0
1b91445885ea8f7115f18c6a80bb4621,decision-tree-car-un-formula_0.8_2021_atleast_31_max-4_reduced_incomplete_tree.wcnf.xz,3600.0,3600.0,3600.0,3600.0,3600.0,3600.0,3600.0,3600.0,3600.0,3600.0,3600.0,3600.0,3600.0,3600.0
4254d3892dd869e561797a8ed0331acc,optic-gen_alldiff_4_991.wcnf.xz,1.9,0.16,1.9,1.91,1.96,1.9,3600.0,2.48,1.97,1.94,5.34,1.12,13.33,2.7
1ca8d512d04157542f4dea68e7851bcc,ConsistentQueryAnswering-synthetic-15.wcnf.xz,0.04,0.03,0.02,0.08,0.06,0.02,0.03,0.02,0.07,0.04,0.02,1.97,0.02,0.06
3a465eb805ad80093ff2c33c9718ebd5,judgment-aggregation-ja-maxham-preflib-00049-00000529.wcnf.xz,670.37,55.59,671.56,563.55,1869.94,975.23,84.8,83.86,1460.73,673.04,139.12,85.85,105.26,54.88
1138c3481b5bea8d51cb8c29e9d9e271,scheduling-cnf_small.wcnf.xz,3600.0,3600.0,3600.0,1633.53,3600.0,3600.0,1178.53,3600.0,3600.0,3600.0,3600.0,3600.0,3600.0,3600.0
b31c7bc7b5e83fd313f3797cfd1a151a,ConsistentQueryAnswering-real-2.wcnf.xz,1.3,0.5,1.3,0.41,1.05,1.29,0.42,0.65,1.03,1.33,0.63,0.55,1.73,0.5
810c1f436845bb7afd417a5b7d7d3310,treewidth-computation-TWComp_david-pp_N29.wcnf.xz,600.44,0.75,600.44,501.56,1801.35,900.41,0.33,0.73,1401.34,600.46,0.66,3.23,6.54,800.79
0536036abc8efb2506b201f9dff7135f,vpa-UAutomizer_ll_append-alloca_false-termination.c.i_Abstraction1.wcnf.xz,0.1,0.17,0.12,0.17,0.13,0.1,0.14,0.05,0.13,0.1,0.05,4.96,0.09,0.17
58d4e4e0f3f59960d5b3583f2774102c,judgment-aggregation-ja-maxham-preflib-00049-00000316.wcnf.xz,3600.0,3600.0,3600.0,3600.0,3600.0,3600.0,3402.51,2392.06,3600.0,3600.0,2707.72,3600.0,3358.6,3600.0
81ec60000b7405f3cf1da28465185553,bcp-simp-ibd_5.06.wcnf.xz,0.02,0.01,0.02,0.02,0.02,0.02,0.01,0.02,0.02,0.02,0.02,0.02,0.02,0.02
d670a465a12994d79bf6ed22d2aadf04,mbd-b20_C-mbd14-0263.wcnf.xz,1856.0,8.18,1328.81,740.41,1824.34,1842.88,226.52,47.88,1424.54,1331.95,179.17,36.59,57.15,8.2
378a99d536ddfb52b1afe1e01c7fc288,treewidth-computation-TWComp_barley2_N48.wcnf.xz,1.68,1.25,1.73,502.44,1.98,1.69,2.18,3.69,1.97,1.71,4.6,5.17,33.46,1.25
2d9be8c6404507a8ec0800770ccd852a,judgment-aggregation-ja-maxham-preflib-00049-00000540.wcnf.xz,3600.0,3600.0,3600.0,3600.0,3600.0,3600.0,3600.0,2413.6,3600.0,3600.0,2404.54,3600.0,3600.0,3600.0
f590be56a5a711f733bced2dd714fdc7,frb-frb25-13-5.partial.wcnf.xz,97.65,0.39,97.99,54.04,89.76,98.34,0.06,0.13,89.64,97.78,7.36,3600.0,0.23,62.25
459981b507ac1a62b6d9d76725620a8f,tpr-b14-s_PathRelaxation_FS_39.wcnf.xz,0.14,0.11,0.16,3.99,2.88,0.14,36.19,0.08,2.87,0.16,0.43,0.13,1.02,2.75
6a83fc54252f5ec2d080e36d59dda66f,kbtree-kbtree9_7_3_5_20_5.wcsp.wcnf.xz,12.08,0.07,12.07,8.21,9.96,12.1,8.45,0.02,10.01,12.11,0.02,0.04,0.11,8.84
10a4bc63a2539fcbb21938a2e9814acf,fault-diagnosis-s38417_nan_explicit_28_0.wcnf.xz,0.6,0.15,0.58,9.05,0.16,0.58,0.17,0.16,6.74,0.58,0.14,0.1,0.47,0.15
e37be47bb3c3d4aee762635e3ed3ccfd,aes-key-recovery-AES2-60-56.wcnf.xz,1.25,10.44,1.25,619.42,501.02,1.25,76.72,36.26,499.3,1.28,14.11,0.99,17.09,10.5
869a8f2ff3bfc09e1c54469875e20433,atcoss-atcoss_sugar_19.wcnf.xz,44.44,401.41,44.79,81.07,65.38,44.28,80.27,89.75,66.37,44.38,68.01,63.35,62.03,403.71
1835496cf1aa0cb15ea1bd1aec3ef3e6,biorepair-heatShock_WT_196_12.lp.sm-extracted.wcnf.xz,4.56,8.35,4.54,23.41,3.66,4.58,23.59,3.67,3.66,4.58,3.96,0.56,9.1,8.45
f6860ec4c6a28e9f61295535a8ec4fd2,pseudoBoolean-normalized-g9x3.opb.msat.wcnf.xz,0.03,0.02,0.03,0.02,0.02,0.03,0.16,0.02,0.02,0.03,0.28,0.02,0.02,0.03
dcb7ecc21d333a5cdaa2393a1ddf7821,routing-normalized-s4-4-3-1pb.wcnf.xz,8.54,1.2,8.52,8.78,8.27,8.51,28.9,2.26,8.24,8.53,0.81,0.39,0.36,5.15
a2b55950ddf97e98d4ac635fa444b86c,frb-frb35-17-4.partial.wcnf.xz,604.17,29.78,604.17,500.62,1804.94,904.15,1.42,0.91,1404.96,604.18,1650.0,3600.0,5.53,829.07
ce00105b53b32170f51a06b07489a7b7,atcoss-atcoss_sugar_11.wcnf.xz,1.27,5.67,1.26,517.2,1.36,1.25,3.22,7.31,1.35,1.23,16.76,4.37,14.2,5.73
6d60ba8bc1460533a97563dc3742b4e6,judgment-aggregation-ja-maxham-preflib-00049-00000492.wcnf.xz,1335.46,3470.52,2641.73,721.48,3600.0,1655.09,2716.9,1057.98,3600.0,1538.42,1099.26,96.21,398.95,3480.44
92e9cdb0d69727bacf405d21ea1d8357,CircuitTraceCompaction-spi.wcnf.xz,601.61,6.38,601.63,29.61,1.67,901.62,28.96,4.97,1.67,601.62,7.51,5.09,7.04,6.23
9e35d5b779627746e334d63232909238,kbtree-kbtree9_7_3_5_80_6.wcsp.wcnf.xz,29.4,3600.0,29.48,30.37,31.42,29.45,3600.0,36.93,31.43,29.43,31.03,3600.0,3600.0,46.79
2a3858882a4cd16a635b994b0e6de685,optimizing-BDDs-vote-un-wcnf_incomplete_improved_1_2019_7.wcnf.xz,3600.0,3600.0,3600.0,3600.0,3600.0,3600.0,3600.0,3600.0,3600.0,3600.0,3600.0,3600.0,3600.0,3600.0
3de8ee5ac0232bdf3b8568dba23d6dae,logic-synthesis-normalized-5xp1.b.opb.msat.wcnf.xz,0.54,0.11,0.54,0.57,0.58,0.54,20.7,0.52,0.59,0.54,3.05,0.62,0.34,0.64
fbf6afb642083874bf2a28d007d3ed84,bcp-simp-nonunif-75_50.07.wcnf.xz,0.59,0.01,0.59,0.6,0.51,0.59,0.32,0.02,0.51,0.6,0.01,0.01,0.04,0.42
8975f09f3c88a721694ea4b45886f058,bcp-simp-unif-100_50.09.wcnf.xz,1.34,0.01,1.33,1.74,1.65,1.32,0.92,0.03,1.65,1.33,0.23,0.02,0.05,1.91
f48eb730fb2f429e5a9b4aea6b4aea82,logic-synthesis-normalized-exam.pi.opb.msat.wcnf.xz,1.68,180.72,1.67,1.68,1.68,1.67,278.53,3600.0,1.68,1.68,3600.0,3600.0,3600.0,1.69
601469070855e9c1c45561269445f9d6,MaxSATQueriesinInterpretableClassifiers-ilpd_test_5_CNF_1_1.wcnf.xz,0.02,0.02,0.02,0.02,0.02,0.02,0.02,0.02,0.02,0.02,0.02,0.02,0.02,0.02
2402595052875bfca55246ad7fdf837b,mbd-b21_C-mbd14-0227.wcnf.xz,240.25,1.24,242.46,624.11,1802.97,240.85,110.81,5.92,1402.99,240.83,5.22,0.23,1.1,1.22
baf9cf02a19078d4bfed7e27ba4e4ceb,planning-bnn-sysadmin_5_3.wcnf.xz,3600.0,3600.0,3600.0,3600.0,3045.1,3600.0,3600.0,3600.0,3034.56,3600.0,3600.0,3600.0,3600.0,3600.0
c785d73f1a71655da2e424709b4d47f6,SeanSafarpour-fpu4-problem.dimacs_19.filtered.wcnf.xz,1.22,2.92,1.19,49.53,0.89,1.2,51.47,1.57,0.9,1.21,54.26,0.59,0.79,2.88
2407a74f3da1a78f792fec59736d6947,protein_ins-2knt_.5pti_.g.wcnf.t.wcnf.xz,27.04,25.64,26.84,673.76,33.25,27.03,215.92,103.86,33.18,26.82,80.46,71.57,71.3,25.53
34cf0495b5bd99b0a96a0e06bdca2b15,decision-tree-heart-cleveland-un-formula_0.8_2021_atleast_63_max-5_reduced_incomplete_tree.wcnf.xz,3600.0,3600.0,3600.0,3600.0,3600.0,3600.0,3600.0,3600.0,3600.0,3600.0,3600.0,3600.0,3600.0,3600.0
6b9895d8f10cbac3cae018796de85387,SeanSafarpour-dividers5.dimacs.filtered.wcnf.xz,0.5,34.96,0.5,70.47,0.43,0.49,72.46,1.9,1408.96,0.49,21.78,2.35,2.44,34.49
cf598f213e13748e4fb2e11850ee2579,extension-enforcement-extension-enforcement_strict_com_200_0.05_4_20_4.wcnf.xz,6.58,5.23,6.66,35.11,61.71,6.72,254.26,22.14,62.01,6.64,13.79,3600.0,3600.0,5.57
10ff6ca66688a603aaafd72606472b5b,xai-mindset2-lupus.wcnf.xz,10.14,0.24,10.11,6.6,5.92,10.17,4.66,0.5,5.94,10.1,0.81,0.17,9.75,5.38
0c3279e5698164087b47c73ff7d5b344,uaq-uaq-plb-nr250-nc83-n5-k2-rpp3-ppr5-plb110.wcnf.xz,6.71,10.35,6.72,7.98,6.4,6.73,249.78,0.67,6.41,6.72,1.78,107.53,256.86,7.73
9440d211c699921397e7ef767a8ce1c8,optimizing-BDDs-car-un-wcnf_incomplete_improved_1_2019_2.wcnf.xz,1886.18,44.29,1579.57,1945.21,1867.63,1886.4,1559.96,114.57,1468.44,1879.32,86.65,1223.12,164.25,843.72
d1ab0bbc6acca23a8977c525629213c4,optimizing-BDDs-audiology-un-wcnf_incomplete_improved_1_2019_4.wcnf.xz,1898.45,22.43,1584.43,795.9,102.51,1898.35,343.15,92.02,1498.7,1882.95,101.86,68.69,49.51,822.43
301c542d5932d307a4d3113de0e621ef,mqc-15tree801p.wcnf.xz,3600.0,2.7,601.58,539.02,1803.15,901.57,38.28,11.28,1403.14,601.59,21.11,31.94,4.89,2.71
108973519f53f7f81ceab2712c3aff64,logic-synthesis-normalized-test4.pi.opb.msat.wcnf.xz,3600.0,3600.0,3600.0,3600.0,3600.0,3600.0,3600.0,3600.0,3600.0,3600.0,3600.0,3600.0,3600.0,3600.0
b4687c1ee16d3325bfe3af03d063a87f,program-disambiguation-Q22_YESNO_1.wcnf.xz,3600.0,3600.0,3600.0,3600.0,3600.0,3600.0,3600.0,3600.0,3600.0,3600.0,3600.0,3600.0,3600.0,3600.0
f633f61ff86d4456e21e43fe1131f47b,judgment-aggregation-ja-maxham-preflib-00049-00000071.wcnf.xz,3328.44,1729.25,2709.97,2514.17,953.91,3335.28,1821.79,1100.27,2347.78,3003.3,1269.59,1519.81,2569.1,1718.25
3f7875326052f321bc4490ec77272a2d,logic-synthesis-normalized-jac3.opb.msat.wcnf.xz,0.26,200.14,0.26,0.55,0.59,0.26,50.13,4.09,0.58,0.26,6.44,0.61,188.71,0.47
07b1c0afee0b9d576f40fbea7a120f4c,gen-hyper-tw-GenHyperTW_adder_15.wcnf.xz,26.21,101.25,26.58,30.86,43.07,26.52,30.9,45.88,43.65,26.36,39.3,36.17,36.2,99.33
ba614368f455dfef5528cdf47765885c,logic-synthesis-normalized-max1024.pi.opb.msat.wcnf.xz,7.54,444.29,7.54,6.15,4.77,7.54,131.33,3600.0,4.77,7.54,3600.0,3600.0,3600.0,5.28
01f9f9976418f53a179aece20024c43a,mbd-b15_C-mbd14-0330.wcnf.xz,28.69,0.9,28.66,99.21,79.41,28.77,99.28,2.4,79.79,28.7,2.72,8.05,7.39,80.61
dd7e895d0ac3f012c0f3d1be6b12b9b0,SeanSafarpour-c5_DD_s3_f1_e1_v1-bug-gate-0.dimacs.seq.filtered.wcnf.xz,1.5,65.95,1.49,307.37,2.79,1.51,321.83,96.67,2.82,1.49,28.02,0.78,1.08,66.36
b9af2e34e3df5d4d213ad2f80f5e9a2f,biorepair-heatShock_WT_151_12.lp.sm-extracted.wcnf.xz,4.06,10.55,4.04,38.32,4.09,4.02,39.42,3.83,4.06,4.01,3.64,0.68,8.53,10.24
7a672a3c36e3ec340122f2fb8181cdc8,aes-key-recovery-AES1-30-2.wcnf.xz,0.64,0.35,0.66,501.04,0.74,0.64,0.33,8.88,0.74,0.64,9.45,0.12,14.97,0.34
1bb689802f858ec5c574837a1c02c97a,biorepair-heatShock_WT_175_12.lp.sm-extracted.wcnf.xz,3.81,9.55,3.84,26.52,3.72,3.82,26.49,3.88,3.72,3.84,3.75,0.5,8.37,9.51
e44035e719a4c9f163728cb657616426,aes-mul_8_11.wcnf.xz,3600.0,3600.0,3600.0,3600.0,3600.0,3600.0,3600.0,3600.0,3600.0,3600.0,3600.0,3600.0,3600.0,3600.0
94e1011945273040c0a9088f9937acd4,aes-key-recovery-AES2-50-52.wcnf.xz,0.87,1.15,0.9,549.13,30.9,0.9,11.29,10.17,30.84,0.87,9.71,0.27,16.28,1.14
ade65e41bf779f677f6f9ded361bcc1b,tpr-b21-s_PathRelaxation_Set_FS_14.wcnf.xz,645.81,2.16,645.4,647.47,2.2,750.15,149.38,3.16,1408.31,646.11,20.98,227.16,379.22,2.18
58f9774fa8b9a7efb44f0215cbf5a1ce,mqc-10tree820p.wcnf.xz,604.38,0.9,604.33,543.26,1800.99,904.4,51.79,10.89,1400.97,604.37,12.53,27.2,8.72,800.94
9f7ce08b062c85825b99f0ecb806e69f,inconsistency-measurement-im-sum-C-1-grd_1222_5_4.tgf.pl.wcnf.xz,3600.0,3600.0,3600.0,3600.0,3600.0,3600.0,3600.0,3600.0,3600.0,3600.0,3600.0,3600.0,3600.0,3600.0
2a0b2bdce1509c44c257d5aee2936255,aes-mul_8_3.wcnf.xz,456.91,3600.0,456.93,242.78,238.69,452.61,3387.11,3600.0,237.39,453.3,1029.73,3600.0,3600.0,3600.0
c5305adb51c45dda2f485a67447a2340,mqc-10tree802p-nlogencdr.wcnf.xz,600.11,0.1,600.12,503.87,1244.83,835.12,2.81,0.16,1243.36,600.13,0.14,0.11,0.24,800.3
af4571b1d6b7c7a268b9efd6795a188b,frb-frb35-17-5.partial.wcnf.xz,603.85,2276.15,603.86,505.33,1808.48,903.85,4.04,19.82,1408.46,603.88,535.38,3600.0,21.6,3082.0
6eb5722f8bf9cf7d7280026d6c8e9f90,ConsistentQueryAnswering-real-5.wcnf.xz,1.56,0.67,1.57,2.62,1.31,1.54,2.62,0.8,1.3,1.55,0.78,152.11,3.91,0.65
7f9c95e10742fc02f8ed0150b751974d,gen-hyper-tw-GenHyperTW_uf20-01.wcnf.xz,3600.0,3600.0,3600.0,3600.0,3600.0,3600.0,3600.0,3600.0,3600.0,3600.0,3600.0,3600.0,3600.0,3600.0
8b71b88c83926f0e2135e2ce64e9c469,mbd-b20_C-mbd14-0309.wcnf.xz,358.03,1.06,355.02,589.51,1802.28,358.13,147.94,6.03,1402.28,354.93,1.44,4.05,4.4,1.05
fadb6c5aec063b231c387c5c88556d0b,reversi-rev44-2.wcnf.xz,0.03,0.01,0.03,0.03,0.02,0.03,0.07,0.02,0.02,0.03,0.01,0.02,0.01,0.02
a2bc02ec50e92e85b7218f2afe7fd2b7,CircuitDebuggingProblems-rsdecoder-debug.dimacs.wcnf.xz,14.26,3600.0,14.43,274.72,8.52,14.25,125.57,294.16,8.52,14.43,40.95,1.65,1.64,3600.0
726b13c16e41203e131a15c1558b6533,biorepair-heatShock_WT_28_12.lp.sm-extracted.wcnf.xz,4.01,8.82,4.03,33.22,3.93,4.06,33.09,3.82,3.93,4.06,3.99,0.49,8.61,8.64
0b5142ce23fcdda8f9e1daefcde75e82,mbd-b20_C-mbd14-0253.wcnf.xz,738.25,1.35,653.78,648.85,1803.85,1006.85,156.83,24.53,1404.46,782.92,7.51,11.38,12.19,1.37
9f3ac2b817f14e26864f279d2cf69f72,judgment-aggregation-ja-maxham-preflib-00049-00000385.wcnf.xz,662.84,72.22,663.0,578.15,1850.22,960.84,71.31,109.61,1450.52,660.61,76.52,66.81,62.03,871.2
0e8135e4fc05564105d5103898cb5f84,routing-normalized-s3-3-3-4pb.wcnf.xz,0.81,0.03,0.83,0.93,1.16,0.83,0.02,0.04,1.15,0.83,0.21,0.02,0.01,0.3
94072ca0e09fef6c54ccf60e4389d503,mqc-10tree701p.wcnf.xz,600.23,0.12,600.21,502.19,1800.19,900.24,4.09,0.17,1400.21,600.25,0.15,0.04,0.47,801.69
32aa464882ccb7227fb93f573d88b39e,CircuitTraceCompaction-sudoku.wcnf.xz,605.44,11.13,605.47,52.31,2.66,905.36,53.31,2.08,2.68,605.42,3.13,9.59,9.56,10.85
a81c39a4070e9cdc4804dcc0a6033289,biorepair-heatShock_WT_84_12.lp.sm-extracted.wcnf.xz,4.04,4.29,3.94,11.08,3.34,3.92,11.12,3.24,3.32,3.92,3.91,0.39,8.31,4.46
a9a676caf6eb8f8a4bc23e0a251c3485,protein_ins-p1.wcnf.t.wcnf.xz,78.82,53.05,78.79,749.65,49.65,78.49,222.25,224.92,49.65,78.77,140.66,349.66,333.62,52.79
e34edbbdbf693b327550070409cc3208,HaplotypeAssembly-splitedReads_0.matrix.wcnf.xz,3600.0,24.62,3600.0,1900.28,1945.48,3600.0,1528.38,3600.0,1545.62,3600.0,3600.0,1650.17,3600.0,823.98
ccdd92d59907e9850ec1d80ccc97d479,drmx-cryptogen-geffe128_2.wcnf.xz,611.2,37.75,611.2,513.2,1813.08,911.21,10.99,11.18,1413.08,611.22,17.38,3600.0,24.07,837.4
3e344ff450cc104ec4ea8b7f0d78e335,vpa-UAutomizer_AliasDarteFeautrierGonnord-SAS2010-speedpldi2_true-termination_true-no-overflow.c_Abstraction1.wcnf.xz,0.02,0.01,0.02,0.02,0.01,0.02,0.02,0.01,0.02,0.02,0.01,0.01,0.01,0.02
1917b1f8c00d6dd4e3ebaa9f278bad5a,decision-tree-lymph-un-formula_0.8_2021_atleast_31_max-4_reduced_incomplete_tree.wcnf.xz,3600.0,3600.0,3600.0,3600.0,3600.0,3600.0,3600.0,3600.0,3600.0,3600.0,3600.0,3600.0,3600.0,3600.0
68d71c10d5fe713f3db0399d1b56b76d,treewidth-computation-TWComp_myciel4_N23.wcnf.xz,602.84,9.82,602.87,502.76,1806.28,902.87,3.11,8.18,1406.28,602.86,9.62,23.77,25.44,809.88
3e121a2acfd16d66155c793f0eccf50a,kbtree-kbtree9_7_3_5_20_6.wcsp.wcnf.xz,3.53,0.04,3.53,4.95,6.05,3.53,42.68,0.04,6.06,3.55,0.05,0.02,0.05,5.07
50ed4a333694bda875b6109a7cf02b09,treewidth-computation-TWComp_win95pts_N76.wcnf.xz,2.07,1.23,2.07,1.41,2.2,2.08,1.41,13.74,2.2,2.08,7.45,4.38,4.38,1.22
84473eca8a62b90e55ce31ee68ff3283,extension-enforcement-extension-enforcement_strict_com_150_0.05_3_30_2.wcnf.xz,4.14,6.68,4.13,31.69,25.29,4.01,230.43,17.37,25.17,4.0,14.59,636.61,485.2,6.77
e3866108983fcbf18694d87350d37437,tpr-b20-s_PathRelaxation_Set_FS_33.wcnf.xz,577.42,2.67,572.22,641.11,2.39,566.0,131.45,2.77,1413.21,570.05,7.07,24.97,15.23,2.73
d650e458568cfe2ad24239ca1b58d225,mqc-15tree801p-nencdr.wcnf.xz,22.73,4.65,23.3,575.74,6.04,23.06,88.57,26.16,1406.13,22.93,54.06,115.77,29.48,4.68
c35664b75afcf98aa27922a36cf694e7,optimizing-BDDs-lymph-un-wcnf_incomplete_improved_1_2019_7.wcnf.xz,3600.0,3600.0,3600.0,3600.0,3600.0,3600.0,3600.0,3600.0,3600.0,3600.0,3600.0,3600.0,3600.0,3600.0
eb30d17d9bc5c5ffdf8b70c79557f0ee,MaxSATQueriesinInterpretableClassifiers-ionosphere_test_7_CNF_4_1.wcnf.xz,0.02,0.01,0.02,0.01,0.02,0.02,0.02,0.01,0.02,0.02,0.02,0.02,0.02,0.02
a39137746ee10c2a1eb43dc26943e4a4,inconsistency-measurement-im-contension-B-3-stb_696_368.tgf.pl.wcnf.xz,3600.0,3600.0,3600.0,2132.14,3104.83,3600.0,1178.37,3600.0,2704.47,3600.0,3600.0,3600.0,3600.0,3600.0
c9bafd503a612d7262dc5b49ff3372dd,frb-frb30-15-3.partial.wcnf.xz,235.05,0.5,235.61,367.88,391.95,234.95,0.07,0.09,396.78,235.38,6.38,3600.0,4.72,556.6
aaf25560774cec8359e22253b43d8c1d,optimizing-BDDs-tic-tac-toe-un-wcnf_incomplete_improved_1_2019_6.wcnf.xz,3600.0,3600.0,3600.0,3600.0,3600.0,3600.0,3600.0,3600.0,3600.0,3600.0,3600.0,3600.0,3600.0,3600.0
a7679be3ceddc24269ef84a37f36ce37,routing-normalized-s3-3-3-5pb.wcnf.xz,1.05,0.05,1.05,1.16,0.87,1.05,0.92,0.06,0.9,1.05,0.13,0.01,0.01,1.1
afa144b62cd95e29c88818e153007d29,tpr-b20-s_PathRelaxation_Set_FS_8.wcnf.xz,251.66,1.77,252.02,638.94,1.68,249.66,117.16,5.72,1412.17,251.6,10.47,6.31,6.36,1.82
e464c29b182df2b4c2673650d20d83e7,protein_ins-1knt_.1bpi_.g.wcnf.t.wcnf.xz,48.98,28.52,48.92,732.45,37.12,49.36,284.4,217.33,37.58,49.29,176.79,201.54,212.73,28.33
f1f84e1729b53f3e224bdb13086ea069,tpr-b20-s_PathRelaxation_Set_FS_30.wcnf.xz,209.43,2.46,210.38,632.78,1.81,210.19,129.77,2.82,1416.06,208.85,4.49,25.78,14.51,2.44
4581b8bfdf0f3af6b9492aa6aad818ad,close_solutions-teams16_l6a.cnf.wcnf.xz,2.93,2.02,2.94,4.88,4.59,3.01,159.4,0.53,4.59,2.93,0.84,1.23,5.63,4.33
37a0602e9f91be5bd0ed1b40e0413105,optimizing-BDDs-hypothyroid-un-wcnf_incomplete_improved_1_2019_7.wcnf.xz,3600.0,3600.0,3600.0,3600.0,3600.0,3600.0,3600.0,3600.0,3600.0,3600.0,3600.0,3600.0,3600.0,3600.0
3285eef76dc710f9a1a227f432a74fb7,frb-frb35-17-3.partial.wcnf.xz,603.54,1.84,603.56,501.05,1807.08,903.54,3.81,5.68,1407.1,603.56,56.27,3600.0,8.32,257.7
fd69f08ed413cff4cdda66fc7b7c9d02,logic-synthesis-normalized-count.b.opb.msat.wcnf.xz,0.11,0.05,0.11,1.79,0.56,0.09,16.0,0.41,0.54,0.11,2.59,0.13,0.1,1.86
5b6691d3d08b5860881a375fff2217cf,planning-bnn-navigation_4x4_7.wcnf.xz,98.3,119.5,100.45,214.31,102.91,100.98,209.97,249.93,103.8,97.79,212.9,333.02,330.97,120.04
88a7c40956ba55b28f84471577bfc5a4,xai-mindset2-bupa.wcnf.xz,3600.0,3600.0,3600.0,3600.0,3600.0,3600.0,3600.0,3600.0,3600.0,3600.0,3600.0,3600.0,3600.0,3600.0
d3d14a99b8cadc6a04f92660a5994cb2,mqc-10tree802posib.wcnf.xz,8.09,0.06,8.08,8.84,8.59,7.87,0.06,0.16,8.73,7.93,0.2,0.06,0.26,8.92
0e23c083434ddb58da963d1130d6d955,vpa-UAutomizer_cstrspn_mixed_alloca_true-termination.c.i_Abstraction4.wcnf.xz,0.06,0.08,0.06,0.07,0.06,0.04,0.06,0.02,0.06,0.04,0.02,1.72,0.05,0.39
ef52f4457dbea616f3876b43a9351026,CircuitDebuggingProblems-wb-debug.dimacs.wcnf.xz,2.39,51.76,2.35,699.3,6.66,2.35,741.9,210.96,6.66,2.39,164.39,1.34,1.64,52.1
e5b219bb5a21d05bfe54eb8f8b80009c,logic-synthesis-normalized-prom2.pi.opb.msat.wcnf.xz,0.42,3600.0,0.43,0.69,0.47,0.43,266.22,3600.0,0.49,0.42,3600.0,751.43,2682.76,0.57
6e3a7429256595452fc5c31cfe17c7a9,gen-hyper-tw-GenHyperTW_dubois28.wcnf.xz,834.02,3600.0,825.84,121.45,1111.34,1401.48,319.07,90.3,1133.64,1049.33,216.31,240.23,238.33,3600.0
05284bd7ad00f831f5b5fa69a70e503f,logic-synthesis-normalized-apex4.a.opb.msat.wcnf.xz,0.21,1.36,0.2,0.27,0.27,0.21,759.26,24.74,0.28,0.21,10.29,0.26,0.25,0.29
5196bb14d67ab831a75966914fc8a8dc,optimizing-BDDs-kr-vs-kp-un-wcnf_incomplete_improved_1_2019_8.wcnf.xz,3600.0,3600.0,3600.0,3600.0,3600.0,3600.0,3600.0,3600.0,3600.0,3600.0,3600.0,3600.0,3600.0,3600.0
4701f5df866eb3e94d656640fc9956d3,fault-diagnosis-s38417_nan_explicit_9_0.wcnf.xz,0.19,0.16,0.19,1.96,0.18,0.19,0.19,0.14,1.37,0.21,0.13,0.1,0.21,0.17
e974fbac1f213e24d6217cacf2559e36,inconsistency-measurement-im-sum-B-2-stb_330_291.tgf.pl.wcnf.xz,3600.0,3600.0,3600.0,2071.04,2420.46,3600.0,1430.65,3600.0,2008.79,3600.0,3600.0,902.2,3600.0,3600.0
53d1db63db522cbb89eebcb2f2845ae3,HaplotypeAssembly-splitedReads_160.matrix.wcnf.xz,95.9,1.61,95.92,282.72,280.04,95.07,541.19,289.1,281.07,95.14,438.33,0.24,0.4,1.64
63cc6bde9842683a4dfe779a19b7cca7,aes-key-recovery-AES2-74-11.wcnf.xz,12.84,30.89,12.86,584.74,106.73,12.89,160.73,159.81,107.07,12.9,200.04,14.87,43.23,31.59
50aa3384b72c20ae04724152c2994186,min-fill-MinFill_R12_miles250.wcnf.xz,608.6,1.38,608.6,570.65,1801.87,908.64,83.6,650.75,1401.79,608.59,1682.37,417.59,427.28,801.43
80722144fda6aca514baae539d1b7af6,optimizing-BDDs-splice-1-un-wcnf_incomplete_improved_1_2019_4.wcnf.xz,3600.0,3600.0,3600.0,3600.0,3600.0,3600.0,3600.0,3600.0,3600.0,3600.0,3600.0,3600.0,3600.0,3600.0
7c678ec2b6b373abf8072cb99107eb7a,uaq-uaq-nr-nr270-nc90-n3-k2-rpp4-ppr2-plb50.wcnf.xz,1.08,0.3,1.08,0.37,0.39,1.08,23.53,0.57,0.37,1.08,2.55,5.34,126.7,0.47
b2d328862e80ba8eb1d883f744553bb9,rna-alignment-k50-23-49.rna.pre.wcnf.xz,46.57,0.09,45.91,36.22,0.31,45.98,2.89,1.48,75.47,46.62,1.11,60.25,26.65,69.35
ca5433cc42840fc9774b7016ba25ce7c,gen-hyper-tw-GenHyperTW_grid5.wcnf.xz,602.86,4.4,602.84,502.48,1813.15,902.86,3.47,16.69,1413.72,602.84,13.2,5.81,11.22,4.44
d1a8db715985006bb69bfd3582a63773,kbtree-kbtree9_7_3_5_90_4.wcsp.wcnf.xz,9.66,3600.0,9.61,11.72,9.8,9.62,354.17,13.28,9.81,9.62,5.06,3600.0,3600.0,10.76
66cd7a6943df4e2038c65572a6d265c8,pseudoBoolean-normalized-ssa7552-158.opb.msat.wcnf.xz,0.22,0.06,0.21,3.17,0.12,0.22,30.13,0.25,0.13,0.22,0.23,2.13,0.62,0.15
da9c42b1c886ac5a249cdd37e83e75f8,MaxSATQueriesinInterpretableClassifiers-parkinsons_train_5_DNF_2_1.wcnf.xz,30.64,0.21,30.61,137.3,134.84,30.61,33.33,0.32,135.52,30.5,1.26,3.21,1.96,91.32
3badf89edded5c4f9e133d985aef421c,atcoss-atcoss_mesat_12.wcnf.xz,4.77,23.4,4.75,4.12,4.04,4.75,4.14,3600.0,4.04,4.79,11.42,25.89,26.03,23.17
cfccbc4b1c707e54e6079ac274241296,min-fill-MinFill_R1_games120.wcnf.xz,3600.0,3600.0,3600.0,3600.0,3600.0,3600.0,3600.0,3600.0,3600.0,3600.0,3600.0,3600.0,3600.0,3600.0
5f698dfcfb971d8ce9564b053490ad13,treewidth-computation-TWComp_celar09pp_N67.wcnf.xz,1.1,0.45,1.07,501.9,1.1,1.07,0.44,4.56,1.12,1.11,4.22,0.35,5.21,0.45
fdfd28eeb1435f8d431a84c50bd46dc8,SeanSafarpour-rsdecoder1_blackbox_KESblock-problem.dimacs_30.filtered.wcnf.xz,3600.0,3600.0,3600.0,2603.67,2574.49,3600.0,2149.85,3600.0,2591.71,3600.0,3600.0,3600.0,3600.0,3600.0
9895229d2fa7ea7334f00eacd62d68c8,aes-key-recovery-AES1-60-16.wcnf.xz,0.66,0.36,0.63,506.01,3600.0,0.63,5.19,8.23,3600.0,0.63,8.51,0.16,17.39,0.38
8d1350972dbdb56070b94867ac63e6f9,SeanSafarpour-rsdecoder5.dimacs.filtered.wcnf.xz,20.49,2877.41,20.48,329.76,43.71,20.9,481.22,3600.0,43.7,20.54,3600.0,345.05,344.44,2864.58
450afcc24a5ad80919308ac3d67d2e24,ramsey-ram_k3_n15.ra0.wcnf.xz,3600.0,3600.0,3600.0,3600.0,3600.0,3600.0,3600.0,3600.0,3600.0,3600.0,3600.0,3600.0,3600.0,3600.0
bae5471b668cc119e9eabc24219b63aa,inconsistency-measurement-im-sum-B-3-stb_327_100.tgf.pl.wcnf.xz,3600.0,3600.0,3600.0,3600.0,3600.0,3600.0,3600.0,3600.0,3600.0,3600.0,3600.0,3600.0,3600.0,3600.0
210e3736ffcdfa3ee917df96033f99ff,xai-mindset2-hayes-roth.wcnf.xz,649.48,6.5,649.19,623.46,1807.92,1052.29,126.86,31.84,1407.91,655.09,48.11,6.36,4.06,806.52
0d51144493ad83ecd71c4c9b4fd76eb4,uaq-uaq-rpp-nr100-nc33-n3-k2-rpp11-ppr2-plb20.wcnf.xz,47.57,10.0,47.66,49.01,41.2,47.77,314.97,34.05,41.16,47.73,42.62,46.5,35.39,39.33
6a0db8fde6fddcde9b2e5c18ad56409c,xai-mindset2-shuttleM.wcnf.xz,2987.05,1098.69,2465.76,1018.2,615.28,3030.82,617.49,963.63,611.86,2751.51,1183.6,3600.0,3600.0,1095.83
dbbb9c225921aed0d3b15e87cdfa0980,treewidth-computation-TWComp_mainuk_N48.wcnf.xz,0.96,0.24,0.96,500.7,0.98,0.96,0.2,2.37,0.96,0.99,3.32,0.21,22.52,0.24
bf5d83605bdcb72db59ff045d3110374,optic-gen_cvc-add3-carry2-gadget_399.wcnf.xz,7.85,0.4,7.83,7.03,9.35,7.85,15.63,36.39,9.34,7.85,1847.24,5.24,2.91,4.12
e15691a614714a1c2b3b4844455dd31f,vpa-UAutomizer_trex01_false-unreach-call_true-termination.i_Abstraction3.wcnf.xz,0.04,0.06,0.04,0.08,0.05,0.03,0.04,0.02,0.06,0.04,0.02,1.07,0.05,0.26
120300a787370542a9c2d6e08a91820f,optic-gen_cvc-add7to3_9999.wcnf.xz,3600.0,3600.0,3600.0,3600.0,3600.0,3600.0,3600.0,3600.0,3600.0,3600.0,3600.0,3600.0,3600.0,3600.0
9db6427cdafcca5d9912887ea53b4d20,scheduling-cnf_12.wcnf.xz,3600.0,3600.0,3600.0,3600.0,3600.0,3600.0,3600.0,3600.0,3600.0,3600.0,3600.0,3600.0,3600.0,3600.0
0fb6e184b8e88034e92d213fdac2e747,bcp-c1908_F116@1.wcnf.xz,7.92,0.02,7.92,1.56,1.55,7.92,5.79,0.09,1.52,7.97,0.1,0.02,0.09,8.1
72d7e482b627e066f9ca7ca639dc727f,routing-normalized-s4-4-3-5pb.opb.wcnf.xz,9.03,2.19,9.09,8.98,7.79,9.03,43.01,7.58,7.79,9.02,2.6,1.63,1.04,5.94
5c65278b39c0cc18319a479c847c6d70,reversi-rev66-8.wcnf.xz,606.76,19.36,606.76,651.15,1817.94,906.72,144.53,7.92,1417.92,606.77,19.01,37.51,36.15,819.18
9a223707c1e1c2751dc144cfa4755cf2,planning-bnn-sysadmin_5_4.wcnf.xz,3600.0,3600.0,3600.0,3600.0,3600.0,3600.0,3600.0,3600.0,3600.0,3600.0,3600.0,3600.0,3600.0,3600.0
624fac75e5890e3d1b2e492b420de8c6,SeanSafarpour-divider-problem.dimacs_1.filtered.wcnf.xz,2.69,585.2,2.68,91.3,1.8,2.65,93.34,2.28,1.81,2.67,86.93,15.44,15.92,576.42
0f6c0ba8e3d73e173dca61021776378c,mbd-b21_C-mbd14-0233.wcnf.xz,1864.53,44.26,1528.18,721.81,1884.46,1849.86,203.53,50.66,1541.31,1892.75,50.03,317.37,163.03,44.7
82bf390d59d19a9fb8c7f39088329116,inconsistency-measurement-im-hit-B-1-grd_3018_3_7.tgf.pl.wcnf.xz,3600.0,3600.0,3600.0,3600.0,3600.0,3600.0,3600.0,3600.0,3600.0,3600.0,3600.0,3600.0,3600.0,3600.0
7012febc25fbeb6f8c4ef01c99338587,xai-mindset2-corral.wcnf.xz,0.14,0.02,0.14,0.08,0.06,0.14,0.02,0.02,0.08,0.14,0.02,0.02,0.04,0.08
d8b4cd289680390ea5b584ed3553ed16,min-fill-MinFill_R4_miles500.wcnf.xz,3600.0,3600.0,3600.0,3600.0,3600.0,3600.0,3600.0,3600.0,3600.0,3600.0,3600.0,3600.0,3600.0,3600.0
b8f5b0a1ab9d92dd0016cd27a710a83f,aes-key-recovery-AES1-60-19.wcnf.xz,0.63,0.38,0.65,505.99,1.43,0.65,5.19,8.14,1.45,0.66,8.55,0.18,18.55,0.39
7be137b3626466aeecb646599861d57a,frb-frb40-19-2.partial.wcnf.xz,603.88,0.67,603.88,505.12,1802.29,903.83,14.96,26.13,1402.36,603.87,199.66,3600.0,52.8,800.72
adcf0f1f92a5b98cf572c0d61b0eddb4,extension-enforcement-extension-enforcement_non-strict_stb_200_0.05_2_10_2.wcnf.xz,1187.47,3600.0,3600.0,3600.0,3600.0,778.6,3600.0,3600.0,3600.0,3600.0,3600.0,3600.0,3600.0,3600.0
2a9067782d1843c1e8563e743ba9e39c,optimizing-BDDs-hypothyroid-un-wcnf_incomplete_improved_1_2019_3.wcnf.xz,3600.0,3600.0,3600.0,2456.4,3377.13,3600.0,2741.33,3195.9,3386.66,3600.0,3600.0,3600.0,3566.47,3600.0
e4788e4c1f7d8904542ecaaf32708afa,atcoss-atcoss_mesat_01.wcnf.xz,26.86,64.28,26.47,14.95,27.56,26.81,14.95,21.01,27.62,26.36,31.93,152.06,179.78,65.6
b0da2331a9040a70f081181c2ca93e3e,routing-normalized-s4-4-3-3pb.wcnf.xz,7.81,3.57,7.8,8.52,7.03,7.81,25.68,7.42,7.01,7.81,1.56,1.22,1.9,17.72
d8b6c3a91e44213554cc71f4032ae9ce,optic-gen_mult_4_6_299.wcnf.xz,3.44,4.39,3.47,25.62,17.56,3.45,1089.25,3600.0,12.12,3.44,3600.0,3600.0,3600.0,4.27
319329db93ca7f663d7fad77b25db791,reversi-rev66-32.wcnf.xz,3600.0,3600.0,3600.0,3600.0,3600.0,3600.0,3600.0,3600.0,3600.0,3600.0,3600.0,3600.0,3600.0,3600.0
c6ed373677f23a7427b530673d546e8e,kbtree-kbtree9_7_3_5_30_5.wcsp.wcnf.xz,15.61,0.95,15.58,19.71,14.44,15.54,158.35,0.23,14.42,15.56,0.51,3.48,1.71,23.07
a1efe293ab24e11399cdf1c47e95f7ab,inconsistency-measurement-im-forgetting-A-2-grd_3908_2_1.tgf.pl.wcnf.xz,3600.0,3600.0,3600.0,3600.0,3600.0,3600.0,3600.0,3600.0,3600.0,3600.0,3600.0,3600.0,3600.0,3600.0
ad8d7cb84c96af219bb60f099422b178,decision-tree-breast-cancer-un-formula_0.8_2021_atleast_127_max-6_reduced_incomplete_tree.wcnf.xz,3600.0,3600.0,3600.0,3600.0,3600.0,3600.0,3600.0,3600.0,3600.0,3600.0,3600.0,3600.0,3600.0,3600.0
0b0bd3b6de10fb23ad7d1de62942c1c2,decision-tree-kr-vs-kp-un-formula_0.8_2021_atleast_63_max-5_reduced_incomplete_tree.wcnf.xz,3600.0,3600.0,3600.0,3600.0,3600.0,3600.0,3600.0,3600.0,3600.0,3600.0,3600.0,3600.0,3600.0,3600.0
5c480a59388fb830f4214e077bae2176,aes-mul_8_14.wcnf.xz,3600.0,3600.0,3600.0,3600.0,3600.0,3600.0,3600.0,3600.0,3600.0,3600.0,3600.0,3600.0,3600.0,3600.0
ca672b5848cdfc5bda0d6618e4b60f5a,inconsistency-measurement-im-forgetting-B-3-stb_457_193.tgf.pl.wcnf.xz,3600.0,3600.0,3600.0,3600.0,3600.0,3600.0,3600.0,3600.0,3600.0,3600.0,3600.0,3600.0,3600.0,3600.0
16555debfa09c5082786f219297c4816,close_solutions-SAT11__application__jarvisalo__AAAI2010-SATPlanning__aaai10-planning-ipc5-pipesworld-27-step14.cnf.wcnf.1.wcnf.xz,6.91,3.36,6.95,2.89,33.0,6.94,2.91,9.77,33.27,6.94,3600.0,68.18,69.38,3.36
90a19552ef3f3db31c19e0e4409d3741,SeanSafarpour-fpu_fsm1-problem.dimacs_15.filtered.wcnf.xz,1.62,23.2,1.64,85.72,1.17,1.64,85.78,3.51,1.18,1.62,72.22,0.9,1.16,23.33
f7f7927817279564225d6e2b6c9db111,uaq-uaq-nr-nr230-nc76-n3-k2-rpp4-ppr2-plb50.wcnf.xz,0.74,0.89,0.74,0.88,0.7,0.74,19.0,0.7,0.71,0.75,2.14,9.5,172.09,0.98
9c416c7b96005093e47a35428283f94b,pseudoBoolean-normalized-g15x15.opb.msat.wcnf.xz,55.63,995.66,55.51,61.8,62.12,55.46,132.9,3600.0,61.97,55.51,1297.06,22.93,16.11,34.08
50e756f176885ec294c658ca626e4767,logic-synthesis-normalized-e64.b.opb.msat.wcnf.xz,2.99,0.13,3.0,2.34,2.36,3.01,33.32,3600.0,2.36,2.99,3600.0,1.58,0.63,4.32
d49e99d8ea75966cdca23e5490465788,judgment-aggregation-ja-slater-preflib-00051-00000011.wcnf.xz,3600.0,3600.0,3600.0,3600.0,3600.0,3600.0,3600.0,3600.0,3600.0,3600.0,3600.0,3600.0,3600.0,3600.0
b082626e7b817eea26d97ff028ef4d60,frb-frb30-15-2.partial.wcnf.xz,366.18,258.09,362.89,500.62,386.57,364.26,0.16,1.49,386.14,364.41,39.33,3600.0,5.8,752.43
8be550009bce3de1a5333114888efcf0,extension-enforcement-extension-enforcement_strict_com_200_0.1_0_10_1.wcnf.xz,2.33,2.63,2.28,25.57,16.08,2.3,154.78,25.12,16.09,2.28,6.7,1183.04,1400.05,2.7
9a7056ec2c850d9e60f7868b6466d3e4,optimizing-BDDs-australian-credit-un-wcnf_incomplete_improved_1_2019_5.wcnf.xz,3600.0,3600.0,3600.0,3600.0,3600.0,3600.0,3600.0,3600.0,3600.0,3600.0,3600.0,3600.0,3600.0,3600.0
60ab304cd797cb253a1d1f861ea35aad,uaq-uaq-rpp-nr100-nc33-n3-k2-rpp17-ppr2-plb20.wcnf.xz,133.56,42.94,134.92,121.14,167.38,134.35,315.18,510.23,165.55,135.2,75.38,100.97,71.55,124.41
ee1004294b39308678f4be8ad146d4af,logic-synthesis-normalized-alu4.b.opb.msat.wcnf.xz,1.76,3600.0,1.76,1.14,0.98,1.76,3600.0,3600.0,0.97,1.75,3600.0,3600.0,3600.0,2.18
60d7d2f1802d7a71acfe790ac6cccf16,vpa-UAutomizer_ll_search-alloca_true-termination.c.i_Abstraction1.wcnf.xz,0.04,0.03,0.04,0.04,0.01,0.04,0.02,0.01,0.01,0.04,0.01,0.03,0.02,0.14
1a04267c8118371c53ab08799640fca0,close_solutions-SAT_RACE08__cnf__ibm-2004-01-k90.cnf.wcnf.10.wcnf.xz,0.51,0.68,0.51,518.55,3.31,0.51,17.58,0.77,3.33,0.5,1.64,37.14,277.16,0.68
3d6d56ba4628ec2664370413aa6208a4,biorepair-Stat_vs_Exp_142_12.lp.sm-extracted.wcnf.xz,4.48,6.47,4.44,21.33,3.55,4.47,21.64,3.73,3.52,4.46,3.71,0.51,8.51,6.59
503c2085a0bc3e7ca53a1e1cd4736301,tpr-b21-s_PathRelaxation_FS_4.wcnf.xz,23.37,0.38,23.34,67.53,57.5,23.32,65.64,0.7,57.6,23.35,4.39,11.17,6.26,59.22
212b7b876f89a2d32cc979df374336eb,fault-diagnosis-s38584_nan_explicit_34_0.wcnf.xz,36.61,19.88,36.52,541.47,41.72,37.18,573.9,37.71,41.46,37.41,319.54,78.79,81.63,19.92
70812aa8849ca7725eb677c858bec5bd,min-fill-MinFill_R0_myciel5.wcnf.xz,781.11,3600.0,794.92,1657.1,3600.0,1105.96,1448.72,3600.0,3600.0,784.17,3600.0,3600.0,3600.0,3600.0
6b77285052fb29342daa6d99abc384ce,aes-sbox_4.wcnf.xz,0.71,9.95,0.71,0.56,0.57,0.71,7.5,0.36,0.55,0.72,5.96,0.66,0.18,0.4
ce51210ccbd63066caefd379917e713b,planning-bnn-cellda_x_12.wcnf.xz,2605.3,975.74,2110.89,1052.99,1013.76,836.26,1051.29,633.04,1011.32,2418.97,896.18,455.61,451.76,961.08
7650fa0aa561d4f343ff5aabdd0f2609,biorepair-Stat_vs_Exp_72_12.lp.sm-extracted.wcnf.xz,3.8,8.02,3.77,28.53,3.87,3.79,28.61,3.82,3.9,3.79,3.98,0.49,8.4,8.24
b8542ec3b52828541e8d3af53118897c,extension-enforcement-extension-enforcement_non-strict_stb_150_0.05_2_8_3.wcnf.xz,585.31,3600.0,587.01,3600.0,924.66,586.34,3600.0,1667.99,916.12,581.52,798.54,3600.0,3600.0,3600.0
d68f9f5579752903784874841f4f09bf,mbd-b21_C-mbd14-0230.wcnf.xz,897.04,1.3,724.29,644.45,1804.14,1065.59,118.56,3.5,1402.42,817.61,5.36,9.24,10.06,1.33
60920f79c25b57c6b6ab3a3228c49891,CircuitDebuggingProblems-spi-debug.dimacs.wcnf.xz,7.41,3600.0,7.43,100.01,12.64,7.51,101.86,44.14,12.4,7.46,26.73,3.48,3.48,3600.0
1414fe98a474eeefd5ba7dd293dbcffd,MaxSATQueriesinInterpretableClassifiers-twitter_train_2_CNF_4_1.wcnf.xz,3600.0,3600.0,3600.0,3600.0,3600.0,3600.0,3600.0,3600.0,3600.0,3600.0,3600.0,3600.0,3600.0,3600.0
c43c4a2bbb266f4015cfcc5cc83658bd,mqc-10tree802p.wcnf.xz,600.26,0.25,600.24,504.01,1800.26,900.26,8.75,0.18,1400.26,600.26,0.22,0.17,0.5,801.19
db1fb36fbfa58f58ce66693987e23ed8,uaq-uaq-rpp-nr100-nc33-n3-k2-rpp8-ppr2-plb20.wcnf.xz,11.96,5.9,11.96,11.68,11.44,11.93,200.86,3600.0,11.41,11.95,10.38,20.11,21.52,10.64
af659775b991353ffa70f42f9283dd70,close_solutions-SAT07__industrial__vliw_sat_4.0__9vliw_m_9stages_iq3_C1_bug6.cnf.wcnf.1.wcnf.xz,24.16,28.06,24.19,183.87,65.83,24.14,181.87,22.78,65.91,24.39,3600.0,3.6,3.59,28.42
b4a79ea7a20545f80731d70dbaff29e2,MaxSATQueriesinInterpretableClassifiers-wdbc_test_6_CNF_2_1.wcnf.xz,0.02,0.01,0.02,0.02,0.02,0.02,0.02,0.02,0.02,0.02,0.02,0.02,0.02,0.03
e3ff5114a39b89d9216d8101056d76d6,judgment-aggregation-ja-maxham-preflib-00049-00000253.wcnf.xz,1623.82,1520.94,2216.98,2095.8,2899.12,2862.33,1441.24,567.39,2496.68,1681.56,754.02,739.37,1242.66,1533.71
c7112847fec7e1d3beba3e2af1762504,program-disambiguation-Q46_YESNO_2.wcnf.xz,4.56,1.11,4.56,5.76,4.63,4.59,5.77,10.59,4.61,4.59,25.81,26.3,25.78,1.1
369c424a2166ffeabedc28a1c197dc03,ConsistentQueryAnswering-synthetic-14.wcnf.xz,0.06,0.05,0.06,0.25,0.13,0.06,0.08,0.03,0.15,0.05,0.03,14.82,0.03,0.24
f6c94e15ab52ec13b4a3ff64a095fac2,atcoss-atcoss_mesat_02.wcnf.xz,3600.0,3600.0,3600.0,3600.0,3600.0,3600.0,3600.0,3600.0,3600.0,3600.0,3600.0,3600.0,3600.0,3600.0
931a9bae826890091144f2cd5ff39652,gen-hyper-tw-GenHyperTW_s208.wcnf.xz,3600.0,3600.0,3600.0,3600.0,3600.0,3600.0,3600.0,3600.0,3600.0,3600.0,3600.0,3600.0,3600.0,3600.0
0fd71f6cd733eaea64b6eece710cca96,optic-gen_mult_3_5_399.wcnf.xz,7.1,3600.0,7.1,5.73,6.99,7.09,493.04,3600.0,6.98,7.11,3600.0,3600.0,3600.0,6.34
c7a6d4b060c99b8668c9fb2687b7a4a2,inconsistency-measurement-im-contension-C-1-grd_3018_3_7.tgf.pl.wcnf.xz,3600.0,3600.0,3600.0,3600.0,3600.0,3600.0,3600.0,3600.0,3600.0,3600.0,3600.0,3600.0,3600.0,3600.0
bdd36a949d171f10999292284f90df6e,mqc-10tree705posib.wcnf.xz,109.51,0.16,109.21,235.27,279.02,109.02,7.38,0.23,276.58,109.37,0.45,0.54,0.34,366.48
ab93571078ca18ea61b2815a66a0274f,judgment-aggregation-ja-slater-preflib-00049-00000451.wcnf.xz,3600.0,3600.0,3600.0,3600.0,3600.0,3600.0,3600.0,3600.0,3600.0,3600.0,3600.0,3600.0,3600.0,3600.0
ca666dcd94f28f968734486b8a718ed8,routing-normalized-s4-4-3-4pb.wcnf.xz,11.59,1.67,11.58,10.84,10.92,11.58,63.9,1.17,10.98,11.56,2.92,0.4,0.56,10.2
10f0ee02bfa3ccb6d21b983fa013a977,ConsistentQueryAnswering-synthetic-3.wcnf.xz,0.04,0.04,0.05,0.13,0.1,0.04,0.07,0.03,0.1,0.05,0.03,8.29,0.04,0.12
ea5023d2bb35b0f372381e4123e88357,xai-mindset2-irish.wcnf.xz,0.05,0.03,0.06,0.18,0.03,0.06,0.05,0.04,0.04,0.05,0.04,0.01,0.03,0.27
74b98a46f557c47b09ed209a7b2ac239,program-disambiguation-Q42_OPTIONS_1.wcnf.xz,173.08,675.44,172.97,235.97,155.02,171.95,234.99,134.23,155.56,172.15,221.23,1925.19,1862.01,672.04
7f15282db7b5f2ec78c1bb944cc3bcaf,kbtree-kbtree9_7_3_5_80_1.wcsp.wcnf.xz,13.88,3600.0,13.86,15.05,25.69,13.83,505.38,23.45,25.72,13.86,8.88,3600.0,2232.05,15.47
8fd955a83770c2e549ad8529fd718624,drmx-cryptogen-wolfram80_7.wcnf.xz,611.43,2.26,611.49,505.05,1828.08,911.53,5.43,2.53,1429.66,611.42,6.2,3600.0,26.5,2.25
f4765be8212af8f83a4498816ab446b4,SeanSafarpour-i2c_master2.dimacs.filtered.wcnf.xz,0.52,2280.06,0.51,124.01,0.64,0.54,126.95,23.36,0.64,0.52,10.25,0.25,0.38,2290.14
cf577e597f06838dec93b8397ebbadec,program-disambiguation-Q9_YESNO_2.wcnf.xz,2.27,0.53,2.28,0.78,5.62,2.29,0.77,4.97,5.6,2.27,9.69,0.36,12.26,0.54
9673fc8dda0ebb86b60cf5cee50e859a,gen-hyper-tw-GenHyperTW_pret60_25.wcnf.xz,3600.0,3600.0,3600.0,3600.0,3600.0,3600.0,3600.0,3600.0,3600.0,3600.0,3600.0,3600.0,3600.0,3600.0
e41d272c172b70be08c020989037a2c9,aes-key-recovery-AES1-40-6.wcnf.xz,0.63,0.71,0.62,505.99,1.4,0.63,5.29,8.41,1.37,0.62,8.85,0.12,18.09,0.72
