hash,Aperture-GBG,Aperture-IBI,Aperture-KBG,BouMS-CaDiCaL,BouMS,CPMpy_HiGHS,CPMpy_ORTools,DeepDist-c,HWS,Loandra,NuWLS-c-2026-UB,NuWLS-c-2026,PASMaxSAT-c,PRINTEMPS,PX-TT-Open-WBO-Inc,Rustimax-c,Rustimax-r,SGAT-NuWLS-c
012afb3a2a741d212cdfe35609cc25d2,6,6,6,6,6,6,6,6,6,6,6,6,6,11,6,6,6,6
02b954e56938c609faed7744eb907854,6,11,4,75,76,no-sol,63,131,89,80,127,8,107,no-sol,7,150,150,128
03a7a9705731681707c028c9234394de,30,30,30,90,no-sol,no-sol,no-sol,30,no-sol,30,30,30,30,no-sol,30,300,100,30
0407c9a31122adb16306950d1f326ee5,60,60,60,60,60,84,96,160,60,60,60,60,60,80,60,80,80,60
0643c3f6fdfd444bc3861085924ee65b,237,239,231,225,228,no-sol,214,241,221,225,239,238,232,1411,incorrect,230,230,237
06dbf935ded3e22a0a6ecab934dd7e53,24,24,24,24,24,53,24,24,24,24,24,24,24,26,24,24,24,24
0a809976dc20be430529aef0713b6cf3,10,10,10,10,10,10,10,10,10,10,10,10,10,10,10,10,10,10
0b0bd3b6de10fb23ad7d1de62942c1c2,630,137,364,625,811,no-sol,no-sol,120,625,137,140,119,147,no-sol,145,822,822,352
0daa3ef64a8653427d70c92d04c7e85d,42,42,42,42,42,42,55,80,42,42,42,42,42,48,42,48,48,42
1138c3481b5bea8d51cb8c29e9d9e271,28,28,30,35,38,no-sol,28,28,41,28,28,28,28,no-sol,28,no-sol,no-sol,28
120300a787370542a9c2d6e08a91820f,193,193,194,191,191,199,198,193,190,193,194,194,192,205,incorrect,211,211,194
172962b9b9e8b59232b58b3f29b9278d,56,56,42,42,56,no-sol,106,56,62,54,42,42,62,518,42,166,166,42
17650b602fa831b593b6ce240818722a,71,67,67,73,67,no-sol,94,67,74,67,67,67,67,337,67,88,84,67
1917b1f8c00d6dd4e3ebaa9f278bad5a,5,3,8,22,21,21,15,5,20,6,5,4,10,no-sol,4,26,26,10
1b91445885ea8f7115f18c6a80bb4621,112,112,110,152,152,135,112,112,153,112,109,112,112,no-sol,112,193,193,112
21ba6a6fb7ecd8412e75f17f2711030d,16,16,no-sol,16,16,19001,no-sol,16,16,16,17,23,17,no-sol,incorrect,144,22,17
2228134d6a12f837aaf01e947cf3a9b7,622,638,641,591,628,2728,2295,604,645,555,601,629,618,no-sol,incorrect,702,806,633
27da8394333463ba14139cc7fc404b20,76,77,76,78,78,100,no-sol,75,79,75,75,75,75,no-sol,76,81,80,75
2a9067782d1843c1e8563e743ba9e39c,62,62,62,62,62,2924,no-sol,62,62,no-sol,62,62,62,no-sol,62,no-sol,no-sol,62
2b082a50a27143c1ae9600ba648a9e82,78,86,84,82,79,357,169,86,77,69,87,81,83,no-sol,83,73,73,73
2b94d00499c1d2a892ec1c37d4ade1e2,32,32,35,29,29,160,52,42,31,27,42,39,31,no-sol,46,33,33,28
2cb3d726bc1c2ba1ce5c1e6403f2a1ba,8,7,8,7,7,16,no-sol,8,6,10,9,8,8,no-sol,8,7,7,8
2d1d2bee37b41a222185200004006cdc,313,313,313,313,313,322,315,313,313,316,313,313,313,344,313,313,313,313
302e402dcf89ce0cfd646a4895440d7e,314,304,296,290,292,no-sol,no-sol,420,290,292,300,426,298,no-sol,incorrect,447,573,300
3259c64e1c75e1e4b11e2c5f23b15906,77,77,77,77,77,77,77,77,77,77,77,77,77,88,77,77,77,77
32a25787e8b4ec9cbdcc9d06bc1ea53c,13,13,14,12,12,18,17,13,11,13,13,13,12,no-sol,14,13,13,13
3691e4535a302dfe9ad1ea4697cd12f2,no-sol,92,no-sol,94,94,274,112,no-sol,92,94,no-sol,no-sol,no-sol,no-sol,no-sol,104,106,no-sol
38753c1a62e0be2d25c69358042f95c8,1593,1835,1811,1950,1990,no-sol,no-sol,1660,1771,2474,1574,1574,1772,no-sol,1788,no-sol,no-sol,1574
38a78b87e53c46614f478b00dd29f205,92995,89720,96155,81944,81439,no-sol,no-sol,113618,81609,81502,90371,82756,82212,no-sol,86376,91868,91868,90371
399ab65c381322b07e3a427f749ad96d,no-sol,99,no-sol,101,101,441,129,no-sol,99,101,99,no-sol,no-sol,no-sol,incorrect,147,131,no-sol
3b06f5a1b3d4d167f75b72098447e581,76,76,76,78,80,no-sol,no-sol,76,77,76,76,76,76,no-sol,77,82,77,76
3c08f86d04f344a22d45b57be20c12cd,414,414,414,441,no-sol,1037,no-sol,414,no-sol,497,414,414,414,no-sol,414,no-sol,no-sol,414
3ce2ad2baf51c163c1235badd2ba3051,584,588,602,585,584,7898,no-sol,607,583,588,583,583,589,no-sol,593,616,616,583
3de63be254f99881b29fd121062ca098,166,166,166,164,160,no-sol,206,164,164,no-sol,160,160,160,518,incorrect,166,166,160
3f0d3d2162d55631263f7eab917953de,405,405,405,405,405,413,419,405,405,408,405,405,405,436,405,405,405,405
3f76bbc488df9163fa0c50c67f0d2b67,215,213,215,211,211,1032,329,299,207,219,215,291,215,no-sol,incorrect,275,296,211
3fc9af170b9d5adb0d35e99318434462,958,959,951,965,1002,1266,1003,963,979,960,953,976,947,no-sol,997,1014,1014,975
400aa60b8e5c7ebc0b79b8e25eb68b54,60,58,59,65,65,65,57,61,60,57,58,60,60,399,59,64,72,61
4392dc7bd34797a63a40cc90f7adb969,no-sol,49,no-sol,49,49,50,50,no-sol,49,no-sol,no-sol,no-sol,no-sol,no-sol,49,51,51,no-sol
439ac6e6a8cadd20d7f5fc6194ee5430,94,94,94,128,no-sol,no-sol,95,no-sol,no-sol,no-sol,no-sol,no-sol,no-sol,no-sol,94,95,98,no-sol
43c1687705d10747da749c92ceb403b3,49,49,49,52,53,50,45,51,50,46,52,48,47,353,48,54,65,48
4684d9d7f02e785f74df95e42749c9df,39,39,39,39,39,42,39,39,39,39,39,39,39,39,39,39,39,39
46ad7203939c4b674403814a09f0a959,75,85,39,3895,36,no-sol,no-sol,37,32,no-sol,no-sol,no-sol,68,no-sol,41,1029,162,46
4adad251321250a5ec6cb1a92a0dd0ed,48,46,50,51,52,51,45,46,50,45,48,45,49,263,47,61,61,48
4c1825b8c1d8e91362332a82456658ea,25464,25472,25467,25442,25452,no-sol,25613,26131,25452,25450,25454,25454,25478,26670,25443,25562,25562,25450
4d1e07ae297d5d59d64349f0fdd6ba95,11,10,11,10,10,18,15,11,9,10,11,10,10,no-sol,11,11,11,12
4ec3c6ebf089414b45661256b618f537,16,11,11,12,13,19,11,15,11,13,13,12,12,190,12,21,21,14
5088bcc87aabb0ba3438ee2c0aa9ba83,55,55,55,55,55,60,55,55,55,55,55,55,55,no-sol,55,56,56,55
509edfdc72ec1f3d51693c14847a50f5,272,274,272,264,270,1423,no-sol,390,266,276,270,402,278,no-sol,incorrect,422,525,290
510033a43e2ec31c42413501f2c3f47b,no-sol,2,no-sol,3,3,115,no-sol,no-sol,2,2,2,2,2,30,2,12,12,2
5196bb14d67ab831a75966914fc8a8dc,188,578,302,180,176,no-sol,no-sol,199,178,173,180,158,180,no-sol,304,151,151,158
51a56b1c8107453da4a79a4644c5b050,19,19,19,34,no-sol,26,19,19,no-sol,19,19,19,19,no-sol,19,19,26,19
51b87e0420942af5ba76041dd20a3929,82086,82101,82098,82010,82021,no-sol,no-sol,82631,82023,no-sol,82091,82091,82081,no-sol,82472,no-sol,no-sol,82091
534775ad5f8fa38e7e7516bef0d9344d,156,156,156,156,156,156,163,156,156,156,156,156,156,166,156,156,156,156
534ea2affc4c3e850f0bacdd08c15d28,75,75,no-sol,79,77,100,no-sol,no-sol,78,no-sol,no-sol,no-sol,no-sol,no-sol,75,79,77,no-sol
53c6c8c94f7aee20f6b8b945cf4e6199,77,77,77,80,80,100,no-sol,77,81,77,77,77,77,no-sol,78,83,79,77
55221f1b398315680c72dee80543e78a,561,364,421,574,240,580,159,159,811,159,670,207,159,no-sol,incorrect,626,946,207
55c6173815781ffbb5a668ae3d5d5ae2,51539,51536,52771,49434,49131,no-sol,62591,52080,50881,no-sol,50058,49531,50513,no-sol,incorrect,55224,55224,50732
59559288dcd75b558b19c4a8ec52b3ce,297,291,289,277,279,1478,no-sol,418,275,285,295,421,297,no-sol,incorrect,433,458,283
5afd8afac94ccb448379fa185a615c4c,35,35,35,35,35,41,35,35,35,35,35,35,35,no-sol,36,35,35,35
5b7d05d77ab7ad9521346264fc45d4fb,318,318,318,318,318,322,330,318,318,319,318,318,318,321,318,318,318,318
5d0e5a114f526a8b1a565ae76398bbe4,238,242,248,234,234,no-sol,372,316,232,240,234,318,242,no-sol,incorrect,346,340,236
5d52d65c2811cffad7ff845745a6844b,263,251,208,7965,no-sol,no-sol,no-sol,233,no-sol,1270,312,270,303,no-sol,151,18170,12983,225
5ded123610661de4e657c4dfd214c22a,no-sol,no-sol,no-sol,20,20,2202,no-sol,no-sol,20,20,no-sol,no-sol,no-sol,no-sol,no-sol,no-sol,no-sol,no-sol
605c867700ec9853dcf2c33c0153543e,386,390,371,364,364,1001,no-sol,364,364,370,370,370,364,no-sol,364,375,375,364
60cdddce0a640259c1a835f85052481b,376,383,375,381,382,377,359,370,383,379,367,374,369,660,incorrect,392,392,370
60dee53cba5fb6aad260c1a5d6391334,no-sol,108,108,110,110,317,154,108,109,110,108,108,108,no-sol,incorrect,127,129,108
61af0a80e7733b5ab22ec54874a4b166,76,76,76,200,196,no-sol,no-sol,76,148,200,76,76,76,no-sol,76,186,186,76
622bdc206b19cb94adb4269beab2ed58,97,100,108,2173,no-sol,no-sol,no-sol,99,no-sol,102,171,98,99,no-sol,895,no-sol,351,99
635fdaf2ec05b6d2b573abfd5e35c77a,269,269,269,269,269,273,272,269,269,269,269,269,269,316,incorrect,269,269,269
63a88bdd227250b8109010be87cc5837,100,100,100,200,184,no-sol,no-sol,100,incorrect,200,100,100,100,no-sol,100,195,195,100
65dda321dcff4949a0ee405581a63867,no-sol,74,no-sol,78,77,88,75,no-sol,77,no-sol,no-sol,no-sol,no-sol,92,74,no-sol,78,no-sol
69113864adaa8d21a69b6bee48311da1,22,22,22,22,22,13705,no-sol,22,22,22,22,45,22,no-sol,incorrect,147,161,22
6a0db8fde6fddcde9b2e5c18ad56409c,142,143,147,367,178,no-sol,no-sol,148,181,955,146,146,147,no-sol,incorrect,no-sol,131,150
6ca66e973575d59bc4af51925d82541a,no-sol,no-sol,no-sol,9,no-sol,no-sol,no-sol,no-sol,no-sol,no-sol,no-sol,no-sol,no-sol,no-sol,no-sol,no-sol,no-sol,no-sol
6e9a32e782c18c058c158f5cc335e372,79,95,105,191,204,218,no-sol,89,218,93,78,75,118,no-sol,80,230,230,70
6f879024c5e1685d51ccea5368c7744c,7,7,7,7,7,18,22,7,7,7,7,7,7,no-sol,7,7,7,7
71db7ec1e61d2d357518dc0317b47c9a,4,4,4,4,4,no-sol,4,4,4,4,4,4,4,4,4,4,4,4
763ab60027dbc7c8aa7a80d8e55bb7a8,no-sol,48,no-sol,48,48,52,48,no-sol,48,no-sol,no-sol,no-sol,no-sol,63,48,49,49,no-sol
765a4eccaab5e07211c422613a8a3269,no-sol,no-sol,no-sol,21,21,7948,no-sol,no-sol,21,21,no-sol,27,no-sol,no-sol,no-sol,no-sol,no-sol,21
76f95f6c1067bfc3601c6e5e6e4b10a4,42,42,42,47,47,99,54,42,47,42,42,42,42,no-sol,42,47,49,42
7a2cc7c602232989261713f072d9ce34,233,235,233,229,229,1077,379,331,227,229,233,317,233,no-sol,incorrect,295,315,235
8237deb50fe5a1511495686dfc407a8a,55,54,54,55,55,59,55,54,55,54,55,55,54,no-sol,55,58,58,55
8290f2194d63171fb4c77fa609e5fe36,75,76,75,78,79,90,76,75,78,75,75,75,75,93,76,80,81,75
838ae4d3694782ea608dc243073b5921,300,302,301,313,314,1133,no-sol,307,278,317,288,287,292,420,291,313,313,288
83ffbbe9e6f8bc3a23eb071f3fb3f750,633,638,621,593,609,no-sol,no-sol,634,614,624,640,801,622,no-sol,620,619,619,654
84ae3dd7eecd026d0c06c75655d5ea94,15,9,9,8,9,20,no-sol,10,8,11,11,11,9,no-sol,14,12,12,11
84bc55578b430c5e1c1803e0a2807bcc,98,98,98,137,no-sol,no-sol,101,no-sol,no-sol,99,98,no-sol,no-sol,no-sol,99,99,102,no-sol
88a7c40956ba55b28f84471577bfc5a4,284,304,290,287,296,843,299,276,300,267,288,289,272,no-sol,incorrect,337,337,273
89f7dc8a3180427955297ee486c1c9a3,9451,9449,9452,9447,9447,no-sol,9460,9904,9447,9448,9448,9448,9449,9574,9447,9452,9452,9448
8af0900b16101e7c94522c646810af50,31,30,33,33,34,309,no-sol,31,33,31,31,32,29,118,33,51,51,33
8b7ebf46d61eb776617c3e936beaa052,no-sol,no-sol,no-sol,46,47,50,47,no-sol,47,no-sol,no-sol,no-sol,no-sol,56,no-sol,no-sol,48,no-sol
8bec75e791e0e2848345dc7e8930e04a,no-sol,no-sol,no-sol,93,no-sol,no-sol,no-sol,no-sol,no-sol,91,no-sol,no-sol,no-sol,no-sol,no-sol,no-sol,no-sol,no-sol
8cf95430e782c88748e481e8f55bb04d,75,75,75,78,77,99,no-sol,75,78,75,75,75,75,no-sol,75,75,80,75
8d3c38ed46747150c3c02bce8218e3b4,633,633,633,617,617,653,645,652,617,637,633,633,633,650,617,665,663,617
8e1a34408598a551034c64197df6cbba,74082,74069,74080,73907,73909,no-sol,75986,80620,73906,73910,73916,73916,73974,75405,73921,75042,75042,73909
8e7208ff4ec100e231c2eafa0c3bdc7d,174,153,154,156,143,no-sol,no-sol,145,125,138,175,161,160,no-sol,152,208,no-sol,169
8ffac9b06480be645c4a982ff36aa37c,470,465,467,603,544,no-sol,no-sol,460,526,532,461,463,436,no-sol,incorrect,477,496,484
93873c270ba9aadd56334c498b189c82,94,177,134,90,92,no-sol,no-sol,106,90,104,110,106,106,no-sol,148,90,90,94
957a119351606c4561d680738c36bab9,1677,1657,1647,1641,1654,2128,1765,1664,1662,1677,1658,1681,1677,no-sol,1686,1708,1708,1645
97e8f080547ee6fcb9f04f8c4f181e82,11,11,11,22,no-sol,19,11,11,no-sol,11,11,11,11,no-sol,11,22,22,11
9915020dda680405c1fb1124edf9e2bc,2077,2077,2077,2076,2076,6959,2444,2915,2076,2077,2077,2077,2076,2529,incorrect,2534,2534,2077
9a223707c1e1c2751dc144cfa4755cf2,3,6,7,9,no-sol,no-sol,no-sol,6,no-sol,3,7,5,6,no-sol,6,11,7,6
9a7056ec2c850d9e60f7868b6466d3e4,81,81,80,82,83,357,85,83,76,70,79,81,84,no-sol,79,75,75,79
9d381b1b4cbac1193ca834a96f5c1300,286,274,284,270,270,1405,no-sol,407,270,276,272,393,282,no-sol,incorrect,439,413,280
9db6427cdafcca5d9912887ea53b4d20,61,62,61,93,104,no-sol,78,62,105,64,61,61,61,no-sol,61,62,89,61
9db7d991a994fb5b29656af778588e23,127,127,127,129,129,288,195,126,127,137,127,126,127,no-sol,incorrect,151,150,127
9df8d445ca8ad9442542c09166d0164b,7,7,7,7,7,7,7,7,7,7,7,7,7,7,7,7,7,7
a00c8def0d44a78576b7fe42d623e61e,95,96,95,115,no-sol,no-sol,99,97,no-sol,95,95,97,97,no-sol,96,96,99,97
a0f00d71a8fea3f7276ff26dfc3e261e,75,76,75,78,78,87,75,75,78,75,75,75,75,92,75,78,79,75
a1efe293ab24e11399cdf1c47e95f7ab,763,775,760,729,750,no-sol,no-sol,769,756,759,781,931,745,no-sol,779,760,760,781
a2a50efc1491d914bd34f761f4376b07,73,73,73,76,77,85,74,73,76,73,73,73,no-sol,90,73,76,77,73
a4aabe63e54c16d4bcd0c48f26fa9266,51,58,52,152,133,193,no-sol,58,193,58,51,42,37,no-sol,51,305,305,58
a5ca62b61a0f1255764b0e99e9b1a503,171,163,170,189,193,no-sol,291,152,179,146,137,140,151,no-sol,incorrect,202,227,151
a70e7667417e6269ce3ffd3c8bc876c8,129,129,129,257,191,no-sol,no-sol,129,220,260,129,129,129,no-sol,129,191,191,129
a77398a4170fc00d1ddc33bc52342e56,no-sol,19,no-sol,18,18,12846,no-sol,no-sol,18,18,no-sol,32,no-sol,no-sol,incorrect,no-sol,45,no-sol
a933fe92b3bfd0bef43497c93fe606ed,56,56,57,57,57,60,56,56,57,56,57,57,57,no-sol,57,58,58,56
a949988fbd605b8c710eea70750638e2,198,198,198,198,198,202,198,203,198,198,198,198,198,203,198,207,208,198
aa44a88ca5584789be76abf1c591773b,31,38,31,50,48,46,42,38,54,38,38,38,29,no-sol,38,54,54,32
b01390018860fad322577eb0b24daedf,no-sol,26,no-sol,26,26,4565,no-sol,no-sol,26,no-sol,no-sol,32,no-sol,no-sol,no-sol,no-sol,no-sol,no-sol
b283e1fc3ddbea15bb5e9676003fc2b7,7904,7904,7904,7902,7902,9665,7904,8216,7902,7902,7903,7903,7903,8005,7903,7905,7905,7902
b32a560a8c00419c67ff9fda2c0e690f,78,78,78,82,81,100,no-sol,78,81,78,78,79,78,no-sol,80,82,83,78
b4794d123e18a908924d3d33cdeeae3b,62,62,62,62,62,65,63,63,62,63,62,62,63,91,incorrect,62,62,63
b4bb2eb13dc4571d89a2a844ee8f9e65,251,241,233,237,237,no-sol,375,340,235,236,237,338,241,no-sol,incorrect,334,357,239
b76a5b69038c00c21ba6809c9784aacb,653,647,628,613,619,18829,no-sol,652,619,635,659,747,625,no-sol,incorrect,631,631,655
b970999312446f1a896448e722884a43,58,24,27,131,111,no-sol,no-sol,59,76,90,54,71,62,no-sol,133,46,46,24
ba26ccedc86b20a2b1b1f5d4b9f996ce,246,247,247,243,243,1291,no-sol,353,243,249,249,349,253,no-sol,incorrect,359,357,249
baf9cf02a19078d4bfed7e27ba4e4ceb,3,3,3,9,no-sol,no-sol,no-sol,3,no-sol,3,3,3,3,no-sol,5,7,7,3
bb65a80bd0db6b832fb26a2b6869477d,117,117,117,119,119,563,160,117,117,125,117,117,117,no-sol,incorrect,147,171,117
bb9e9ef15bc3045aebf41d5735aa5669,247,245,245,239,241,1201,372,359,239,249,249,337,239,no-sol,incorrect,343,369,251
bcef465c8a0412e975a0fa7f15a81228,285,285,284,283,283,319,300,285,283,284,285,285,285,342,incorrect,286,286,287
bf04d9a41417b633a9f5ea465b398620,no-sol,no-sol,no-sol,19,19,758,22,no-sol,19,19,no-sol,no-sol,no-sol,no-sol,19,20,19,no-sol
bf844b16264d91c15940f145bc2ff0dc,168,168,168,173,172,825,257,236,172,180,174,231,168,no-sol,168,210,218,170
c102bbdc89bcb315ae9cb57d96403b90,50,54,50,765,no-sol,no-sol,no-sol,51,no-sol,50,50,50,50,no-sol,191,94,142,50
c11072a5d2c67cb65c5c3abade10277f,57280,57857,57767,53010,53351,65261,56853,58296,54837,no-sol,55422,54630,54303,no-sol,incorrect,58670,58892,55659
c33e1af392b096b94bf6184dc7119de0,145,145,145,146,146,145,145,145,145,145,145,145,145,no-sol,incorrect,152,155,145
c422714e58041f77d1a1b80bb6ec77d6,11,11,11,12,11,19,11,11,11,11,11,11,11,74,11,12,12,11
c441a685a5e25f3dd28b0d6b65e9f0cd,4257,4253,4223,4264,4306,5213,no-sol,4254,4407,4295,4252,4181,4174,no-sol,4341,4437,4437,4310
c5bccb71ab9c7ebff1a41c301af70534,162,164,162,168,168,771,233,238,166,176,162,238,162,no-sol,incorrect,222,208,162
c8189d4c3dbe788f636223e93604df18,95,95,95,131,no-sol,no-sol,98,95,no-sol,95,95,95,95,no-sol,95,96,100,95
ca672b5848cdfc5bda0d6618e4b60f5a,57,56,57,72,71,68,57,57,66,55,56,57,57,524,59,75,80,56
caf08377b941adf9a0aa73622f925d27,146,150,138,240,249,no-sol,498,586,625,150,311,899,146,no-sol,incorrect,822,822,899
ce0c8e73080b230c99bcb093fbc68252,50,50,50,90,no-sol,no-sol,62,50,no-sol,50,50,50,50,no-sol,50,300,299,50
ce95e47007f19f04014da8218acaed92,24,24,24,24,24,6974,no-sol,24,24,24,24,24,24,no-sol,24,93,74,24
cf864e2fdefdf69da501c22904df63a2,no-sol,no-sol,no-sol,9,no-sol,no-sol,no-sol,no-sol,no-sol,no-sol,no-sol,no-sol,no-sol,no-sol,no-sol,7,6,no-sol
cfccbc4b1c707e54e6079ac274241296,1569,1588,1750,1530,1843,no-sol,no-sol,1783,1696,1919,1609,1769,1553,no-sol,1783,2138,2138,1702
d110af1e184e4ef8ead58698fa98baa5,247,251,243,239,237,1227,no-sol,355,237,245,263,343,243,no-sol,incorrect,337,345,245
d755da1f45e4af7c33f4a85fe479a519,347,331,347,323,325,1757,no-sol,485,325,331,339,491,341,no-sol,incorrect,529,507,331
d8b4cd289680390ea5b584ed3553ed16,407,427,392,554,746,3021,no-sol,372,637,578,394,386,388,no-sol,458,811,894,428
daf935ca387ea14de0271ae53ee9816b,94,94,95,132,no-sol,no-sol,97,no-sol,no-sol,94,95,no-sol,no-sol,no-sol,95,no-sol,94,no-sol
dcdee872a1be29a2dfc0c720750d6280,6394,6393,6395,6393,6393,6685,6394,6716,6393,6393,6393,6393,6393,6482,6393,6393,6393,6393
de7964db25426a7a4c3229c6aad56b2e,no-sol,208,no-sol,208,no-sol,no-sol,208,no-sol,no-sol,no-sol,no-sol,no-sol,no-sol,no-sol,208,no-sol,208,no-sol
e08aa87220cd8a6eee33c9e85dc3ef94,3,3,3,18,no-sol,16,3,3,no-sol,3,3,3,3,no-sol,3,22,22,3
e107048f3b3d55f6b4bbbb486ae77b2f,193,191,197,197,197,962,301,275,195,201,203,273,201,no-sol,incorrect,251,287,197
e22d2f01951b990dd709c8f788aaad83,272,272,272,272,272,273,281,272,272,272,272,272,272,281,272,272,272,272
e261b085f69e740b24ab7cfa112d8443,153397,153365,153651,152947,152915,no-sol,no-sol,162438,152941,152920,153003,153003,153121,155078,153098,155276,155276,153003
e34c0270b6d40bcfaa886dfd8ff1ada1,551,532,515,1017,1358,2826,no-sol,576,827,479,540,485,510,no-sol,519,1032,824,571
e4868bb288ac7f7a50992e3f2cab2142,6,6,6,44,44,44,no-sol,6,40,6,6,6,6,no-sol,6,44,44,6
e66420e9d1d7487af2f89678ef5f400d,54,56,55,62,61,2859,no-sol,56,55,53,56,53,57,no-sol,56,56,56,54
ec201844251db6241957ab04e34eb646,no-sol,68,no-sol,70,68,no-sol,no-sol,no-sol,69,68,no-sol,no-sol,no-sol,no-sol,68,76,69,no-sol
ed01d859ede9764e83d98a93475a9e66,300,300,300,300,300,302,300,300,300,300,300,300,300,434,300,300,300,300
ee0b9a4e8827535f9eb42b28518629c6,49,51,53,61,60,56,48,50,55,48,50,52,50,440,51,71,63,54
f014fdbf722f4af76dd0b5af86d86bba,46,46,46,46,46,47,46,46,46,47,46,46,46,65,46,47,47,46
f025d3bd9ecdfa20c28a54d0efb814d2,276,282,318,291,291,8137,no-sol,278,273,287,281,300,294,no-sol,288,313,294,271
f0fbfa811b048d6075a9b00970108c3f,93,81,88,112,103,no-sol,98,88,120,93,88,93,93,no-sol,93,149,149,93
f10ce772048a74ecd2e41da8dd0a6d08,273,265,255,255,253,no-sol,no-sol,365,255,263,253,397,259,no-sol,incorrect,365,383,267
f23e50983d3ed156cc1c8b6a0de1c14d,61,75,79,110,110,no-sol,no-sol,85,120,92,77,86,85,no-sol,86,120,120,70
f24a38d97f04a3e4c81a638ab4cdd75f,42,43,42,46,46,100,52,42,46,43,42,42,42,no-sol,42,50,50,42
f367a7637ab0550c49f8d4d1322685e3,58,58,58,58,58,58,58,63,58,58,58,58,58,64,incorrect,67,67,58
f59ba8e11a51c0567188d0ddfcf2370c,102,98,102,200,189,no-sol,no-sol,102,incorrect,200,102,102,102,no-sol,98,132,132,102
f6b1ac2b4f9e49f03a20f056eb5929fc,185965,186042,186652,185520,185458,no-sol,no-sol,195678,185472,no-sol,185567,185567,185641,no-sol,185626,187906,187906,185567
f980ce9d0885185589a767b556970122,116700,116724,116740,116357,116348,no-sol,no-sol,124882,116362,116362,116392,116392,116459,118205,116413,118287,118287,116399
f9ee2d20614281972550c70dfd7e0ee5,50,51,54,99,102,no-sol,103,50,108,56,50,49,50,no-sol,49,97,74,50
fa7e6a3895c51454ecbf95afa8c5ff94,336,336,336,336,336,348,340,346,336,338,336,336,336,346,incorrect,357,357,336
fb6087e197e4f1aaa99d5a5afb69c575,no-sol,98,no-sol,99,98,255,138,98,98,104,98,98,no-sol,no-sol,98,118,119,no-sol
