hash,Aperture-GBG,Aperture-KBG,Aperture-KBI,BouMS-CaDiCaL,BouMS,CPMpy_HiGHS,CPMpy_ORTools,DeepDist-c,Loandra,NuWLS-c-2026-UB,NuWLS-c-2026,PASMaxSAT-c,PRINTEMPS,PX-TT-Open-WBO-Inc,Rustimax-c,Rustimax-r,SGAT-NuWLS-c,SPB-NIM-c
00677332935640136e4b6d03ad55bb8b,114,116,116,112,112,no-sol,no-sol,113,5873,112,112,113,5824,112,112,112,112,112
01029824ed06336b45b8d19a963e2fe0,205533,213695,213695,206724,207689,no-sol,no-sol,222054,209149,206550,206344,208314,no-sol,incorrect,212931,212931,206550,206677
0287e2fbe2e51f2d27cee56797dba325,22,20,2,202,no-sol,no-sol,no-sol,12,2,2,20,16,no-sol,incorrect,38,50,12,12
029c26f52d9c640d926fbd4b70a163fd,16,9,9,193,no-sol,no-sol,no-sol,24,6,12,20,14,no-sol,incorrect,85,66,16,14
02a100f8d984252f043ac236091d531b,11194146,11186378,11186378,582987617,13620502,no-sol,no-sol,11640391,no-sol,11654933,11673007,11422231,no-sol,11753752,556102582,556484488,11688157,11219361
02f0572a56d1a1364634aa0b6d337bc7,126,126,126,126,126,1065,1137,126,126,126,126,126,170,126,126,126,129,126
04d42d7d0d997b5350cd991734a9c6c3,33467224,33461716,33461716,1682227317,59046219,no-sol,no-sol,35020780,no-sol,33652222,33690709,44308631,no-sol,34021107,1673312563,1673699515,33750408,33573460
05f31e911d8d693fc43ee8a3717480f4,no-sol,no-sol,no-sol,no-sol,no-sol,no-sol,no-sol,no-sol,148478,no-sol,no-sol,no-sol,no-sol,0,no-sol,no-sol,no-sol,no-sol
0604941704526f805ca57828d1361228,2097703,2097843,2097767,2098811,no-sol,no-sol,2097979,2098075,2097787,2098159,2098075,2098075,no-sol,2098155,2098103,2098051,2098075,2098075
0803cb5e95b150932996026b3d39d6a7,205045617,205051236,205051236,1682526724,230187106,no-sol,no-sol,207287861,no-sol,206285524,206390372,220610759,no-sol,incorrect,1672732988,1673120027,206616514,205096864
0ac2a168220ffe2aabdabb3d967f993c,no-sol,2119561,2119113,2119679,no-sol,no-sol,no-sol,no-sol,2100991,no-sol,no-sol,no-sol,no-sol,2105311,2100223,2099711,no-sol,no-sol
0ad557ae985a1f70ca322d2408ae7340,no-sol,66601,67217,67089,no-sol,no-sol,no-sol,no-sol,66671,no-sol,no-sol,no-sol,no-sol,no-sol,67253,67201,no-sol,no-sol
0c06fc80e4d1a79e42cb12b43ea18e83,617,615,609,809,755,no-sol,no-sol,621,663,621,621,614,no-sol,incorrect,no-sol,no-sol,621,621
0c6407a8d7ceb3162d4f07ad74a8a8df,no-sol,2119461,2119025,2120032,no-sol,no-sol,no-sol,no-sol,2101247,no-sol,no-sol,no-sol,no-sol,2104831,2100223,2099711,no-sol,no-sol
0ce09e5006280a1b1986a9fc57e09a56,547,509,497,822,no-sol,no-sol,no-sol,512,499,528,520,522,no-sol,incorrect,832,832,528,520
0d1a5c9581ff245778bfee89b4e310d2,113,106,124,166,164,156,179,169,137,167,169,169,no-sol,146,167,167,169,169
0dfd8c57a5147caeb3e86f4cb15eff01,772,780,780,772,772,3540,3152,772,780,772,788,780,no-sol,incorrect,1168,1168,788,772
107bfd107f40c2ea406c71815fc7aa6a,66435,66551,66435,66647,no-sol,no-sol,no-sol,66539,66515,66555,66539,66539,no-sol,66637,66527,66509,66539,66539
1198839e4872b6a6ce78db81de23b4ad,3582,3575,3576,3567,3564,no-sol,no-sol,3567,3568,3567,3567,3567,no-sol,incorrect,3582,3580,3567,3567
12337b1fab4907d9c8f4c1857340c879,618,597,633,788,770,799,919,685,715,678,702,701,no-sol,incorrect,878,878,737,718
12c460e24fe5cf48550c2d68c7e4cb09,564,605,622,813,781,no-sol,no-sol,787,781,763,779,781,no-sol,799,781,781,766,815
155ee86fe12a895e51fc8c626019f492,229,229,229,221,222,280,226,229,221,220,220,221,247,incorrect,253,253,222,229
1645126bc049f932c6a365aed4073e87,115,115,115,116,115,no-sol,116,115,115,115,115,115,253,incorrect,120,122,115,115
18210ee558608266daece1d1f86bd874,631,631,631,632,632,631,846,631,631,631,631,631,1960,631,677,684,631,631
188146bb73d436d9331c42c0ff1e1e5b,2097735,2097959,2097743,2098219,no-sol,no-sol,no-sol,2097999,2097911,2097987,2098043,2097927,no-sol,2098123,2098147,2098055,2097999,2097999
18d5b79268f7b1ccf7bd9ab479981136,20,18,42,306,no-sol,no-sol,no-sol,24,12,20,24,22,no-sol,incorrect,64,66,22,18
1d1e713e9a24686335fc8994c573e9f3,737,736,736,523638,755,no-sol,no-sol,758,no-sol,741,737,709,973,737,no-sol,no-sol,737,738
1d69eb0fbbde8c41206c99b062d6ac4d,14,14,14,27,no-sol,no-sol,no-sol,14,14,14,14,14,no-sol,14,26,15,14,14
215178f50d488c9ffeb758a0dfada32e,2097627,2097683,2097627,2098159,no-sol,no-sol,no-sol,2098163,2097907,2097907,2098163,2097663,no-sol,2097895,2097659,2097635,2098163,2098163
225966e19a0c8e59a4195d7248371b43,195,199,199,171,172,no-sol,no-sol,192,6269,172,171,175,6269,incorrect,195,195,172,175
22cf5bc8080a7782d541bccfe1d4b17b,385,364,385,845,778,823,1082,638,401,630,468,940,no-sol,incorrect,886,886,746,741
2382d6e0c8ab3f7c66663718b273724a,456,472,472,417,428,no-sol,no-sol,454,4114,428,428,443,4040,incorrect,501,501,428,428
2518d160dad18f8452c88031c719d644,240,300,251,433,467,no-sol,no-sol,211,193,245,234,332,no-sol,231,592,490,177,177
259e7a54b91f75603b7491788012096f,734595162074390,737364039352360,737364039352360,27429368617329368,2280102749810851,no-sol,no-sol,738922582773268,no-sol,no-sol,no-sol,732829487196577,no-sol,no-sol,859847345256895,859847345256895,735639790765928,no-sol
26cbedb22db28755ff285c4cc3e95627,1551534452720377,1550755181009923,1550755181009923,53343728723271328,4063334998947681,no-sol,no-sol,1555596516438171,1549503420861480,1554469035163871,1547430962711202,1549851630425326,no-sol,incorrect,1618093843451774,1618093843451774,1553341553889571,no-sol
2a847b03285818f0a871eff5e6f0a2d2,23,32,32,392,no-sol,no-sol,no-sol,24,18,26,22,22,no-sol,incorrect,78,68,32,24
2c00a6d141b6decaaa481cb9cf73874b,no-sol,1099641126911,1099641126911,no-sol,no-sol,no-sol,no-sol,no-sol,2078237264241,no-sol,no-sol,no-sol,no-sol,no-sol,no-sol,no-sol,no-sol,no-sol
2e43740544285bd3492c3cef1f723469,2097587,2097603,2097595,2098215,no-sol,no-sol,2097827,2097991,2097587,2097955,2097991,2097991,no-sol,2098123,2097587,2097587,2097991,2097991
31fc407fa2df8b01eb311a3af425104a,160925,160760,161660,160817,160874,no-sol,no-sol,165480,161126,163604,161000,161057,no-sol,incorrect,161162,161162,160970,165000
32591818c6b32e1d2d4b72996dc57467,10,10,10,10,10,10,11,10,10,10,10,10,12,incorrect,10,10,10,10
33238a8b2e6a08d49f2a8bb41f215abc,79755,79607,79935,98265,no-sol,no-sol,no-sol,81861,79857,81541,81861,81467,no-sol,98085,81835,79865,81861,81861
3332f249f67f78ea332d79e914936ccd,336,336,336,418,452,411,336,336,336,336,336,336,no-sol,incorrect,369,367,336,336
33e468973fa17f61e4e57216212f51de,180240,180383,180374,180469,180434,349055,no-sol,181737,180553,181737,180513,180475,no-sol,incorrect,180511,180511,180607,183290
3471182ada8ef00252163223650598d9,117,117,117,120,120,265,130,117,117,117,117,117,273,incorrect,125,125,117,117
35826dd37c9824605a714bd328d86293,476,476,500,492,496,2268,812,484,508,476,480,480,no-sol,504,732,732,480,504
35ede55851341e235a861972cd8cf63c,2097623,2097719,2097651,2098407,no-sol,no-sol,no-sol,2098123,2097659,2098175,2098123,2097791,no-sol,2097979,2097663,2097651,2098123,2098123
36e101370166df8968ab5eec69408e07,812,796,796,788,796,3924,3464,796,788,788,788,796,no-sol,incorrect,1100,1220,780,788
378bef86e5e5c933733b59db319ae0c1,4,9,14,228,no-sol,no-sol,no-sol,8,2,4,6,4,no-sol,incorrect,60,63,10,6
37c1edef1218579775847175d65dde6d,2097687,2097839,2097703,2098563,no-sol,no-sol,2097907,2097867,2097791,2098111,2097867,2097891,no-sol,incorrect,2098171,2098103,2097867,2097867
38da17874408d58f540931f29769c280,26,26,26,39,no-sol,no-sol,no-sol,26,26,26,26,26,no-sol,26,39,39,26,26
392741dc96692fde974cb021000868b0,936,928,928,936,936,4480,1656,936,952,936,936,936,no-sol,incorrect,1456,1456,944,928
3a2177901399cbf3434f0c25ababa172,388,388,396,396,388,1788,668,388,396,388,388,388,no-sol,incorrect,572,572,388,388
3c482692e84f56210f74f7bb0f7904a2,3731,3731,3731,3727,3727,no-sol,no-sol,3730,3727,3727,3732,3728,no-sol,incorrect,3729,3733,3728,3728
3d12ebd88525ddae7249edf6cc4cfdb0,26658603,26657674,26657674,468080391,25905999,no-sol,no-sol,26917400,no-sol,26421627,26440249,26878267,no-sol,incorrect,432522847,433839572,26524696,26682413
3dad950feab713a2f6e6db15fb49f00b,151,153,150,242,251,no-sol,no-sol,257,192,235,193,179,no-sol,257,257,257,257,232
3f96b2fd08e9769db144080f60761070,127,143,117,602,no-sol,no-sol,no-sol,98,89,93,106,116,no-sol,incorrect,164,165,112,108
40de621bbc143ceb8927a54f0512c8a2,6810,6810,6810,6809,6809,no-sol,no-sol,6812,6809,6810,6812,6810,no-sol,incorrect,6813,6815,6812,6810
4358208f95db785ad6ffde34ad252a5c,1320,1308,1308,1292,1280,6252,no-sol,1300,1332,1304,1968,1308,no-sol,incorrect,2004,2336,1292,1324
45f209cec48daf040598a87caf33b7b9,2097727,2097751,2097739,2098251,no-sol,no-sol,2097847,2098067,2097899,2098051,2098067,2098067,no-sol,2098155,2097727,2098107,2098067,2098067
4a5a0acaacd22f9604b9d3de4861909d,24489,23695,23695,24067,24313,39974,no-sol,24166,24137,24277,24104,24474,no-sol,23938,25896,25896,25270,23871
4a7a9159c65f3e5798472f6e15567fc4,4577475768423219,4577918139858780,4577918139858780,19248023532694672,7427088267044310,no-sol,no-sol,4576148654116536,4577475768423219,4577918139858780,4577918139858780,4573494425503170,no-sol,incorrect,4590304540054488,4590304540054488,4583226597085512,4575263911245414
4b9e7e29e839a6d91220e23389c31c78,2299,2235,2072,4574,4459,no-sol,no-sol,15654,3464,5941,18573,2054,no-sol,1883,88193,36683,4280,5348
4c44f623cb2171f56050db7b54f7daf0,417,451,426,435,515,379,381,396,434,400,400,397,no-sol,incorrect,383,379,401,394
4cd68628d6bcd4f2879d765d1e99ed01,237,233,242,355,339,356,390,365,273,349,355,355,no-sol,355,355,355,355,364
50e4437d351ca19aae26340200512f21,2087,1312,1350,3782,4781,no-sol,no-sol,2885,4130,2946,3615,1521,no-sol,1537,no-sol,no-sol,1781,1403
525bb7b659d7ef92fb2012c3efa8e401,250895976988800,249577068060474,249577068060474,2673428397716802,346146849187272,no-sol,no-sol,248469022203962,247800612656892,250227567441730,249251818369846,247704136203892,no-sol,248258159132148,263205793653176,268120359344224,250456340679358,248794271894590
5531e2e2402cce732380fc44558878d3,940,964,964,948,948,4688,1604,940,972,964,964,956,no-sol,incorrect,1476,1476,964,940
556c1d4dfc16acb18820b53da39d0841,6544,6539,6541,6536,6536,no-sol,no-sol,6536,6536,6536,6536,6536,no-sol,incorrect,6539,6537,6536,6536
56b5c4478d63b96331cc30ee58eb15d3,230,198,191,322,332,no-sol,no-sol,316,311,321,359,301,no-sol,332,332,332,332,291
58688347812a692f7bd3d9e3c623d25d,102,102,102,106,105,no-sol,227,102,104,102,102,102,227,incorrect,103,104,102,102
58953177cfd2a96c8790490da7549c9a,616,624,624,624,616,no-sol,2476,624,640,608,608,624,no-sol,incorrect,924,924,616,624
5d75c9c691357fe9ef835a8a1843127d,600,600,600,796,621,811,600,600,600,600,691,600,no-sol,704,936,966,621,600
5fec1b5fdacfb65e547848fe28bf6fce,2097735,2097767,2097711,2098219,no-sol,no-sol,no-sol,2097987,2097791,2098143,2097987,2097859,no-sol,2098095,2097779,2098135,2097987,2097987
61147626a97624a30996f2e40e1e606f,611,610,610,610,609,no-sol,no-sol,611,610,610,613,610,no-sol,incorrect,613,613,610,611
6257352adb0e5a42361cb8d035788573,175136,175208,175208,174992,175044,247252,no-sol,175092,175108,175176,175176,175056,no-sol,incorrect,175196,175196,175084,175192
65dddbe3baceed466b230e80ef7535fa,651,649,649,648,648,1146,no-sol,653,649,652,652,648,1039,650,706,706,647,647
65e6df32825799e20668dea813b7158f,2097743,2097807,2097779,2098443,no-sol,no-sol,no-sol,2098159,2097791,2097943,2098159,2098159,no-sol,2098019,2098167,2098175,2098159,2098159
6656d6d9003e596e9d86626e9439c8a4,no-sol,1099777441791,1099777441791,no-sol,no-sol,no-sol,no-sol,no-sol,no-sol,no-sol,no-sol,no-sol,no-sol,no-sol,no-sol,no-sol,no-sol,no-sol
6ad341a03765d944df57fa97b9500846,2015971,2016569,2016569,2021262,2021237,no-sol,no-sol,2016735,2019030,2015921,2015921,2017775,no-sol,2016016,no-sol,no-sol,2015921,2016092
6b47ce77a727927b5e15d7a33307f398,no-sol,2119249,2114763,2120183,no-sol,no-sol,no-sol,no-sol,2101503,no-sol,no-sol,no-sol,no-sol,incorrect,2100222,2099711,no-sol,no-sol
728e104dddb92ff5058a3709b30c554b,535,502,502,581,566,no-sol,no-sol,494,678,560,560,609,no-sol,incorrect,678,678,560,567
731c408aa6947d7339a92c03a03ae5f2,23,23,23,23,23,82,24,23,23,23,23,23,190,23,23,23,23,23
735478751bac6edd59e61ad4f24391d3,3360,2569,2271,4599,5715,no-sol,no-sol,9076,4389,4787,9084,1957,no-sol,incorrect,94291,35331,5756,4662
75701632104e3e597dc815a0a33e74fb,459066,459163,459163,459950,459945,no-sol,no-sol,459321,no-sol,459421,459421,459774,no-sol,459101,no-sol,no-sol,459407,459077
766400e43e3e2dd60e7f69d25636c530,585,777,924,1244,1379,no-sol,no-sol,951,686,678,943,1334,no-sol,incorrect,1426,1352,713,857
77431af2970a210ae4c17fb1141f1230,1168,1184,1184,1144,1168,5844,no-sol,1128,1192,1168,1128,1160,no-sol,incorrect,1888,no-sol,1144,1136
7baca20984ab4ddb7a1a3dc2300d0fa6,no-sol,2119601,2118206,2120102,no-sol,no-sol,no-sol,no-sol,2099759,no-sol,no-sol,no-sol,no-sol,2102911,2100223,2099711,no-sol,no-sol
7c916bd62125e5030b0ba95aa3a21638,1756,1766,1766,1741,1755,no-sol,no-sol,1768,2196,1740,1748,1751,2196,incorrect,1930,1930,1748,1763
7daa3439212fb70eaa9756431c4517aa,187,169,237,290,301,476,526,124,232,124,124,124,no-sol,124,135,128,124,124
7daeeec0608317ef82fe35d3a7f0a583,800,800,800,800,808,4140,1432,808,824,800,792,808,no-sol,incorrect,1192,1204,816,800
7e0aa11845ef1a9ca9a4dde2109e4fca,1051157,1051060,1051060,1053478,1052546,no-sol,no-sol,1051652,no-sol,1051577,1051577,1052451,no-sol,1051515,no-sol,no-sol,1051577,1051510
7f3a7133602947514b8147aa8359a417,491,474,563,888,903,857,1121,643,577,599,599,601,no-sol,599,857,857,560,520
7f428c56dc1519c511355cf5a2072941,694,694,694,694,694,694,no-sol,694,694,694,694,694,13726,incorrect,716,732,694,694
7f7b3c226b73cecfc858119317644b22,66033,66085,66109,66665,no-sol,no-sol,no-sol,66427,65967,66483,66427,66427,no-sol,66301,65981,65973,66427,66427
7fb450eee4021008612efe23918c4a9d,600,628,647,875,no-sol,no-sol,no-sol,609,647,601,597,588,no-sol,601,911,911,597,595
81b5fbc24f7373cea653ac5f9e2cbc84,2097731,2097771,2097735,2098219,no-sol,no-sol,no-sol,2098083,2097783,2098115,2098083,2098083,no-sol,2098043,2097791,2097955,2098083,2098083
85d67197d7664c2d62390deae587a40e,699,692,692,719,710,no-sol,no-sol,701,1259,713,712,752,1259,694,769,no-sol,713,697
8626cac83f20bf23efebb49841c702a1,26886276,26884863,26884863,27865387,27839086,no-sol,no-sol,26887093,no-sol,26882813,26878709,27077941,no-sol,incorrect,27117751,27117751,26882230,26871057
86537f85a60875c82ac1ad108beec2b9,204018,200128,200128,199363,199448,306324,no-sol,206911,199883,200163,199883,199633,no-sol,incorrect,199893,199893,199658,206841
8870bb009bcb1d8121fabebbe85228aa,91,94,93,528,no-sol,no-sol,no-sol,76,88,80,66,84,no-sol,incorrect,85,81,74,70
8916e6ed8e1d568165346755910dfd5f,637,642,642,637,636,no-sol,no-sol,638,641,636,637,637,no-sol,incorrect,645,648,636,638
8cce3167681af81701572edbd816560c,no-sol,1099504812031,1099504812031,1949635135723,no-sol,no-sol,no-sol,no-sol,no-sol,no-sol,no-sol,no-sol,no-sol,no-sol,no-sol,no-sol,no-sol,no-sol
8cfca9608b885a1000bc526ea46905c8,2631,1543,1471,5308,5224,no-sol,no-sol,7733,3973,5198,8275,1984,no-sol,1939,no-sol,15682,5557,6433
8e263080b96bf47697c91bfa51ab818f,184,188,201,387,401,460,1386,133,231,137,121,184,no-sol,136,460,460,145,186
8efe8fb5fa1e53f4b0c7074af61521ff,2097607,2097607,2097607,2098003,no-sol,no-sol,no-sol,2098115,2097659,2098051,2098115,2098115,no-sol,2098115,2097647,2097659,2098115,2098115
8f2944670274dfbfc37e25c49a04b652,20,19,27,251,no-sol,no-sol,no-sol,14,14,16,8,8,no-sol,incorrect,50,48,14,14
90f547247fbccdcca329b0723a6c56a4,469305789,469333361,469333361,2127709415,509305826,no-sol,no-sol,472500253,no-sol,472835697,474287050,489174384,no-sol,604668096,2119346694,2119734505,473282467,469532076
91d8278936cbdcddeb77a55e9deb0b46,43215,43217,43217,43228,43225,no-sol,44465,43213,43220,43213,43213,43218,44888,43219,43652,43645,43215,43216
921f9c0682b62604ff7c9a3f4499dc19,241,243,298,377,450,no-sol,no-sol,226,223,222,222,202,no-sol,222,541,340,226,255
94c80d0518a2a1d48fdb97a2b5f7f71a,182,174,174,176,175,no-sol,no-sol,185,761,175,175,174,612,175,219,219,175,181
9761214ee36a81a4916193e3e33fad08,2097611,2097627,2097683,2098483,no-sol,no-sol,no-sol,2098131,2097611,2098079,2098131,2098131,no-sol,2098051,2097615,2097663,2098131,2098131
98531755f0de4b7c9f0974aacd32ec9e,288,280,291,360,360,360,397,347,324,360,360,360,no-sol,360,379,379,360,354
98b3b51d1fb4c6872b52b23cf0d4c715,2097619,2097755,2097751,2098427,no-sol,no-sol,no-sol,2098051,2097663,2097995,2098051,2098051,no-sol,incorrect,2097663,2097663,2098051,2098051
997857e847fc19f6243cfbb6bcfa779f,86090460,86130849,86130849,no-sol,no-sol,no-sol,no-sol,86111620,no-sol,86121413,86121413,86256182,no-sol,86120213,748096494,748096494,86121413,86090251
99e1bbd626eca9d267490f6052b5eed1,281,281,281,515,516,475,281,281,287,281,281,281,no-sol,281,403,531,281,281
9a2c7d1f80435742781ba15db8ff4cd8,66053,66109,66199,66523,no-sol,no-sol,no-sol,66365,66001,66427,66365,66027,no-sol,66383,65983,66045,66365,66365
9d853f0c1c404153f83f70c5f5ece35b,no-sol,2119491,2119195,2120127,no-sol,no-sol,no-sol,no-sol,2100351,no-sol,no-sol,no-sol,no-sol,incorrect,2100223,no-sol,no-sol,no-sol
9df4e09614ddbfa3a33df2d6fbc63583,12,8,24,277,no-sol,no-sol,no-sol,20,8,8,22,18,no-sol,incorrect,66,46,22,18
9ee8fbfe7a0b4d82b1ce5fdd25fd5795,2097659,2097659,2097659,2098435,no-sol,no-sol,no-sol,2098055,2097659,2098127,2098055,2097987,no-sol,2097795,2097659,2097659,2098055,2098055
9f64c57fc110cee98d501e8140fd1414,228,220,220,223,222,no-sol,no-sol,219,488,244,224,239,441,239,254,254,244,224
a04c49fdcfb80a2b2a28970b0a391db2,691,705,705,686,690,948,758,687,948,693,693,668,944,incorrect,731,731,688,691
a0deab950308e135c28f32276c99a31f,852,852,852,852,852,4100,1484,852,884,852,844,852,no-sol,incorrect,1236,1204,868,836
a2fc3cc5390406fea351583acc8a6a2a,186,187,187,183,183,256,199,182,287,184,179,180,210,181,196,196,181,181
a5b897083c49a10a73f8b0eedce6d1ce,no-sol,2147,2103,2159,no-sol,no-sol,no-sol,no-sol,2159,no-sol,no-sol,no-sol,no-sol,2155,2111,2103,no-sol,2163
a93ff8f3ecf615a258ca74890da12b09,199,191,191,196,197,no-sol,no-sol,195,363,198,191,201,320,206,217,217,198,197
aa5346e0caf38f37610f288c71c581ed,44016296,44015596,44015596,44085013,44079899,no-sol,no-sol,44034647,43963685,43988544,43961393,44006328,no-sol,43982284,no-sol,no-sol,43988544,44008073
aabff9eae3f574ccd7075bf1c80e979a,14,14,14,39,no-sol,no-sol,no-sol,14,14,14,14,14,no-sol,14,27,27,14,14
aba43574fdcf5980731fc0f442a0d7a4,832,833,832,827,827,no-sol,no-sol,827,827,827,829,828,no-sol,incorrect,831,832,827,829
abf62faa242550b0447c775250aad0f6,571,553,580,729,736,no-sol,no-sol,605,719,534,579,565,no-sol,incorrect,no-sol,1181,554,579
ad029967f92ed427300de84b53c83dae,no-sol,2103,2099,2123,no-sol,no-sol,no-sol,no-sol,2107,no-sol,no-sol,2167,no-sol,2163,2107,2107,no-sol,2163
ad107e3a78ddd92eb6c92aa6e9720e62,2958,2958,2994,3030,3033,3591,3030,2958,3066,2958,2958,2958,no-sol,2958,3141,3141,2958,2958
ad24cb38c36e7567b627f4f06fb7b6fd,162619,163520,163520,161489,161391,211463,no-sol,162779,162330,162809,161810,161769,no-sol,incorrect,163160,161610,162095,162335
ad6561f35246c714406a2c0bd61b3410,26,16,22,283,no-sol,no-sol,no-sol,36,24,26,24,22,no-sol,incorrect,70,64,30,28
ae8b9d05d7e77b281b14077de8059e3d,271830402725760,272155652416388,272155652416388,3162743610125748,373404300372676,no-sol,no-sol,271716016106946,271830402725760,271716016106946,271716016106946,271716016106946,no-sol,incorrect,316884169360658,316884169360658,271944789344574,271830402725760
af8c165964391d43eb9ba6517d2094aa,1505615619712312,1502959891689846,1502959891689846,13883714652178360,2319681650178360,no-sol,no-sol,1506995184762010,no-sol,1497973685335542,1497973685335542,1503381617833474,no-sol,incorrect,1689244374650510,1689244374650510,1497973685335542,1504146503833544
b0fa635dac36420e432714ab845bc52b,1054,1060,1060,1068,1083,1239,no-sol,1059,1079,1059,1088,1049,no-sol,1062,1088,1088,1064,1064
b1d0245506ad3936f2ff33ac63280e07,82820,82825,82825,82881,82893,117254,87026,82820,82819,82831,82824,82819,85789,82825,83251,83251,82832,82823
b1f3bc82f34d8304967937fa42004233,608,592,624,608,608,2832,1008,624,616,608,616,608,no-sol,incorrect,920,920,616,608
b22a7099a4197d17a78bd6cef572efc2,147,211,204,249,213,487,477,204,192,170,147,147,no-sol,171,202,247,211,156
b26a8483c61555b0999155309a0b4620,207919,207644,207039,207424,207589,303910,no-sol,207974,207919,207919,207809,207699,no-sol,incorrect,207974,207974,208414,207754
b31bfe221251438552a8d98cf306728e,443,443,472,628,610,598,564,555,469,628,681,686,no-sol,incorrect,704,704,570,604
b36a65ddc270f397271a4d25340e8e80,183,180,180,175,175,no-sol,no-sol,188,761,174,173,174,658,175,226,226,176,179
b38433033be84c89c461c5cb98840b63,763,761,763,759,759,no-sol,no-sol,759,760,759,759,759,no-sol,incorrect,760,770,759,759
b517e589ffd2928646b8ae7bb2f4ee2f,940,940,940,916,924,4364,1576,916,948,900,916,932,no-sol,incorrect,1364,1396,924,908
b772801028f42047186a2873ac961b81,1150553539881478,1149885130334408,1149885130334408,16873241556383960,1831212756762646,no-sol,no-sol,1148891471096710,1145814016930616,no-sol,no-sol,1148012198477826,no-sol,no-sol,1264701847762026,1264701847762026,1144513018168104,no-sol
b80d8eabb200da8d50afac436975305c,602,614,638,898,no-sol,no-sol,no-sol,606,654,599,619,606,no-sol,incorrect,964,no-sol,606,598
b8c4ef0511b9098822ee71f6abcfbf62,1156,1160,1160,380452,1173,no-sol,no-sol,1174,no-sol,1185,1155,1107,1587,1156,no-sol,no-sol,1156,1152
b8f21602a87ca4573418d0fad28219ba,623175341,623077903,623077903,2403507629,750236764,no-sol,no-sol,626498835,no-sol,755673060,626760438,no-sol,no-sol,765137918,2398330631,2398330631,755673060,623570530
bc8befbb3791e6b2871eb2c0df28742b,8008,8011,8011,8002,8002,no-sol,no-sol,8004,8005,8004,8004,8004,no-sol,incorrect,8008,8005,8004,8004
bd1b7b6eb6683fac4979cb6254c19af5,116,116,118,118,117,264,no-sol,116,116,116,116,116,261,incorrect,119,120,116,116
c11a2e1466efae2e1244ab258cec49e3,1425,1425,1425,1419,1419,no-sol,no-sol,1419,1419,1419,1419,1419,no-sol,incorrect,1424,1422,1419,1419
c11deabd046ea7b95c61e627ae15df10,540,532,548,548,548,no-sol,840,540,556,540,540,532,no-sol,incorrect,820,820,532,540
c17483a1d753535441246027661fe97d,214866,211862,210872,211666,212450,no-sol,no-sol,226674,210592,217571,217045,212741,no-sol,incorrect,220946,220946,214859,216739
c188f0e7b65fd825f98c0f98bce9cfb3,113,123,124,157,190,211,no-sol,189,138,159,141,159,no-sol,incorrect,159,159,190,159
c417b6b7465dc5e5dd3ee7c4b19fc2ea,162781,162572,162572,161244,161431,311502,no-sol,163493,162442,161821,161718,161859,no-sol,incorrect,162015,162015,162254,162362
c4dbadd910a4226416c4b9219b481ac7,127959001837366,129392297384506,129392297384506,1357157287247454,147857022381070,no-sol,no-sol,128073388456180,127633752146738,127633752146738,127519365527924,127959001837366,no-sol,incorrect,127519365527924,128723887837436,128073388456180,127519365527924
c4defc6368fb828ecf8dab753f281923,169624,170766,170766,169825,169891,no-sol,no-sol,172482,169901,170020,169934,169946,no-sol,incorrect,170347,170347,170514,170114
c5b5c9d89ccd0815a1473596af14390c,66037,66031,66167,66437,no-sol,no-sol,no-sol,66515,66007,66429,66515,66515,no-sol,no-sol,65959,65983,66537,66515
c66b9812ee07f99fa4df342ac9564534,1100,1060,1060,1092,1092,4604,no-sol,1100,1092,1092,1060,1084,no-sol,incorrect,1644,1828,1072,1068
c8d6562144975ffc07fa58e773037fa9,4102,4102,4102,4095,4095,no-sol,no-sol,4095,4096,4095,4095,4095,no-sol,incorrect,4098,4097,4095,4095
c92e1d170361ab3334c2453d467ebdc2,2097607,2097607,2097703,2098367,no-sol,no-sol,no-sol,2098075,2097607,2098051,2098075,2097987,no-sol,2098015,2098123,2097663,2098075,2098075
ca883ec70ba5cfcf499b95261e5ca727,6255,6194,6194,6193,6209,no-sol,no-sol,6266,6225,6176,6098,6155,10706,incorrect,6629,6629,6146,6253
ca9330fa930950055ea0ffed9423d4de,627,646,646,668,644,no-sol,no-sol,642,948,696,652,706,948,722,692,692,696,635
ca96517ad0509b5ee3cca8f843cabad0,317,282,321,397,407,no-sol,no-sol,451,353,407,492,433,no-sol,incorrect,407,407,407,433
cab85c552db03d6c4357fafae019a84c,3622,3623,3623,3621,3621,no-sol,no-sol,3622,3621,3621,3626,3621,no-sol,incorrect,3625,3623,3621,3623
ccf7a86d3b99cf8b241c25b8d94673e2,514,515,515,514,514,no-sol,no-sol,514,514,514,517,514,no-sol,incorrect,515,518,514,514
cd32041c8dcd6df4d793678ba04234f7,7616,7614,7614,7605,7605,no-sol,no-sol,7605,7609,7605,7605,7605,no-sol,incorrect,7608,7612,7605,7605
cd5a2d0627583a6c5a2023af2d02ec3d,no-sol,2120763,2120199,2121023,no-sol,no-sol,no-sol,no-sol,2100991,no-sol,no-sol,no-sol,no-sol,2105343,2101247,2100223,no-sol,no-sol
cdc67b29ce153bdde38d6c2d80bb86d0,475,492,418,486,471,377,367,384,389,401,383,413,no-sol,403,424,711,372,400
ce484bc8bad4cf050b78b3d6d5663b7a,no-sol,1099709284351,1099709284351,1670742226265,no-sol,no-sol,no-sol,no-sol,1478981000016,no-sol,no-sol,no-sol,no-sol,no-sol,no-sol,no-sol,no-sol,no-sol
cea78a8572544aa8a1ac2262d101e467,241,239,247,350,368,no-sol,no-sol,259,264,259,259,279,no-sol,304,353,310,259,259
cf62fd0d45a07b88c7f885181b59d50e,no-sol,2118871,2115209,2119759,no-sol,no-sol,no-sol,no-sol,2104575,no-sol,no-sol,no-sol,no-sol,incorrect,2100223,2099711,no-sol,no-sol
d0c8c4a2b1c6dff010df6fe5b63037c3,16,12,24,231,no-sol,no-sol,no-sol,28,8,8,24,20,no-sol,incorrect,64,90,18,22
d25128e8cdb575b958d84f3e8082531f,2097655,2097747,2097671,2098335,no-sol,no-sol,no-sol,2097875,2097775,2098011,2097875,2097875,no-sol,2098035,2098155,2097659,2097875,2097875
d2bb5e6366eaada9b56081fcbe1f6b6f,1048,1048,1048,1056,1048,5356,1720,1040,1096,1064,1024,1072,no-sol,incorrect,1736,1736,1048,1040
d38802f0543e4d2040e415a17c3cfbd5,no-sol,1099436654591,1099436654591,1942806685824,no-sol,no-sol,no-sol,no-sol,1700308364568,no-sol,no-sol,no-sol,no-sol,no-sol,no-sol,no-sol,no-sol,no-sol
d3b60a3c33f22e7ed54dd4ce47158fcd,564,564,588,580,580,2652,no-sol,580,604,564,572,588,no-sol,incorrect,876,876,588,588
d63044df54ba70ede3011831ecf15fed,35442,35446,35446,35458,35458,51033,37161,35446,35476,35452,35444,35447,37389,35450,35689,35696,35443,35446
d65e49e03a1bef210c86572aea57752c,79,85,85,80,81,3185,753,86,76,81,76,88,750,incorrect,117,112,80,80
d72b8cabd334fa4dccd0158384f9add0,119326068,119324391,119324391,119349224,119338719,no-sol,no-sol,119325295,no-sol,119321457,119324933,119361568,no-sol,119326037,140538701,140538701,119324933,119325264
d7de959e0565bdaa4562361abff1ce4f,no-sol,69289,75931,74617,no-sol,no-sol,no-sol,no-sol,69243,no-sol,no-sol,no-sol,no-sol,no-sol,69617,69629,no-sol,no-sol
d8a90ef15b80b3d1371ce04d198035bc,1188,1144,1144,1156,1156,5948,no-sol,1140,1156,1136,1460,1156,no-sol,incorrect,1752,1752,1148,1144
d8f5cdbc2e7d125910757a85590e0a3f,153,145,155,242,243,237,216,244,181,239,202,182,no-sol,229,241,243,243,250
da843d091a9d17eace6148b23214652d,no-sol,1099368238951,1099368497151,1880482267956,no-sol,no-sol,no-sol,no-sol,2081853662865,no-sol,no-sol,no-sol,no-sol,no-sol,1718746439859,no-sol,no-sol,no-sol
df6db306efdafd2a85863f3c3dbe2e92,3171251652686343,3171251652686343,3171251652686343,24623278846196384,4795748732916801,no-sol,no-sol,3173905881299709,3168597424072977,3167712681201855,3164173709717367,3167712681201855,no-sol,incorrect,3178329595655319,3178329595655319,3169482166944099,3166385566895172
df7fb8aabeb69f98b1e882f87c426196,no-sol,2119311,2118841,2120012,no-sol,no-sol,no-sol,no-sol,2101502,no-sol,no-sol,no-sol,no-sol,incorrect,2100223,2100223,no-sol,no-sol
e21cdcd931dc9816781137d96f120b1e,6106,6141,6141,6110,6082,no-sol,no-sol,6113,8836,6123,6192,6143,8836,6095,6159,no-sol,6192,6066
e29d11f16ec7a5c67ec50715dd29b168,152,154,154,151,151,195,226,146,344,151,147,149,274,incorrect,183,183,148,154
e2a8ac0364b27dc7e7795395377978c0,132,132,132,133,132,no-sol,135,132,134,132,132,132,271,132,135,135,132,132
e350018a587a4042068d66a62dce6c0b,332,332,332,340,340,880,524,332,340,332,332,332,no-sol,incorrect,356,460,332,332
e37916dfae1f1037c706d69f2c86497a,968,1000,1000,1008,1000,5384,1632,1024,1040,1016,984,1008,no-sol,incorrect,1624,1624,992,1024
e399236e7e89be8871849b8024fbcbfd,672,672,704,704,704,3244,1136,696,728,712,704,696,no-sol,incorrect,1028,1028,672,688
e73ea7fce5b375026794e58ed67729ec,956,980,980,964,956,4188,1628,964,980,956,956,964,no-sol,incorrect,1460,1524,956,964
eaa080b2cf9b230aa3ca301ca4bc55e1,764,969,869,1256,no-sol,no-sol,no-sol,1014,1082,892,921,1305,no-sol,incorrect,1393,1323,932,1075
ed4c9f14ea37d88497497be32d0b66d6,916,928,928,928,920,4392,1628,912,952,928,920,912,no-sol,incorrect,1460,1404,936,920
f15c993d5534561f9a242d70e1c8333c,1624,1621,1621,1644,1637,no-sol,no-sol,1648,no-sol,1634,1598,1584,2107,1599,no-sol,no-sol,1598,1615
f289336a35fc1aaeb7f53b317cd8dfb8,1192,1224,1224,1206,1240,no-sol,no-sol,1170,1987,1162,1170,1216,1987,incorrect,1382,1382,1189,1248
f4ff65d9b98da6dbf4a701f4e0d00eba,no-sol,2120285,2118295,2120466,no-sol,no-sol,no-sol,no-sol,2101119,no-sol,no-sol,no-sol,no-sol,incorrect,2100223,2099711,no-sol,no-sol
f5dcd9a9055a26ff73f99893be3864c1,2939,1235,1457,4346,3986,no-sol,no-sol,2164,3573,2588,5618,1914,no-sol,incorrect,no-sol,no-sol,1983,3241
f6df4c43483cd50e78eefef3d14aa9aa,988,1181,909,1438,1419,no-sol,no-sol,771,863,1035,854,1098,no-sol,947,1457,1512,830,1084
f7d8984b45d446af6dbe77dca33a9194,no-sol,67891,68413,68309,no-sol,no-sol,no-sol,no-sol,67185,no-sol,no-sol,no-sol,no-sol,no-sol,67563,67567,no-sol,no-sol
f7e0795ad9f74e492158cb3d20e2ca4b,6,6,8,240,no-sol,no-sol,no-sol,6,6,6,6,6,no-sol,incorrect,46,16,6,6
f7f9da5cf24bc5e759e949c66703a71a,114,114,114,117,117,no-sol,no-sol,114,115,114,114,114,256,incorrect,118,123,114,114
f891f513398f55ca8de1bd6bf72753c8,3637043,3637330,3637330,3685834,3685704,no-sol,3897810,3636886,3635104,3635348,3635348,3639229,3870790,incorrect,no-sol,no-sol,3635159,3636707
f98c5530ada3996c2c0ba8bcd592bc38,no-sol,70533,71257,77027,no-sol,no-sol,no-sol,no-sol,69731,no-sol,no-sol,no-sol,no-sol,no-sol,73657,73603,no-sol,no-sol
f9a2fe031a23abcd7bc206f06306ab0d,2064,2064,2064,2074,2076,2100,2064,2078,2078,2078,2070,2076,no-sol,2078,2078,2078,2078,2078
fa9801a3e50d56c8b3e05b9e1ae772e9,1256,1288,1288,1256,1280,6684,2084,1232,1280,1256,1712,1296,no-sol,incorrect,1848,2264,1280,1256
fd6f32c035a3e18b7ba76bee8aa1b552,no-sol,2119073,2118474,2119311,no-sol,no-sol,no-sol,no-sol,2100095,no-sol,no-sol,no-sol,no-sol,2103295,2099711,2099711,no-sol,no-sol
fdb78a05186416897252a182942e3462,1169,1164,1164,1164,1164,1169,1164,1164,1164,1164,1164,1164,1994,1165,1164,1164,1165,1171
fee781804297b78a6404a842cc9a0121,313,313,318,418,436,no-sol,313,311,314,311,311,311,no-sol,311,316,329,311,311
ff3edb803a43f49e4ac29f10716ac281,583,559,571,792,786,no-sol,no-sol,601,631,613,613,613,no-sol,incorrect,no-sol,811,610,611
