hash,filename,tt_open_wbo_inc_glucose,Loandra,tt_open_wbo_inc_intelsat,VBS,SPB_MaxSAT_c_FPS,SPB_MaxSAT_c_Band,NuWLS_c_IBR,Exact,noSAT_MaxSAT,noSAT_MaxSAT_c,SPB_MaxSAT_c
8196f734cfc1d9b20fd8d66250dbfcfd,abstraction-refinement_wt-downcast-antlr.wcnf.xz,76262,76250,76263,76250,76259,76253,76256,79057,76298,76314,76250
f5fd19c23123f0fc6a6cf1761857f6c9,abstraction-refinement_wt-downcast-avrora.wcnf.xz,46644,46642,46646,46642,46644,46645,46644,46642,46694,46697,46643
66774e068193921877f8a93f9a2d8898,abstraction-refinement_wt-downcast-hsqldb.wcnf.xz,30228,30207,30240,30207,30209,30207,30207,30207,30286,30286,30207
e1547aa230a63ccb1daa4b5965ae4d56,abstraction-refinement_wt-downcast-pmd.wcnf.xz,4231,4227,4232,4227,4228,4237,4228,7174,4268,4270,4236
b1dd4ee6e5b74c18a2f0cc4162f8e2c8,abstraction-refinement_wt-downcast-xalan.wcnf.xz,65495,65491,65492,65491,65491,65491,65491,68380,65572,65519,65491
d8bb463adb0c353c7847c10e95e0f420,abstraction-refinement_wt-polysite-avrora.wcnf.xz,51804,51801,51809,51801,51808,51804,51805,51801,51890,51898,51802
3af7aabfe4b7c5d7a48d8ea44f6fab68,abstraction-refinement_wt-polysite-bloat.wcnf.xz,50,58,53,39,47,39,49,3138,481,151,46
5336f6907d534868103be83673bcd912,abstraction-refinement_wt-polysite-hsqldb.wcnf.xz,172383,172392,172385,172382,172383,172383,172383,172382,172700,172818,172383
8d1dee34d8af87b9467f950d6852277b,abstraction-refinement_wt-polysite-lusearch.wcnf.xz,421468,421456,421460,421456,421467,421466,421468,421456,421566,421586,421467
67cf2d223a65ca171740b40c2dab1511,abstraction-refinement_wt-polysite-pmd.wcnf.xz,188404,188398,188405,188398,188399,188399,188399,188398,188580,188503,188398
6793f4fbcc2f6a236b32663d633f4c6d,abstraction-refinement_wt-polysite-xalan.wcnf.xz,114634,114620,114634,114620,114628,114632,114636,118142,114846,114820,114627
d2a0e3824f458f963643d90f4e253d64,af-synthesis_wt-af-synthesis_stb_50_100_4.wcnf.xz,124,123,124,123,124,123,124,124,124,124,124
7b9df1f4265763e2f50e9b9f38b93352,af-synthesis_wt-af-synthesis_stb_50_120_5.wcnf.xz,114,114,115,114,114,114,114,121,115,115,114
d9b2fe4aa5cd097aecb518f5f23f9bd6,af-synthesis_wt-af-synthesis_stb_50_140_0.wcnf.xz,120,120,121,120,120,120,120,121,121,120,120
9eb67aaeeb64005c3e2011ba3e10205f,af-synthesis_wt-af-synthesis_stb_50_140_1.wcnf.xz,127,127,127,127,127,127,127,127,127,127,127
cf5834d6f0c086af7eb414a23e2cd29e,af-synthesis_wt-af-synthesis_stb_50_140_7.wcnf.xz,109,109,109,109,109,109,109,114,109,109,109
7150620331835163562cf13c7313dc46,af-synthesis_wt-af-synthesis_stb_50_160_1.wcnf.xz,108,108,109,108,108,108,108,108,108,108,108
af23da80601527f96209db261c152697,af-synthesis_wt-af-synthesis_stb_50_160_5.wcnf.xz,113,113,113,113,113,113,113,114,113,113,113
93306a635fb602ae939464a684c2fb9b,af-synthesis_wt-af-synthesis_stb_50_160_9.wcnf.xz,113,113,113,113,113,113,113,113,113,113,113
7b17c434772811926a97e42dab2e4e77,af-synthesis_wt-af-synthesis_stb_50_200_0.wcnf.xz,124,124,124,124,124,124,124,124,124,124,124
58688347812a692f7bd3d9e3c623d25d,af-synthesis_wt-af-synthesis_stb_50_200_5.wcnf.xz,102,102,102,102,102,102,102,109,102,103,102
2ce742ffe0529d4dadd9b06338fabe02,af-synthesis_wt-af-synthesis_stb_50_20_4.wcnf.xz,117,117,117,117,117,117,117,117,117,117,117
9334abf9f099aa8712cc9ad7f441291b,af-synthesis_wt-af-synthesis_stb_50_20_8.wcnf.xz,120,120,120,120,120,120,120,120,120,120,120
1384b0c20fedbf265eca47490de80d4b,af-synthesis_wt-af-synthesis_stb_50_40_0.wcnf.xz,111,111,111,111,111,111,111,111,111,111,111
065ab4345ba9f5dd05ab7e2151cb5230,af-synthesis_wt-af-synthesis_stb_50_40_6.wcnf.xz,115,115,115,115,115,115,115,119,115,115,115
d0bde6fc0b04a45958d2fe5969c56bfa,af-synthesis_wt-af-synthesis_stb_50_40_8.wcnf.xz,117,117,117,117,117,117,117,124,117,117,117
72317f16454273a0c1f32b9541f89194,BTBNSL_wt-Rounded_BTWBNSL_alarm_100_1_3.scores_TWBound_3.wcnf.xz,137761097,136550600,138183425,136550600,137360051,137794029,137788840,138586653,150721077,148744285,138165725
7ddd25e7ac77fdfa2479621e116beec1,BTBNSL_wt-Rounded_BTWBNSL_Flag.BIC_TWBound_3.wcnf.xz,276764896,275441767,276684610,274985739,276528442,276796907,276307125,274985739,286982824,290466807,276963424
19f6fe588a49959692e178dd496746fd,BTBNSL_wt-Rounded_BTWBNSL_Flag.BIC_TWBound_4.wcnf.xz,276445351,274907339,276141412,274907339,276351886,276921071,277221178,275259918,288388695,288400266,276651283
0c0a29fa0592bda0bdc60af531d271ae,BTBNSL_wt-Rounded_BTWBNSL_hailfinder_10000_1_3.scores_TWBound_3.wcnf.xz,50261728397,50007681202,50199994932,50007681202,50098930145,50510416144,50588188577,54462058097,56222799301,56282476363,50303991361
d57e4cffcd9d62b42e7dccc9ab996fa9,BTBNSL_wt-Rounded_BTWBNSL_hailfinder_1000_1_3.scores_TWBound_2.wcnf.xz,5266864282,5252393210,5266836492,5252393210,5266864282,5266864282,5266864282,5434458661,5649048588,5697754146,5266864282
e64772b2c607a633ca1ab7b6ba4dc648,BTBNSL_wt-Rounded_BTWBNSL_hailfinder_1000_1_3.scores_TWBound_3.wcnf.xz,5276763036,5253148479,5276763036,5253148479,5276763036,5276763036,5276763036,5438160792,5650931687,5658109038,5276763036
df8695b71c7c5fa0103bc96a7266ac68,BTBNSL_wt-Rounded_BTWBNSL_hailfinder_1000_1_3.scores_TWBound_4.wcnf.xz,5276763036,5256866237,5275253809,5256866237,5276763036,5276763036,5276763036,5306444554,5532647207,5690464343,5276763036
ba5353d5aee5e9270549ca29b6c567f1,BTBNSL_wt-Rounded_BTWBNSL_Hepatitis.BIC_TWBound4.wcnf.xz,133307977,132258422,133389631,132258419,133389634,133389634,133389634,132258419,135557804,135846347,133165194
9b78cd59465945796b0800ff29c6ea07,BTBNSL_wt-Rounded_BTWBNSL_Horse.BIC_TWBound_2.wcnf.xz,454283446,453498599,454359856,452466275,454162330,454501099,454002610,452466275,461444273,461837702,454141312
8d432e52a94c23183af3dc8390077cdc,BTBNSL_wt-Rounded_BTWBNSL_insurance_1000_1_3.scores_TWBound_3.wcnf.xz,1414974865,1396663894,1425473092,1394879690,1410255890,1415344486,1418439769,1394879690,1581810132,1462668989,1416793558
d26c31141ecd7d50a6b542582ec1b539,BTBNSL_wt-Rounded_BTWBNSL_insurance_1000_1_3.scores_TWBound_4.wcnf.xz,1420079039,1396085526,1421544420,1388734978,1409602590,1416061330,1419327547,1388734978,1584753115,1593657880,1423194643
78b5b92b4e2c9bb356a9a20b2f59399b,BTBNSL_wt-Rounded_BTWBNSL_insurance_100_1_3.scores_TWBound_3.wcnf.xz,173307672,170618001,172849785,170618001,173671218,172990224,173665034,171356531,175298073,177689869,173566513
4af3fc3687bb22fbddc7142952f088a6,BTBNSL_wt-Rounded_BTWBNSL_Water_1000_1_2.scores_TWBound_3.wcnf.xz,1329013179,1326413815,1329033479,1326413815,1329043664,1328713136,1329033479,1326463990,1358270882,1363109127,1329043665
0d35c423350dc723ea2cafb75c3cb3d6,BTBNSL_wt-Rounded_BTWBNSL_Wine_TWBound_3.wcnf.xz,129302170,127107906,129649318,127107900,131150737,128338278,129169423,127107900,135201808,133367529,131471394
14e87c9348f754a4f30aabbedf68a574,causal-discovery_wt-causal_Bands_6_277.wcnf.xz,96153,91349,91349,91349,91349,124273,124273,91349,105683,98337,117306
393c36b93c8fedb4a1e8610ba7e64ae0,causal-discovery_wt-causal_hailfinder_7_100.wcnf.xz,2418625,2036684,2527962,2036684,2436438,2036684,2036684,4556920,2036684,2036684,2036684
aecae0135d92afd0fcd7ea7358a74b6b,causal-discovery_wt-causal_insurance_8_10000.wcnf.xz,38605539,38605539,49666734,38605539,38605539,38605539,38605539,38605539,53764793,69355125,38605539
7ac312f397bce6cf6d60adf12ea6cef2,causal-discovery_wt-causal_Mildew_8_1000.wcnf.xz,69443335,69443335,69443335,69443335,69443335,69443335,69443335,218112985,69443335,69443335,69443335
8b73bb507e89cc9e38aec9cfba6986bb,causal-discovery_wt-causal_n6_i2_N500_uai13_log_int.wcnf.xz,877436991,877436991,877436991,877436991,877436991,877436991,877436991,877436991,1469359521,1469359521,877436991
acbdd56297635cacfa3e0a475952865f,causal-discovery_wt-causal_n7_i4_N500_uai14_log_int.wcnf.xz,43063408400,37532020924,39838116700,37532020924,37532020924,43883364400,54818305300,37532020924,138415729550,59334624300,105207216804
c5954efa03b4988560cb542a3389e215,causal-discovery_wt-causal_Water_10_100.wcnf.xz,1885872,1885872,1885872,1885872,1885872,1885872,1885872,92943891,5542688,5638771,1885872
19aa76ad81cf5ea98ede53690836f46e,correlation-clustering_wt-Rounded_CorrelationClustering_Ionosphere_BINARY_N280_D0.200.wcnf.xz,7618012,7176694,7660616,7176694,7649084,7378098,7671678,30222813,7499802,7479025,7493098
9b6a035cb7ee49abd407c6f8193fe66a,correlation-clustering_wt-Rounded_CorrelationClustering_Ionosphere_BINARY_N300_D0.200.wcnf.xz,8237145,8114420,8094455,8094455,8137218,8269239,8206398,32939993,8444509,8522587,8288276
598a1a507aebd6a15e5a2cf5f412d365,correlation-clustering_wt-Rounded_CorrelationClustering_Protein1_BINARY_N320.wcnf.xz,20010236,19715422,20312912,19715422,19935048,20006117,19917439,194099175,19986646,20020675,20016493
057227c198b1a1ad5bf3483939dfc5d2,correlation-clustering_wt-Rounded_CorrelationClustering_Protein1_BINARY_N400.wcnf.xz,33649127,33004266,34257486,33004266,33745770,33843601,33597992,285963697,33746674,33737412,33671332
24e0f9d7ec598060f7a7a06b6e777d0f,correlation-clustering_wt-Rounded_CorrelationClustering_Protein1_TRANSITIVE_N270.wcnf.xz,15716551,15714757,15716551,15714757,15716551,15716551,15716551,15714757,15716551,15716551,15716890
79819c3249fdbe0073e50cf2151f1f03,correlation-clustering_wt-Rounded_CorrelationClustering_Protein1_UNARY_N250.wcnf.xz,15178095,14210092,14566024,14210092,15649412,15375346,15519720,19332464,14430294,14443628,15523794
6e75cf8f8dd30e83e0a9645a50e7aafd,correlation-clustering_wt-Rounded_CorrelationClustering_Protein3_TRANSITIVE_N200.wcnf.xz,12826525,12826525,12826525,12826525,12826525,12826525,12826525,12826525,12826525,12826525,12826525
5b33d4189b8be88847e5b6779e2f4c02,correlation-clustering_wt-Rounded_CorrelationClustering_Protein3_TRANSITIVE_N220.wcnf.xz,13890288,13890288,13890288,13890288,13890288,13890288,13890288,111981907,13890288,13890288,13890288
180edf6d00b40911ae9fb36c0f7ebfd7,correlation-clustering_wt-Rounded_CorrelationClustering_Protein4_BINARY_N360.wcnf.xz,15658391,16421922,16817438,15658391,16680408,16301240,17431636,144532058,16698801,16609578,16415539
dc7935975562c2568f61bc2869283371,correlation-clustering_wt-Rounded_CorrelationClustering_Protein4_BINARY_N400.wcnf.xz,19980184,18641643,19840125,18303251,18303251,18332366,18768941,170812960,18343348,18530096,18386263
c1784db8f929804dee5896aaae4f8813,correlation-clustering_wt-Rounded_CorrelationClustering_Protein4_TRANSITIVE_N190.wcnf.xz,3553940,3553940,3553940,3553940,3553940,3553940,3553940,4801544,3553940,3553940,3553940
b090ac6140df360c7e32e91df0e49111,correlation-clustering_wt-Rounded_CorrelationClustering_Vowel_BINARY_N700_D0.200.wcnf.xz,76066495,72940868,75396152,72335832,72335832,72967638,73148309,124995204,84527814,85226590,73623281
3f1f434cb98fb79966f667ced531ad0d,CSG_wt-CSG140-140-6.wcnf.xz,52385,52385,52385,52385,52385,52385,52385,52385,53214,53214,52385
4a2e71bc2e4a949785befe83f811bce1,CSG_wt-CSGNaive140-140-6.wcnf.xz,56309,56309,56309,56309,56309,56309,56309,56309,57138,57138,56309
a8277c4b2bb3f00d3cb60f3c0a200be5,decision-tree-australian-credit-un-formula_0.8_2021_atleast_15_max-3_reduced_incomplete_adaboost_2.wcnf.xz,180,131,180,131,190,195,180,142,176,180,222
519c744bd687eacb41da842bc7b42920,decision-tree-australian-credit-un-formula_0.8_2021_atleast_15_max-3_reduced_incomplete_adaboost_5.wcnf.xz,622,390,495,390,603,610,647,528,598,611,596
c27c4a4aaf83d5713e76fc0b7ab15884,decision-tree-australian-credit-un-formula_0.8_2021_atleast_63_max-5_reduced_incomplete_adaboost_3.wcnf.xz,210,186,300,186,253,309,289,225,280,275,311
777b665b14a306478632f3f21d19aebf,decision-tree-australian-credit-un-formula_0.8_2021_atleast_63_max-5_reduced_incomplete_adaboost_5.wcnf.xz,363,342,406,309,367,423,479,309,394,449,455
bdbc3fd7146e47fadd302d9b7a655ce5,decision-tree-heart-cleveland-un-formula_0.8_2021_atleast_127_max-6_reduced_incomplete_adaboost_5.wcnf.xz,174,106,93,93,163,170,135,111,172,174,153
34b07459857d13d316d64e12f00f6249,decision-tree-heart-cleveland-un-formula_0.8_2021_atleast_15_max-3_reduced_incomplete_adaboost_5.wcnf.xz,169,142,122,122,162,193,147,143,190,174,179
d8f5cdbc2e7d125910757a85590e0a3f,decision-tree-heart-cleveland-un-formula_0.8_2021_atleast_15_max-3_reduced_incomplete_adaboost_6.wcnf.xz,243,174,227,174,241,218,243,190,245,249,263
71475ff419f63694935c1d9472487d93,decision-tree-primary-tumor-un-formula_0.8_2021_atleast_127_max-6_reduced_incomplete_adaboost_4.wcnf.xz,170,103,199,77,203,138,201,77,202,197,186
c9572e86b585e47ef8172229a489d368,decision-tree-primary-tumor-un-formula_0.8_2021_atleast_15_max-3_reduced_incomplete_adaboost_2.wcnf.xz,70,74,74,67,70,67,70,71,84,84,67
9c06dc24f80455ed213f987250eeb915,decision-tree-primary-tumor-un-formula_0.8_2021_atleast_31_max-4_reduced_incomplete_adaboost_3.wcnf.xz,127,108,148,108,130,141,137,113,144,145,139
0d1a5c9581ff245778bfee89b4e310d2,decision-tree-primary-tumor-un-formula_0.8_2021_atleast_63_max-5_reduced_incomplete_adaboost_4.wcnf.xz,169,129,146,124,161,169,142,124,168,167,167
019235b02282a49d8e4c3b54ffb54e6b,decision-tree-primary-tumor-un-formula_0.8_2021_atleast_63_max-5_reduced_incomplete_adaboost_5.wcnf.xz,235,182,248,174,259,249,253,174,241,231,248
e7bc65600b70aa16d0d659311fbb57df,decision-tree-tic-tac-toe-un-formula_0.8_2021_atleast_127_max-6_reduced_incomplete_adaboost_3.wcnf.xz,193,188,179,149,177,149,225,304,382,355,204
476fadb288b6d5bd29e47ff51d6e797a,decision-tree-tic-tac-toe-un-formula_0.8_2021_atleast_127_max-6_reduced_incomplete_adaboost_5.wcnf.xz,425,259,307,259,294,282,369,356,582,582,355
67f0551b0099cbb9378924275361ff76,decision-tree-tic-tac-toe-un-formula_0.8_2021_atleast_31_max-4_reduced_incomplete_adaboost_2.wcnf.xz,182,199,185,177,177,212,209,300,285,280,179
c7be47d94f97f12ab5e026d0e121a1fc,drmx-cryptogen_wt-threshold128_0.wcnf.xz,823,809,820,809,819,828,819,870,822,825,823
8d04368ee9a63120d9535820179ec975,drmx-cryptogen_wt-threshold128_1.wcnf.xz,821,811,819,811,818,830,819,848,825,823,821
a2c666eeb90d90a3164db99d2a5a98a5,drmx-cryptogen_wt-threshold128_2.wcnf.xz,821,813,819,800,818,830,821,800,823,823,821
dddb1d1f7f58a4f05154950b46b1fd79,drmx-cryptogen_wt-threshold128_6.wcnf.xz,819,813,821,813,819,829,824,872,824,826,819
b467da67e895a72a60f1083f4eed95ec,drmx-cryptogen_wt-threshold128_8.wcnf.xz,813,810,818,800,818,827,819,800,824,823,813
26e72f06828c3e5b538a622d2719c8b1,frb_wt-frb40-19-3.wcnf.xz,721,721,722,720,722,720,721,727,720,720,722
9247315767c75bcb5f040be8880822a2,frb_wt-frb40-19-4.wcnf.xz,722,720,722,720,722,721,721,726,721,721,722
b7bc25395e94fcc55a0f9d54164171ec,haplotyping-pedigrees_wt-ped2.G.recomb10-0.20-12.wcnf.xz,54713,54713,,54713,54713,54713,54713,54713,54920,54942,54713
3dcc9d42d8a3fdfb33ae07d28917f2b8,haplotyping-pedigrees_wt-ped2.G.recomb10-0.20-13.wcnf.xz,40755,40755,40755,40755,40755,40755,40755,40839,40936,40958,40755
b1d7ff30f1c25483007ab9691f073409,judgment-aggregation-ja-kemeny-preflib-00043-00000180.wcnf.xz,433,434,433,433,433,433,433,2781,433,433,433
4283da056deba325e5ffe54df5a0fec4,judgment-aggregation-ja-kemeny-preflib-00049-00000287.wcnf.xz,782,794,782,782,782,782,782,3395,782,782,782
198c7ec7fec760f783436e46bdd11f17,judgment-aggregation-ja-kemeny-preflib-00049-00000300.wcnf.xz,776,781,776,776,776,776,776,951,776,776,776
b2fbe37a58a1be9a0a26dca3c890b26a,judgment-aggregation-ja-kemeny-preflib-00049-00000334.wcnf.xz,542,553,542,542,542,542,542,636,542,542,542
586739fc15abdca970197a2aa5bac265,judgment-aggregation-ja-kemeny-preflib-00049-00000353.wcnf.xz,554,560,554,554,554,554,554,598,554,554,554
43915ec682580ee7d3f4ce3c8e002af5,judgment-aggregation-ja-kemeny-preflib-00049-00000377.wcnf.xz,647,653,647,647,647,647,647,830,647,647,647
a50d701de53dd7bd9e969ccbd9421e77,judgment-aggregation-ja-kemeny-preflib-00049-00000451.wcnf.xz,928,940,929,928,928,928,928,8227,928,928,928
18210ee558608266daece1d1f86bd874,judgment-aggregation-ja-kemeny-preflib-00049-00000454.wcnf.xz,631,647,631,631,631,631,631,1127,631,631,631
33334159a2ae99f7bc99a5a8eb719fb6,judgment-aggregation-ja-kemeny-preflib-00049-00000468.wcnf.xz,548,561,548,548,548,548,548,1777,548,548,548
4bf4f3c2f4f3a35642045394ac9dcf48,judgment-aggregation-ja-kemeny-preflib-00049-00000614.wcnf.xz,792,794,792,792,792,792,792,876,792,792,792
c3a02d715c2773ade64c8c0d9e6da28d,judgment-aggregation-ja-kemeny-preflib-00051-00000007.wcnf.xz,545,553,545,545,545,545,545,1963,545,545,545
62c82f858ce7dd9c1fb2898b7bf63f25,judgment-aggregation-ja-kemeny-preflib-00051-00000009.wcnf.xz,633,637,633,633,633,633,633,2167,633,633,633
7f428c56dc1519c511355cf5a2072941,judgment-aggregation-ja-kemeny-preflib-00051-00000011.wcnf.xz,695,703,694,694,694,694,694,2503,694,694,694
524b2c384626eccac11398c9513c08ae,lisbon-wedding_wt-lisbon-wedding-10-17.wcnf.xz,377,377,377,377,377,377,377,377,431,422,377
38517a0ed43ce0aff6d19f310cfd567e,lisbon-wedding_wt-lisbon-wedding-10-18.wcnf.xz,378,378,378,378,378,378,378,378,431,419,378
aa35b2efa48005d10c329819ba3a506e,lisbon-wedding_wt-lisbon-wedding-1-18.wcnf.xz,961,961,,961,961,961,961,961,961,1215,961
1aaaf7e279ccbc25f769c6d3e58e0923,lisbon-wedding_wt-lisbon-wedding-1-19.wcnf.xz,,,,,,,,,,,
148649727d1a5a7794936022b232b8e8,lisbon-wedding_wt-lisbon-wedding-3-18.wcnf.xz,,,,,,,,,,,
5480c6eea887e886047292b05e9b9d65,lisbon-wedding_wt-lisbon-wedding-4-17.wcnf.xz,803,803,,803,803,803,803,803,803,1457,803
062615a558dd4880fad3a2fc600a7d91,lisbon-wedding_wt-lisbon-wedding-5-19.wcnf.xz,805,805,805,805,805,805,805,805,1120,970,805
b09dd34e45bcdb8678a417c2374eec8f,lisbon-wedding_wt-lisbon-wedding-6-19.wcnf.xz,807,805,805,805,805,805,805,805,870,981,805
248b1e8a2957fa99a988bddeaedd6524,lisbon-wedding_wt-lisbon-wedding-7-18.wcnf.xz,420,420,421,420,420,420,420,420,472,467,420
ca527d9b4fd26daddd82ace0cfa0f16e,lisbon-wedding_wt-lisbon-wedding-7-19.wcnf.xz,424,424,426,424,424,424,424,424,476,476,424
1c3897d3da22a5c41e5c901ebd188080,lisbon-wedding_wt-lisbon-wedding-8-17.wcnf.xz,395,395,395,395,395,395,395,395,448,435,396
f514a7cbe7bfaecef9e0a28f509165d6,lisbon-wedding_wt-lisbon-wedding-9-17.wcnf.xz,394,394,395,394,394,394,394,395,441,442,394
34519d4da3de2d9377578bd380ef842e,lisbon-wedding_wt-lisbon-wedding-9-18.wcnf.xz,395,395,395,395,395,395,395,395,432,436,395
88d32ff789a165c2b9858d97852b7aa4,max-realizability_wt-power-distribution_10_7.wcnf.xz,60,66,60,60,60,60,60,60,60,60,60
b917200e0322d18750fedab5c9b5f8e9,max-realizability_wt-power-distribution_11_6.wcnf.xz,126,127,127,126,126,126,126,126,126,126,126
02f0572a56d1a1364634aa0b6d337bc7,max-realizability_wt-power-distribution_11_7.wcnf.xz,126,130,126,126,126,126,126,126,126,126,126
0a9392e11e6d53d07160587720cba34e,max-realizability_wt-power-distribution_12_7.wcnf.xz,216,224,216,216,216,216,216,216,216,216,216
5df1b93feaa877727e59830f4df23fa6,MaxSATQueriesinInterpretableClassifiers_wt-compas_train_2_CNF_3_15.wcnf.xz,31515,31545,31544,31514,31575,31589,31515,35447,31514,31514,31589
c925a01d948a971b76f4673c0501e8c1,MaxSATQueriesinInterpretableClassifiers_wt-heart_train_1_CNF_3_5.wcnf.xz,171,171,171,171,171,171,171,171,171,171,171
8b020030f0d066a8dedf6fd51b29ef65,MaxSATQueriesinInterpretableClassifiers_wt-twitter_train_5_CNF_4_10.wcnf.xz,15865,15329,16025,14343,14825,14562,15634,118904,15550,15009,14343
f42ff850de91b7073d2832c1056746e0,metro_wt-metro_8_8_5_20_10_6_500_1_3.lp.sm-extracted.wcnf.xz,138,138,138,138,138,138,138,138,187,191,138
d72b8cabd334fa4dccd0158384f9add0,MinimumWeightDominatingSetProblem_wt-bn-human-BNU_1_0025865_session_1-bg.wcnf.xz,119326037,119325948,,119324637,119325381,119324637,119325264,119337619,119325657,119332639,119331636
3d12ebd88525ddae7249edf6cc4cfdb0,MinimumWeightDominatingSetProblem_wt-channel-500x100x100-b050.wcnf.xz,26717605,39738699,26491826,26428471,26903826,26682413,26428471,49453596,26595408,26478967,26921363
0803cb5e95b150932996026b3d39d6a7,MinimumWeightDominatingSetProblem_wt-delaunay_n24.wcnf.xz,206749580,206607445,,205096864,207267665,206947191,205096864,349256684,206792237,334196367,250699201
90f547247fbccdcca329b0723a6c56a4,MinimumWeightDominatingSetProblem_wt-hugebubbles-00020.wcnf.xz,,469941470,,469941470,522052992,472500253,472509534,597755113,604668096,597674280,575230053
b8f21602a87ca4573418d0fad28219ba,MinimumWeightDominatingSetProblem_wt-inf-road-usa.wcnf.xz,,624089416,,624089416,801235928,626498835,626474059,755759876,765137918,755673060,793889837
04d42d7d0d997b5350cd991734a9c6c3,MinimumWeightDominatingSetProblem_wt-rgg_n_2_24_s0.wcnf.xz,,33573460,,33573460,59114099,35020780,35516108,33708758,33770255,33906243,100648639
02a100f8d984252f043ac236091d531b,MinimumWeightDominatingSetProblem_wt-sc-rel9.wcnf.xz,11692403,14298567,11705951,11193466,11657938,11219361,11193466,21809496,13056596,13085658,11641093
b8c61036759e935f0e05f722121a27fc,MinimumWeightDominatingSetProblem_wt-socfb-uci-uni.wcnf.xz,,,,,,,,,,,
997857e847fc19f6243cfbb6bcfa779f,MinimumWeightDominatingSetProblem_wt-soc-livejournal-user-groups.wcnf.xz,,86090251,,86090251,86121413,86111620,86106319,86114255,,,86120213
8626cac83f20bf23efebb49841c702a1,MinimumWeightDominatingSetProblem_wt-web-wikipedia2009.wcnf.xz,26892487,26850054,26890887,26850054,26880248,26871057,26865587,45872690,27059025,27052265,26886340
a7a421573435004dc34c6d32805e4d34,mpe_wt-random-net-20-5_network-3.net.wcnf.xz,19569,19569,19569,19569,19569,19569,19569,21637,19569,19569,19569
be175a11c2b0982a478498a2bff98146,mpe_wt-random-net-30-5_network-4.net.wcnf.xz,28151,28863,28151,28151,28151,28151,28151,29945,28151,28151,28151
2987443823c6148b843567488ac37639,mpe_wt-random-net-60-3_network-7.net.wcnf.xz,52096,56974,51720,51691,51787,51691,51924,54018,51797,51971,51691
2a583f314a935d580e4e6c9aa4600640,ParametricRBACMaintenance_mse20_wt-role_domino_multiple_0.1_1.wcnf.xz,41212,41527,41269,38388,39556,38510,40568,43318,39256,39628,38388
ec68cca4d4f95527f18cd95ba520460c,ParametricRBACMaintenance_mse20_wt-role_domino_multiple_0.3_1.wcnf.xz,98587,99904,98149,97098,100488,98501,99303,97098,98199,98416,100021
42d9e264ef3e8a591eefc6e008bf7813,ParametricRBACMaintenance_mse20_wt-role_domino_multiple_0.3_9.wcnf.xz,94134,92485,93976,92485,99946,93192,94819,95900,93883,93420,96661
7d70d6baf82af30f64c3b4e46023c644,ParametricRBACMaintenance_mse20_wt-role_domino_multiple_0.4_0.wcnf.xz,125962,124524,125553,123081,127076,126035,123081,380693,124391,125385,126046
a8eb6020fca93d03b0bf46185f7fd719,ParametricRBACMaintenance_mse20_wt-role_domino_multiple_0.4_1.wcnf.xz,123585,122681,125403,122327,125714,124592,125888,391214,125148,122327,126042
dee1c3978e800fcf35f39e41435b41ac,ParametricRBACMaintenance_mse20_wt-role_domino_multiple_0.5_6.wcnf.xz,135596,136114,135929,135356,136536,135958,136137,469746,135356,135605,135724
b39af76b68f228844909ffa5281120e3,ParametricRBACMaintenance_mse20_wt-role_domino_multiple_0.5_7.wcnf.xz,136088,136560,136342,136084,136875,136303,136309,459674,136084,136121,137935
41232e1db6ebae3e7c15d09afc5bffcb,ParametricRBACMaintenance_mse20_wt-role_domino_multiple_0.7_0.wcnf.xz,169791,169668,169656,169656,170148,170301,170094,499736,169887,169761,170262
21c1124f8b7548e27c8e89613cbd25f6,ParametricRBACMaintenance_mse20_wt-role_domino_multiple_0.7_7.wcnf.xz,161090,163880,162161,160970,168438,165333,161162,492785,160970,161084,161702
87cf4d4e78081d9c0a59cbf5eb8c156f,ParametricRBACMaintenance_mse20_wt-role_smallcomp_multiple_0.1_9.wcnf.xz,107667,107667,107667,107667,107667,107667,107667,107667,107667,107667,107667
c4a701fcbe03ebe136082341515d8f79,ParametricRBACMaintenance_mse20_wt-role_smallcomp_multiple_0.4_2.wcnf.xz,193813,193813,195833,193813,194495,193813,193813,379201,193813,193813,193813
b63db39dbdf342db4162625c8b574ec6,ParametricRBACMaintenance_mse20_wt-role_smallcomp_multiple_0.5_2.wcnf.xz,224309,224309,224309,224309,224309,224309,224435,426157,224309,224309,224309
c32205c2670278499b9c1dee5581ccf1,ParametricRBACMaintenance_mse20_wt-role_smallcomp_multiple_0.8_0.wcnf.xz,313158,313158,313158,313158,313158,313158,313158,516192,313480,313636,313158
5e20873643a2354806928e7e43274c6c,ParametricRBACMaintenance_mse20_wt-role_smallcomp_multiple_0.8_2.wcnf.xz,296397,296197,297213,296197,296197,296397,296397,647742,296197,296705,296397
255f94cac10257c8c34c8f0ce7350157,ParametricRBACMaintenance_mse20_wt-role_smallcomp_multiple_0.8_6.wcnf.xz,268153,267739,268153,267463,268429,268015,267946,299007,267463,267463,268153
20dc7d694fe26d2129762a5f2d7e24db,planning-bnn-inventory_4_7.wcnf.xz,15,15,,15,15,15,15,15,15,15,15
0858ba3db9899db3d1b7833f0f609604,planning-bnn-inventory_4_8.wcnf.xz,17,17,,17,17,17,17,17,17,22,17
ee444602539e1567ef6828e7230f0bf4,preference_planning_wt-WCNF_pathways_p16.wcnf.xz,257,257,257,257,257,257,257,257,257,257,257
f4811b8f8928b933da326e69807b3525,protein_ins_wt-1bpi_.2knt_.g.wcnf.t.wcnf.xz,2407,2407,2407,2407,2407,2407,2407,2407,2407,2407,2407
5573f037b9bb7877b6ba98186ebd9f0c,protein_ins_wt-1knt_.1bpi_.g.wcnf.t.wcnf.xz,2464,2464,2464,2464,2464,2464,2464,2464,2464,2464,2464
46f1a3f8a26638731e4acaf750df0f93,protein_ins_wt-1knt_.5pti_.g.wcnf.t.wcnf.xz,2208,2208,2208,2208,2208,2208,2208,2208,2208,2208,2208
a86f5c6b9f7a4eb0a35288a9e102d6f4,protein_ins_wt-2knt_.5pti_.g.wcnf.t.wcnf.xz,2156,2156,2156,2156,2156,2156,2156,2156,2156,2156,2156
995aa7739b60270e5db3650dd1507b04,protein_ins_wt-3ebx_.1era_.g.wcnf.t.wcnf.xz,2517,2517,2517,2517,2517,2517,2517,2517,2517,2517,2517
ea2a3bce452df0f370ac8053c25adab6,protein_ins_wt-6ebx_.1era_.g.wcnf.t.wcnf.xz,1646,1646,1646,1646,1646,1646,1646,1646,1646,1646,1646
c3c28a7b302037146fb201ee42798ea6,protein_ins_wt-p1.wcnf.t.wcnf.xz,2407,2407,2407,2407,2407,2407,2407,2407,2407,2407,2407
155f9b22b706d04986e8df4500417c86,protein_ins_wt-sandiaprotein.g.wcnf.t.wcnf.xz,2248,2248,2248,2248,2248,2248,2248,2248,2248,2248,2248
045525530451be86407c4b107569a1c9,pseudoBoolean_wt-normalized-mps-v2-20-10-mod010.opb.msat.wcnf.xz,,,,,,,,,,,
341275422bb66b3e8b872168a409dd6e,quantum-circuit-grover-noancilla_4_52_ibmq-casablanca_7.wcnf.xz,27,27,27,27,27,27,27,90,363,399,27
13d6ab3663956ff5d1ef5041cc3b194d,quantum-circuit-qgan_6_15_ibmq-casablanca_7.wcnf.xz,24,24,24,24,24,24,24,24,99,120,24
bf312e3713f08c2baff18d90037798e9,railway-transport_wt-bf2030fvcons.wcnf.xz,3281,3271,,3271,3281,3281,3281,3483,3280,4257,3281
f22a9b93914330eb63ccccd293d632be,railway-transport_wt-bf2030fvslack.wcnf.xz,245735,256825,,245735,245735,245735,245735,368613,246650,561747,245735
ae9f667f8c9e86649c7b57aee0a1b945,railway-transport_wt-f2030.wcnf.xz,4400,4250,4494,4250,4494,4494,4494,6444,4775,4825,4373
e663d06d76208c5e2c8766771ab8fdfc,railway-transport_wt-r11.wcnf.xz,45935393,55596824,45470785,43336995,46869315,45633147,45300322,75709231,44026949,43336995,47324265
dba3af5b4fb143b01fe017337feeee9f,railway-transport_wt-wg2.wcnf.xz,99,78,93,78,80,80,100,394,141,136,84
1d25f6c483abd093d16edfd0efd23645,ramsey_wt-ram_k3_n11.ra1.wcnf.xz,318,318,318,318,318,318,318,318,318,318,318
02579269d1651bee4cbb66dca9a3edf1,ramsey_wt-ram_k3_n12.ra1.wcnf.xz,524,524,524,524,524,524,524,524,524,524,524
7a4d3c36acb0b0836f0c47ac22b9b2a2,ramsey_wt-ram_k3_n17.ra1.wcnf.xz,10372,11856,10372,10372,10372,10372,10372,24323,10372,10372,10372
8c0d647335a376b8256d3d60a96f4a14,ramsey_wt-ram_k3_n18.ra1.wcnf.xz,15621,19032,15621,15621,15925,15621,15621,38124,15621,15621,15786
904f32d315ae7de10e3e9b9b0c1159f2,relational-inference_wt-ar-2.wcnf.xz,394798,394752,394795,394752,394851,394827,394807,400148,394776,394770,394840
0f1c52389db20638ea273317523fa709,relational-inference_wt-pa-1.wcnf.xz,1556,820,1036,820,1304,1283,2068,923645,7589,7993,1290
fcfeb7a452588be4899f26214fa8e23e,relational-inference_wt-pa-2.wcnf.xz,,5950,,1110,126401,5183,3618,3458,4282,6457,1110
8d50d71fc2445bbed796b9a48dfd72fa,relational-inference_wt-pa-3.wcnf.xz,,1547,,1411,22509,1491,1411,1567,5189,2377,6725
1d1e713e9a24686335fc8994c573e9f3,setcover_wt-rail2536.wcnf.xz,,738,,724,753,751,747,724,737,737,751
b8c4ef0511b9098822ee71f6abcfbf62,setcover_wt-rail4284.wcnf.xz,,1152,,1120,1167,1176,1177,1120,1156,1156,1171
f15c993d5534561f9a242d70e1c8333c,setcover_wt-rail4872.wcnf.xz,1657,1575,,1575,1646,1654,1615,2461,1654,1636,1632
8ae475de527f66116b203f7b70c73988,setcover_wt-rail507.wcnf.xz,188,226,188,177,182,179,177,303,187,187,181
111d3323f22b1a44b613b78c35279f34,setcover_wt-rail516.wcnf.xz,186,215,185,182,184,182,182,244,186,186,183
38cc273f22bde72a1d97930c807ea013,setcover_wt-rail582.wcnf.xz,221,263,219,213,216,215,213,324,218,221,217
3e28b995805dafa9103914f1c6248d76,spot5_wt-1405.wcsp.dir.wcnf.xz,459420,461437,459424,459420,459427,459421,459423,530473,459423,459422,459421
9bb155542219893b71728c1b0eaa1fea,spot5_wt-1405.wcsp.log.wcnf.xz,459416,459453,459416,459415,459422,459417,459415,494485,459416,459416,459417
3a8585295a09ed28a4fb9d9876374b81,spot5_wt-1407.wcsp.log.wcnf.xz,459574,459628,459571,459571,459581,459572,459573,490687,459573,459573,459576
2a847b03285818f0a871eff5e6f0a2d2,switchingactivitymaximization-SwitchingActivityMaximization_OpenRISC1200_100.wcnf.xz,20,28,,20,24,26,30,32,24,392,20
8870bb009bcb1d8121fabebbe85228aa,switchingactivitymaximization-SwitchingActivityMaximization_OpenRISC1200_150.wcnf.xz,72,80,,66,74,72,78,93,82,528,66
3f96b2fd08e9769db144080f60761070,switchingactivitymaximization-SwitchingActivityMaximization_OpenRISC1200_200.wcnf.xz,126,107,,107,112,108,110,111,110,602,116
378bef86e5e5c933733b59db319ae0c1,switchingactivitymaximization-SwitchingActivityMaximization_OpenRISC1200_66.wcnf.xz,14,10,,4,12,8,12,18,4,228,4
029c26f52d9c640d926fbd4b70a163fd,switchingactivitymaximization-SwitchingActivityMaximization_OpenRISC1200_68.wcnf.xz,16,9,,9,18,20,12,9,14,193,18
f7e0795ad9f74e492158cb3d20e2ca4b,switchingactivitymaximization-SwitchingActivityMaximization_OpenRISC1200_70.wcnf.xz,6,6,,6,10,10,6,18,6,240,6
9df4e09614ddbfa3a33df2d6fbc63583,switchingactivitymaximization-SwitchingActivityMaximization_OpenRISC1200_74.wcnf.xz,16,20,,16,20,24,22,32,22,277,24
d0c8c4a2b1c6dff010df6fe5b63037c3,switchingactivitymaximization-SwitchingActivityMaximization_OpenRISC1200_76.wcnf.xz,22,22,,10,22,24,10,40,22,231,26
18d5b79268f7b1ccf7bd9ab479981136,switchingactivitymaximization-SwitchingActivityMaximization_OpenRISC1200_80.wcnf.xz,18,12,,12,22,22,24,59,18,306,16
ff0bd704a10e011cac41f9038fc2e493,synplicate_new-synplicate_complete_tree_arity2_feature_4_size_10_ms_0_25_0_erm.wcnf.xz,250,250,250,250,250,250,250,250,571,563,250
39ebffdf5b7c5b0ef25dc5fe53040204,synplicate_new-synplicate_complete_tree_arity2_feature_4_size_11_ms_0_25_0_erm.wcnf.xz,224,224,224,224,224,224,224,224,605,655,224
3332f249f67f78ea332d79e914936ccd,synplicate_new-synplicate_complete_tree_arity2_feature_4_size_6_ms_0_25_0_erm.wcnf.xz,336,336,336,336,336,336,336,336,417,457,336
de4858e13d9b59ad0e352c77fcde2a03,synplicate_new-synplicate_complete_tree_arity2_feature_4_size_8_ms_0_25_0_erm.wcnf.xz,318,318,318,318,318,318,318,318,540,511,318
99e1bbd626eca9d267490f6052b5eed1,synplicate_new-synplicate_complete_tree_arity2_feature_4_size_9_ms_0_25_0_erm.wcnf.xz,281,287,281,281,281,281,281,281,526,561,281
4f1e9355e088e1e74012413bb8b645cb,synplicate_new-synplicate_complete_tree_arity3_feature_3_size_10_ms_0_25_0_erm.wcnf.xz,182,182,182,182,197,199,198,188,596,611,182
b5a935918a6ad05287fe65bde5d1e60f,synplicate_new-synplicate_complete_tree_arity3_feature_3_size_11_ms_0_25_0_erm.wcnf.xz,132,126,152,126,126,142,126,132,647,632,143
fee781804297b78a6404a842cc9a0121,synplicate_new-synplicate_complete_tree_arity3_feature_3_size_5_ms_0_25_0_erm.wcnf.xz,311,323,311,311,311,311,311,313,441,431,311
e9440fa33e81a3391756f916451ea5b8,synplicate_new-synplicate_complete_tree_arity3_feature_3_size_8_ms_0_25_0_erm.wcnf.xz,261,251,261,244,261,258,261,244,514,522,260
734652d90e7feb8d32f2232af06bb970,synplicate_new-synplicate_complete_tree_arity3_feature_4_size_10_ms_0_25_0_erm.wcnf.xz,574,597,587,574,590,580,588,613,855,845,577
b80d8eabb200da8d50afac436975305c,synplicate_new-synplicate_complete_tree_arity3_feature_4_size_12_ms_0_25_0_erm.wcnf.xz,619,610,,606,606,619,619,668,610,964,606
8c33b27e08fe4f2df71ab0f3b9608a75,synplicate_new-synplicate_complete_tree_arity3_feature_4_size_5_ms_0_25_0_erm.wcnf.xz,506,507,506,506,506,506,506,518,599,594,506
ad23534f0f9e2da7486305e2814a8395,synplicate_new-synplicate_complete_tree_arity3_feature_4_size_6_ms_0_25_0_erm.wcnf.xz,521,527,521,521,521,521,521,540,648,641,521
76b428aef80e7bec381033f7ed6ee558,synplicate_new-synplicate_complete_tree_arity5_feature_3_size_7_ms_0_25_0_erm.wcnf.xz,490,480,472,472,472,472,486,556,665,678,479
bdd11bbd81b6bc433b6fb5edcdcee40e,synplicate_new-synplicate_synthetic_dag_run1_14_size_5_ms_0_25_0_erm.wcnf.xz,230,225,283,208,241,208,264,571,364,397,208
921f9c0682b62604ff7c9a3f4499dc19,synplicate_new-synplicate_synthetic_dag_run1_14_size_6_ms_0_25_0_erm.wcnf.xz,224,213,251,213,226,222,250,672,464,516,226
b22a7099a4197d17a78bd6cef572efc2,synplicate_new-synplicate_synthetic_dag_run1_16_size_4_ms_0_25_0_erm.wcnf.xz,156,147,222,147,156,184,201,177,284,268,184
808203687b724cece111eb7e4ec02c73,synplicate_new-synplicate_synthetic_dag_run1_17_size_5_ms_0_25_0_erm.wcnf.xz,66,66,71,66,66,67,68,79,112,119,66
eaa080b2cf9b230aa3ca301ca4bc55e1,synplicate_new-synplicate_synthetic_dag_run2_0_size_10_ms_26_50_0_erm.wcnf.xz,980,920,,892,936,892,1146,1376,1023,1685,1094
18f8cba822c5867228bef135e81b28f8,synplicate_new-synplicate_synthetic_dag_run2_10_size_11_ms_26_50_0_erm.wcnf.xz,803,518,,518,742,710,763,1387,601,1525,756
1b69dd0463d889b6412067a465e63ebf,synplicate_new-synplicate_synthetic_dag_run2_11_size_10_ms_26_50_0_erm.wcnf.xz,524,400,,400,522,605,903,1309,730,1185,839
3e45d8bbb973e3781cdac3df957c46a9,synplicate_new-synplicate_synthetic_dag_run2_12_size_8_ms_26_50_0_erm.wcnf.xz,466,515,554,413,419,482,413,1085,846,736,606
11af6d9ba4c11d34fe7f8962b68c27b1,synplicate_new-synplicate_synthetic_dag_run2_13_size_11_ms_26_50_0_erm.wcnf.xz,818,567,,567,875,930,930,1045,625,1173,913
3f04fd674fa34bff028f47a5c10976a1,synplicate_new-synplicate_synthetic_dag_run2_16_size_9_ms_26_50_0_erm.wcnf.xz,749,400,656,398,672,398,626,990,1146,1045,580
b8389b9101cc7b1e7f45829e2e9376a5,synplicate_new-synplicate_synthetic_dag_run2_17_size_10_ms_26_50_0_erm.wcnf.xz,906,1078,,810,1195,901,810,1472,976,1502,1102
ad107e3a78ddd92eb6c92aa6e9720e62,tcp_wt-tcp_students_112_it_13.wcnf.xz,2958,3141,2958,2958,2958,2958,2958,2958,2994,2994,2958
63134c140378ec451c0d842298b7b2b9,tcp_wt-tcp_students_112_it_5.wcnf.xz,3366,3366,3366,3366,3366,3366,3366,3366,3366,3366,3366
270b840d693c9af7d1f749889e48242d,tcp_wt-tcp_students_91_it_13.wcnf.xz,2730,2730,2730,2730,2730,2730,2730,2730,2730,2730,2730
7d71b2e65ec6e8071b9f26c1de0c9358,tcp_wt-tcp_students_98_it_11.wcnf.xz,2697,2697,2694,2694,2694,2694,2694,2694,2694,2694,2694
87b46cab3872871f34db889c0aadf10c,timetabling_wt-comp02.wcnf.xz,24,32,26,24,24,24,24,1297,97,100,24
9c6bfec02ba69e7ef1a01b7535114619,timetabling_wt-comp06.wcnf.xz,32,32,32,27,27,28,28,223,122,152,28
42f89bb1337fdc79b7e948089e6d08a4,timetabling_wt-comp07.lp.sm-extracted.wcnf.xz,48,3,157,3,19,37,26,4684,163,149,23
bd7a5a2ba07091279a45c26574681714,timetabling_wt-comp07.wcnf.xz,6,18,6,6,12,88,6,128,183,220,120
60eb29f31cde680016fdbe676e1c7d4a,timetabling_wt-comp09.wcnf.xz,104,97,104,97,104,104,110,717,126,128,104
16ff3e04b17befaaba55e9d5a3149476,timetabling_wt-comp10.wcnf.xz,4,4,4,4,4,4,4,21,64,110,4
7af24842dfb577e805381e4e75888407,timetabling_wt-comp21.wcnf.xz,90,80,94,80,86,86,90,416,163,131,86
9de195fd532b5f3b59148dd5bc1cc4b1,timetabling_wt-test4.wcnf.xz,179,134,199,134,189,215,242,421,450,359,200
