hash,filename,MaxHS,UWrMaxSAT,QMaxSAT2018,RC2-2018,Open-WBO-g,Open-WBO-ms,Open-WBO-ms-pre,maxino2018
e540ab13af64b98d29a97f8fee7eecbe,MaxSATQueriesinInterpretableClassifiers/heart_train_0_DNF_3_1.wcnf.xz,3600.0,3600.0,3600.0,3600.0,3600.0,3600.0,1195.98,3600.0
6a187f0fe1c33cb7eb16cafda649065a,MaxSATQueriesinInterpretableClassifiers/heart_train_0_DNF_2_1.wcnf.xz,15.1946,2.71946,19.6888,2.33404,32.3053,31.3593,12.9505,55.2265
5dd82ebcfc5716709cbfd75d80ce4988,MaxSATQueriesinInterpretableClassifiers/ionosphere_train_1_DNF_1_1.wcnf.xz,0.562529,0.0374821,0.58562,0.144948,0.666227,6.14252,0.281539,0.0185081
57fc0b4cb7545768dbb303a02ff8aef4,MaxSATQueriesinInterpretableClassifiers/wdbc_train_1_CNF_1_1.wcnf.xz,1.40342,0.0570749,0.549296,0.190209,0.314049,0.963924,0.565109,0.040899
9bebea364aab1ee5fc0b503ca04c8cdf,MaxSATQueriesinInterpretableClassifiers/tictactoe_train_1_CNF_3_1.wcnf.xz,3600.0,3600.0,3600.0,3600.0,3600.0,3600.0,3600.0,3600.0
98714ac4b9f127cef50f9ecd9fa19d9a,MaxSATQueriesinInterpretableClassifiers/titanic_train_1_CNF_2_1.wcnf.xz,14.4575,1.29168,38.2814,1.38904,211.826,227.657,195.007,19.5956
9484c7fbe7b1d8319a66e2480fba08c5,MaxSATQueriesinInterpretableClassifiers/titanic_train_0_CNF_4_1.wcnf.xz,3600.0,3600.0,3600.0,3600.0,3600.0,3600.0,3600.0,3600.0
936cab07071b0267a76b669c39a37a9e,MaxSATQueriesinInterpretableClassifiers/titanic_train_1_CNF_5_1.wcnf.xz,3600.0,3600.0,3600.0,3600.0,3600.0,3600.0,3600.0,3600.0
da4ee266fa7eabf3467882b887359ba0,MaxSATQueriesinInterpretableClassifiers/wdbc_train_0_CNF_3_1.wcnf.xz,3600.0,3600.0,3600.0,3600.0,3600.0,3600.0,1921.04,3600.0
4d15b6a427d3302be671ffa6a0481dd0,MaxSATQueriesinInterpretableClassifiers/compas_train_1_CNF_5_1.wcnf.xz,3600.0,3600.0,3600.0,3600.0,3600.0,3600.0,3600.0,3600.0
56ab304718203c3320959933ba3c5142,MaxSATQueriesinInterpretableClassifiers/adult_train_1_DNF_2_1.wcnf.xz,3600.0,3600.0,3600.0,3600.0,3600.0,3600.0,3600.0,3600.0
20dfcb3d526eeb5eaa626dff47f26570,MaxSATQueriesinInterpretableClassifiers/toms_test_0_CNF_4_1.wcnf.xz,3600.0,3600.0,3600.0,3600.0,3600.0,3600.0,3600.0,3600.0
f6c1ee635cded64b9374da57025c7f16,MaxSATQueriesinInterpretableClassifiers/credit_train_0_CNF_4_1.wcnf.xz,3600.0,3600.0,3600.0,3600.0,3600.0,3600.0,3600.0,3600.0
f142d6ad86f73913955546e4def848da,MaxSATQueriesinInterpretableClassifiers/twitter_test_1_CNF_5_1.wcnf.xz,3600.0,3600.0,3600.0,3600.0,3600.0,3600.0,3600.0,3600.0
b5944f2b1bf7a4a6fbc54a5690383630,MaxSATQueriesinInterpretableClassifiers/credit_train_1_CNF_5_1.wcnf.xz,3600.0,3600.0,3600.0,3600.0,3600.0,3600.0,3600.0,3600.0
b8f95666efa5ad223935c1676dde92fe,MaxSATQueriesinInterpretableClassifiers/ilpd_train_4_CNF_2_1.wcnf.xz,2.30809,0.265741,3.0219,0.428965,11.2864,8.45644,4.43054,2.42949
c2ceadb002f62b9f7d67f5d9cac98afb,MaxSATQueriesinInterpretableClassifiers/tictactoe_train_3_DNF_1_1.wcnf.xz,12.3218,0.324252,3.70935,0.698009,1.17528,6.56248,6.0774,0.813435
48494f95e7c5710053fab8764438f1c3,MaxSATQueriesinInterpretableClassifiers/pima_train_5_CNF_2_1.wcnf.xz,3600.0,12.7444,3600.0,8.42244,1440.19,917.28,113.634,437.567
c1a09102e76ad38be8b7357b3fec3ca3,MaxSATQueriesinInterpretableClassifiers/parkinsons_train_6_DNF_4_1.wcnf.xz,4.63014,0.691229,2.32402,3.63967,0.246637,7.15926,7.14766,2.21382
8d70d6cfabd47fbaa12a655f39c575ee,MaxSATQueriesinInterpretableClassifiers/titanic_train_9_CNF_2_1.wcnf.xz,27.8028,1.78083,41.9935,3.15037,213.027,326.022,168.936,79.0648
6f9a20b8565f0c3bb7646839b1e6b721,MaxSATQueriesinInterpretableClassifiers/ionosphere_train_2_CNF_2_1.wcnf.xz,3600.0,1081.78,1491.07,3600.0,3600.0,1375.79,241.032,3600.0
f825dbbde41e37f608ad00b68c293877,MaxSATQueriesinInterpretableClassifiers/compas_train_9_DNF_3_1.wcnf.xz,1664.08,3600.0,3600.0,632.722,3600.0,3600.0,3600.0,3600.0
50bf15409aa5cf3931192718889367bb,MaxSATQueriesinInterpretableClassifiers/ionosphere_train_1_CNF_5_1.wcnf.xz,3600.0,3600.0,3600.0,3600.0,3600.0,3600.0,3600.0,3600.0
d85ffa5e062c40cb8355f4a4b2bfcd0a,MaxSATQueriesinInterpretableClassifiers/compas_train_8_CNF_2_1.wcnf.xz,3600.0,80.1753,3600.0,70.021,3600.0,3600.0,3600.0,3600.0
4dcbd1fe7de122f8989507f7190a675b,MaxSATQueriesinInterpretableClassifiers/adult_train_5_CNF_2_1.wcnf.xz,3600.0,3600.0,3600.0,3600.0,3600.0,3600.0,3600.0,3600.0
ed0f26f8bae32b252ffa30f456e352ee,MaxSATQueriesinInterpretableClassifiers/twitter_test_0_CNF_2_1.wcnf.xz,3600.0,3600.0,3600.0,3600.0,3600.0,3600.0,3600.0,3600.0
c716762e22709408866d6cf240163201,MaxSATQueriesinInterpretableClassifiers/toms_test_1_DNF_5_1.wcnf.xz,3600.0,3600.0,3600.0,3600.0,3600.0,3600.0,3600.0,3600.0
a6470a0617795ce0d2b6e1763a35b44f,MaxSATQueriesinInterpretableClassifiers/toms_train_2_CNF_5_1.wcnf.xz,3600.0,3600.0,3600.0,3600.0,3600.0,3600.0,3600.0,3600.0
44cbba44346395d9f0a2380234ca4f74,MaxSATQueriesinInterpretableClassifiers/adult_train_8_CNF_3_1.wcnf.xz,3600.0,3600.0,3600.0,3600.0,3600.0,3600.0,3600.0,3600.0
46caad0236188ff658232b282eac39cd,MaxSATQueriesinInterpretableClassifiers/twitter_test_9_CNF_4_1.wcnf.xz,3600.0,3600.0,3600.0,3600.0,3600.0,3600.0,3600.0,3600.0
eb87c0ae681f7b99e43d17825d419b9d,MaximumCommonSub-GraphExtraction/g3_n30e43_n40e53_n44e48.wcnf.xz,3600.0,301.044,201.779,82.7261,3600.0,165.36,134.495,553.511
3dde6f3736d4f367fc8fb9feca268cb8,MaximumCommonSub-GraphExtraction/g7_n13e12_n13e12_n13e12_n13e12_n14e13_n15e14_n24e31.wcnf.xz,479.728,66.371,3600.0,364.217,70.1573,45.5812,80.7086,59.4694
2eaec9bb1cf8613c78c080b9d2cc785e,MaximumCommonSub-GraphExtraction/g2_n42e55_n44e53.wcnf.xz,3600.0,3600.0,3600.0,3600.0,3600.0,3600.0,3600.0,3600.0
8c40732cc4c24a2e8d593ac87a324a79,MaximumCommonSub-GraphExtraction/g2_n26e25_n48e52.wcnf.xz,997.754,0.187784,0.2517,0.368,0.195684,1.76595,3.72116,0.311195
ed20628be00ee1acbe74d1d144a54dcc,MaximumCommonSub-GraphExtraction/g3_n26e25_n27e26_n42e48.wcnf.xz,3600.0,2373.54,1941.47,2147.07,3600.0,1350.71,885.216,2922.47
037b27c888f69161759bc5051b4e2ec0,MaximumCommonSub-GraphExtraction/g2_n45e48_n47e54.wcnf.xz,976.078,77.6797,253.705,182.794,113.961,38.4901,53.3291,196.443
c118948b98d534d39f6c9066503b0c68,MaximumCommonSub-GraphExtraction/g3_n34e43_n59e60_n71e84.wcnf.xz,518.361,114.847,217.853,36.4259,505.977,43.6508,40.7598,164.526
4fa367174d38b5a8d9e1d7e2ebb6b4cf,MaximumCommonSub-GraphExtraction/g2_n38e52_n53e67.wcnf.xz,3600.0,12.9291,63.7204,22.7844,22.9471,26.7978,15.6891,64.1357
746a9beb599f741b3a00dbcabbd02e9b,MaximumCommonSub-GraphExtraction/g3_n30e43_n32e44_n40e53.wcnf.xz,3600.0,260.898,168.579,227.62,1240.12,78.3326,70.7505,465.298
ec27f645f119ccadac76d3224df1379d,MaximumCommonSub-GraphExtraction/g2_n44e59_n69e83.wcnf.xz,3600.0,477.592,699.578,516.853,1637.48,207.563,199.037,3154.74
ed64787d863cf3b28851d8c2b9954d04,MaximumCommonSub-GraphExtraction/g2_n67e83_n68e73.wcnf.xz,3600.0,640.277,3600.0,436.79,1347.63,286.573,173.672,1235.54
9d60d002f53395a08d4efe696292c59d,MaximumCommonSub-GraphExtraction/g3_n35e48_n41e57_n56e65.wcnf.xz,3600.0,354.133,241.546,3600.0,141.692,81.8478,3600.0,432.389
7e028e8f4b2ddf67d06184d2550aaf0a,MaximumCommonSub-GraphExtraction/g2_n38e39_n146e164.wcnf.xz,3600.0,3600.0,3600.0,3600.0,3600.0,3600.0,3600.0,3600.0
01c17990286c0f97ce3cc39b9db5aea4,MaximumCommonSub-GraphExtraction/g3_n37e36_n37e35_n39e39.wcnf.xz,1507.04,200.407,702.981,1816.21,1737.39,142.803,102.242,762.568
a08e487c1bcade7db68e0aa94ad47c31,MaximumCommonSub-GraphExtraction/g3_n39e42_n61e85_n72e77.wcnf.xz,483.632,2708.47,3600.0,230.379,1105.98,143.262,149.285,2256.96
d38aa6b46cee44ff8debb49742fabd09,MaximumCommonSub-GraphExtraction/g2_n92e110_n96e105.wcnf.xz,56.7058,1.23649,47.7942,2.21777,1.54395,5.51148,6.24318,1.51313
74348f0be252992806744ec19d3d653a,MaximumCommonSub-GraphExtraction/g3_n52e77_n57e74_n58e75.wcnf.xz,3600.0,35.5849,346.7,6.59097,92.9078,144.043,28.5451,12.6735
ae3cb27dd974ad264c4385ce92ebba47,MaximumCommonSub-GraphExtraction/g2_n37e45_n71e77.wcnf.xz,64.4914,0.65712,9.6178,1.11807,0.886461,6.02752,6.05109,1.58562
3becb3bc1ff6e8dcf9609e9bd8d6d3a4,MaximumCommonSub-GraphExtraction/g2_n50e50_n58e61.wcnf.xz,2604.96,11.6514,470.761,4.18071,13.5654,15.5616,11.8177,20.8095
dcefe73365cebc82cc98f3648e846407,MaximumCommonSub-GraphExtraction/g3_n66e77_n66e72_n94e112.wcnf.xz,3600.0,56.6599,2670.01,223.759,532.552,193.66,253.745,118.496
147efa6400fe67798763da543ff4dad2,MaximumCommonSub-GraphExtraction/g6_n25e24_n28e29_n32e33_n37e37_n38e39_n40e39.wcnf.xz,370.128,41.6681,60.6322,26.9041,24.3034,40.1709,49.8466,55.3085
1a7973840a3a53693123ab52068c7d26,MaximumCommonSub-GraphExtraction/g3_n66e77_n74e84_n94e112.wcnf.xz,3600.0,15.1734,201.861,9.70928,58.3223,68.5954,31.7159,30.521
bfbf9dde839d030eec506fdd6afc3f5b,MaximumCommonSub-GraphExtraction/g2_n61e85_n120e154.wcnf.xz,664.242,46.1562,3600.0,50.2277,158.397,61.1323,32.2808,79.1592
3094c3daf43805c486f8a639dcea4aba,MaximumCommonSub-GraphExtraction/g3_n39e39_n81e90_n91e99.wcnf.xz,4.93421,0.265912,1.01898,0.914221,0.922326,5.80375,5.37413,0.255657
f7b836ba48b446682542fd35a51407ee,MaximumCommonSub-GraphExtraction/g8_n44e59_n44e58_n47e63_n58e76_n67e94_n75e107_n123e161_n133e175.wcnf.xz,541.624,11.9683,102.279,15.7238,17.5539,21.3938,37.2964,11.9812
65a1c1d61d21be5cf4c1f95e4e8a47a1,MaximumCommonSub-GraphExtraction/g3_n67e86_n89e98_n130e150.wcnf.xz,585.731,3.04194,3600.0,2.73468,297.795,155.736,77.2158,10.1588
1410b91c6af7f17aaa2a26a50229c270,MaximumCommonSub-GraphExtraction/g4_n58e71_n61e85_n100e127_n104e131.wcnf.xz,373.041,14.7836,37.4343,17.4723,143.844,25.4088,28.0599,20.7538
0f7721fdb9e65fde97b69a9107083343,MaximumCommonSub-GraphExtraction/g5_n39e38_n43e43_n61e61_n67e68_n82e119.wcnf.xz,962.06,43.5996,165.135,8.38701,1220.12,538.91,28.1162,103.804
7a6b1b5e74d314076611c296f6d9d920,MaximumCommonSub-GraphExtraction/g4_n47e57_n58e61_n133e169_n141e184.wcnf.xz,177.795,1.07862,38.6003,3.30742,3.00806,7.67623,10.6363,1.49229
1a2d351119ae1a5ede43e8b9279b5087,MaximumCommonSub-GraphExtraction/g4_n69e80_n69e80_n69e80_n79e87.wcnf.xz,12.7412,0.626108,1.24836,3600.0,1.05816,5.56074,6.80619,0.775144
78e29d9a7ec08300b9eb7f73bb64550a,ConsistentQueryAnswering/real-6.wcnf.xz,3.21034,3.22793,0.556162,10.8339,0.746867,2.22206,28.8147,1.36041
b31c7bc7b5e83fd313f3797cfd1a151a,ConsistentQueryAnswering/real-2.wcnf.xz,2.77547,2.48378,0.464475,7.07131,4.5166,5.15092,4.96795,1.1506
7e9395af427405f81a7c0ef5639e541c,ConsistentQueryAnswering/synthetic-12.wcnf.xz,0.320844,3600.0,31.6525,66.3517,0.155425,0.17658,0.959508,1.46059
3f120c73c60852006995dc7d021a1b8c,ConsistentQueryAnswering/synthetic-21.wcnf.xz,0.388228,0.322734,102.359,40.4246,2.36099,2.39132,1.29697,1.19915
6eb5722f8bf9cf7d7280026d6c8e9f90,ConsistentQueryAnswering/real-5.wcnf.xz,3.23848,3.30112,84.661,235.13,9.63678,11.1115,6.51452,6.6295
369c424a2166ffeabedc28a1c197dc03,ConsistentQueryAnswering/synthetic-14.wcnf.xz,0.103609,0.0828401,4.80294,3.52979,0.0588411,0.0617829,0.340413,0.104684
df11b5a4e85840c22f186c308a24a3e6,min-fill/MinFill_R0_queen6_6.wcnf.xz,3600.0,3600.0,3600.0,3600.0,3600.0,3600.0,3600.0,3600.0
9082296f102d855f5f29670ee553c258,min-fill/MinFill_R10_anna.wcnf.xz,3.6418,21.4624,71.0662,2.61474,3600.0,2948.57,3600.0,30.6146
83c45b2b5d9a7077de6b8cb8dd382d8d,min-fill/MinFill_R0_myciel4.wcnf.xz,1.76173,1.57498,2265.93,0.803888,3600.0,3600.0,3600.0,5.54269
3fc9af170b9d5adb0d35e99318434462,min-fill/MinFill_R0_queen8_8.wcnf.xz,3600.0,3600.0,3600.0,3600.0,3600.0,3600.0,3600.0,3600.0
70812aa8849ca7725eb677c858bec5bd,min-fill/MinFill_R0_myciel5.wcnf.xz,275.251,3600.0,3600.0,3600.0,3600.0,3600.0,3600.0,3600.0
1b1fab6dac83787cf92d370a3f616ef3,min-fill/MinFill_R3_david.wcnf.xz,58.0079,3600.0,2547.51,914.06,3600.0,3600.0,3600.0,3600.0
114527052c66d447e2667df7daa87dd2,min-fill/MinFill_R0_miles1500.wcnf.xz,515.389,3600.0,3600.0,262.313,3600.0,3600.0,3600.0,550.785
cfccbc4b1c707e54e6079ac274241296,min-fill/MinFill_R1_games120.wcnf.xz,3600.0,3600.0,3600.0,3600.0,3600.0,3600.0,3600.0,3600.0
64fe9eb8e89d347bb36d204833e9884a,min-fill/MinFill_R0_myciel6.wcnf.xz,3600.0,3600.0,3600.0,3600.0,3600.0,3600.0,3600.0,3600.0
d8b4cd289680390ea5b584ed3553ed16,min-fill/MinFill_R4_miles500.wcnf.xz,3600.0,3600.0,3600.0,3600.0,3600.0,3600.0,3600.0,3600.0
7c44e5592cce892060a3411115844599,min-fill/MinFill_R0_queen8_12.wcnf.xz,3600.0,3600.0,3600.0,3600.0,3600.0,3600.0,3600.0,3600.0
f485ada4ca017a7282b51578bdf41d2a,min-fill/MinFill_R0_mulsol.i.2.wcnf.xz,396.17,3600.0,3600.0,269.094,3600.0,3600.0,3600.0,3600.0
c441a685a5e25f3dd28b0d6b65e9f0cd,min-fill/MinFill_R0_queen11_11.wcnf.xz,3600.0,3600.0,3600.0,3600.0,3600.0,3600.0,3600.0,3600.0
e34c0270b6d40bcfaa886dfd8ff1ada1,min-fill/MinFill_R3_miles750.wcnf.xz,3600.0,3600.0,3600.0,3600.0,3600.0,3600.0,3600.0,3600.0
11fe811f42ccd41607ce12edc080f430,min-fill/MinFill_R3_miles1000.wcnf.xz,3600.0,3600.0,3600.0,3600.0,3600.0,3600.0,3600.0,3600.0
a30d356b34964d08e319e49b07a9cba2,min-fill/MinFill_R0_mulsol.i.3.wcnf.xz,376.363,3600.0,3600.0,257.115,3600.0,3600.0,3600.0,3600.0
95a60748835ad98c14c8beec69a05031,min-fill/MinFill_R0_myciel7.wcnf.xz,3600.0,3600.0,3600.0,3600.0,3600.0,3600.0,3600.0,3600.0
98ad198410e205a7e4b097a92eeae9c6,min-fill/MinFill_R0_mulsol.i.4.wcnf.xz,370.362,3600.0,3600.0,272.864,3600.0,3600.0,3600.0,3600.0
cd160fabf78b0dd8906ffbd1ed4f80e7,maxclique/san200_0.9_3.clq.wcnf.xz,0.382384,5.20916,3600.0,7.88546,1008.21,801.557,1952.58,3600.0
65010ad42b4ad797d0ed7ec03b63c98e,maxclique/keller4.clq.wcnf.xz,21.7134,3.02564,7.06432,8.24305,16.7008,45.409,81.5372,29.8416
44f239a41fd024affbd81d34eecfc300,maxclique/brock200_2.clq.wcnf.xz,116.952,11.7442,14.6729,12.6665,39.7214,74.6844,41.6691,49.2789
6318dda7880287b4bd16dc7bd8b3e332,maxclique/brock400_4.clq.wcnf.xz,3600.0,3600.0,3600.0,3600.0,3600.0,3600.0,3600.0,3600.0
01c4e6df4dc83cd5231ed0d122bea7a6,maxclique/p_hat300-1.clq.wcnf.xz,286.73,4.12885,8.87111,4.63239,42.2933,54.2861,60.2028,26.3212
399d2d4aa82ef4080b5516c123851d5e,maxclique/p_hat300-2.clq.wcnf.xz,256.739,15.3856,964.515,10.8777,596.772,243.359,191.777,964.867
1e9bbbb0c8478d5cfc32519d297ffb64,maxclique/keller5.clq.wcnf.xz,3600.0,3600.0,3600.0,3600.0,3129.17,656.186,709.24,3600.0
a014d23eeb1330665c820798e38708f8,maxclique/p_hat700-3.clq.wcnf.xz,3600.0,3600.0,3600.0,3600.0,3600.0,3600.0,3600.0,3600.0
471ad36ca59c8e38f5472ddfb19f4857,maxclique/san1000.clq.wcnf.xz,2.61481,4.13892,3600.0,3.92773,53.9198,71.6024,230.802,3600.0
00aa27e3ffc28d114934c0588774a4d4,maxclique/c-fat500-2.clq.wcnf.xz,40.0274,0.471446,0.49641,1.37241,17.5089,22.5681,30.3748,0.517751
001aed7905ab34947c7e04bebe778b84,drmx-cryptogen/geffe128_5.wcnf.xz,21.7065,3600.0,3600.0,45.7942,13.9086,55.8017,3600.0,8.08919
2c473eb86e4b09bf5e15efaaa2b59de7,drmx-cryptogen/geffe128_1.wcnf.xz,47.0589,8.26699,3600.0,51.4293,26.9257,13.7974,3600.0,186.777
60d51c42569beac15912cd0ac8b63901,drmx-cryptogen/geffe128_4.wcnf.xz,7.38317,479.48,3600.0,36.1194,108.065,37.2293,3600.0,377.391
2d90c094b936943297dd6a6d7e10aca1,drmx-cryptogen/geffe128_8.wcnf.xz,29.0775,53.082,3600.0,117.072,444.061,81.1818,3600.0,244.109
f2709288041617f890ba82b1909977ba,drmx-cryptogen/threshold128_5.wcnf.xz,57.856,12.519,3600.0,174.302,333.575,99.0394,3600.0,256.969
3021a887a58129240803681a465370c0,drmx-cryptogen/threshold128_3.wcnf.xz,1.19599,3.20516,3600.0,156.747,73.3613,40.3947,3600.0,130.768
b9f0133b60a7a9adb3c1d56c174a4432,drmx-cryptogen/threshold128_2.wcnf.xz,65.892,143.24,3600.0,576.309,168.927,82.3076,3600.0,398.49
677afadb54c10d1425db50f7cfb06ef1,drmx-cryptogen/threshold128_6.wcnf.xz,38.3823,71.6346,3600.0,36.0284,91.4436,54.3036,3600.0,144.115
f25d7efb6c2da42178173aad4888ee57,drmx-cryptogen/wolfram72_7.wcnf.xz,5.9206,4.4832,3600.0,193.119,23.7748,69.6393,3600.0,4.97854
4d3b30900f8d6baf3824ab6ad342899e,drmx-cryptogen/threshold128_0.wcnf.xz,65.1299,116.351,3600.0,101.58,169.211,67.3465,3600.0,107.139
6694f098b70fb4221c358742f6477dea,drmx-cryptogen/threshold128_4.wcnf.xz,3.7533,92.5904,3600.0,82.166,33.3844,73.5734,3600.0,170.611
ab540461f1defaa467ee62596045d922,drmx-cryptogen/threshold128_8.wcnf.xz,65.7146,759.675,3600.0,2457.11,67.3429,214.242,3600.0,935.439
bba46b414f3df43b7dcceec50a0b4672,drmx-cryptogen/wolfram72_8.wcnf.xz,24.285,5.21636,3600.0,195.933,31.0661,82.2523,3600.0,23.6314
889a7c62c4e12504e76ca89d45bab574,drmx-cryptogen/wolfram72_1.wcnf.xz,5.93989,6.88889,3600.0,201.212,26.7833,69.749,3600.0,7.30996
3ddcd09240eea8032792ad0415d8cfd9,drmx-cryptogen/wolfram72_5.wcnf.xz,19.2562,10.799,3600.0,203.422,31.4504,103.595,3600.0,5.83379
89907ff0c46ffdadc3df10c70533c3bd,drmx-cryptogen/wolfram72_9.wcnf.xz,1.32623,3.96476,3600.0,206.539,38.321,90.8165,3600.0,15.1142
ad7eaa2f72f16d0ceddb1fe4d69737f5,drmx-cryptogen/wolfram80_5.wcnf.xz,35.8973,13.2579,3600.0,333.004,80.1552,102.055,3600.0,206.329
b25e724dd9774adbd8f02b47c7e09d65,drmx-cryptogen/wolfram80_9.wcnf.xz,6.36325,40.9809,3600.0,298.341,40.8228,161.469,3600.0,10.2497
a50e5ce8dde2eb8d698416302fed7922,drmx-cryptogen/wolfram80_6.wcnf.xz,21.2838,14.81,3600.0,294.157,37.0252,134.861,3600.0,22.7651
c52a8cc7ec2fb3df7f6c67a16a02a8b4,drmx-cryptogen/wolfram80_1.wcnf.xz,30.0392,20.3371,3600.0,305.34,84.2523,142.173,3600.0,125.331
79168d80df1559dbd97d87ef6f342499,extension-enforcement/extension-enforcement_non-strict_stb_200_0.1_2_10_1.wcnf.xz,3600.0,3600.0,3600.0,3600.0,3600.0,3600.0,3600.0,3600.0
9f9da4121629558415b64dd96275e869,extension-enforcement/extension-enforcement_non-strict_stb_200_0.05_3_10_0.wcnf.xz,3387.76,3600.0,3600.0,3600.0,3600.0,3600.0,3600.0,3600.0
3713c8c798df221c58980029c96d34c1,extension-enforcement/extension-enforcement_non-strict_stb_200_0.05_1_10_0.wcnf.xz,3600.0,3600.0,3600.0,3600.0,3600.0,3600.0,3600.0,3600.0
f27ec489bfd5eba05a03463798fa39da,extension-enforcement/extension-enforcement_non-strict_stb_200_0.05_3_10_1.wcnf.xz,3600.0,3600.0,3600.0,3600.0,3600.0,3600.0,3600.0,3600.0
1c06abe4aa0a6c1316cd332445aefb78,extension-enforcement/extension-enforcement_non-strict_stb_200_0.05_4_10_4.wcnf.xz,982.8,3600.0,3600.0,3600.0,3600.0,3600.0,3600.0,3600.0
7b601c465b1f5be4ae294c357f67ceff,extension-enforcement/extension-enforcement_non-strict_stb_200_0.1_4_10_4.wcnf.xz,114.44,3600.0,3600.0,3600.0,3600.0,3600.0,3600.0,3600.0
7f80a56a2f42fbdaf086b1a302f6180c,extension-enforcement/extension-enforcement_strict_com_100_0.05_0_30_3.wcnf.xz,58.3778,3.0558,3600.0,17.1039,3600.0,3600.0,9.1893,0.535464
b0764a726d2a04dcfb8d512ac583f376,extension-enforcement/extension-enforcement_strict_com_150_0.2_4_8_3.wcnf.xz,305.001,3.71105,3600.0,5.73225,3600.0,3600.0,8.44887,0.321216
4e50d9cd5e3c655e90ab57d01c03e8ce,extension-enforcement/extension-enforcement_non-strict_stb_200_0.05_0_10_3.wcnf.xz,125.259,3600.0,3600.0,3600.0,3600.0,3600.0,3600.0,3600.0
48e527a7abf589d761de2437ab23f165,extension-enforcement/extension-enforcement_strict_com_150_0.05_0_15_2.wcnf.xz,115.651,3600.0,3600.0,12.4972,15.5138,56.4532,16.0617,1.71177
627ad96dfd65675a4881d103a6837e8b,extension-enforcement/extension-enforcement_strict_com_150_0.05_4_15_1.wcnf.xz,308.397,8.50176,3600.0,10.4403,15.1446,43.4132,21.8106,0.632782
e9b21e363d86859e26013e7d1e2ac9b3,extension-enforcement/extension-enforcement_strict_com_200_0.2_1_10_0.wcnf.xz,8.78621,8.17465,3600.0,11.3101,3600.0,3600.0,24.524,0.525044
6dde9184b3dc8b1c9250b11bd2a90fbc,extension-enforcement/extension-enforcement_strict_com_150_0.05_3_30_0.wcnf.xz,243.432,11.7663,3600.0,15.8964,309.604,303.793,33.8519,0.935626
2abe1dc3cd8ca762dad0cc7b97bcb2e1,extension-enforcement/extension-enforcement_strict_com_200_0.05_4_20_3.wcnf.xz,788.745,25.8164,3600.0,33.1834,3600.0,3600.0,46.0661,1.06952
3ce8cda634ab4b108de94fda90706805,extension-enforcement/extension-enforcement_strict_com_200_0.05_1_40_1.wcnf.xz,15.049,19.2366,3600.0,27.8862,2.5518,93.3365,13.8512,2.60649
21c04cf31602926afd9dcf252da97b17,atcoss/atcoss_sugar_02.wcnf.xz,3600.0,3600.0,3600.0,3600.0,3600.0,3600.0,3600.0,3600.0
da974f8bbefe8675200bb0f93b8c1814,atcoss/atcoss_sugar_01.wcnf.xz,37.6309,33.9435,18.8922,48.1899,72.7088,134.244,104.757,33.4043
71fbee14288909ebe90249f5c7baadf4,atcoss/atcoss_sugar_12.wcnf.xz,167.934,19.2962,33.824,50.8001,58.7779,162.697,130.238,19.0709
0c4122e04221baafe839e46864b7cf9f,atcoss/atcoss_sugar_15.wcnf.xz,3600.0,3600.0,3600.0,3600.0,3600.0,3600.0,3600.0,3600.0
404aaf65b238773b8ffe286514b6d735,atcoss/atcoss_sugar_18.wcnf.xz,3600.0,3600.0,3600.0,3600.0,3600.0,3600.0,3600.0,3600.0
779197085c5705f724f9c4a79de75cc4,atcoss/atcoss_sugar_05.wcnf.xz,3600.0,3600.0,3600.0,3600.0,3600.0,3600.0,3600.0,3600.0
869a8f2ff3bfc09e1c54469875e20433,atcoss/atcoss_sugar_19.wcnf.xz,104.131,75.1035,1616.63,993.369,2425.83,127.722,88.5775,164.086
9e4c1dc48c9eca1cd3321b3440c9987c,atcoss/atcoss_sugar_04.wcnf.xz,3600.0,3600.0,3600.0,3600.0,3600.0,3600.0,3600.0,3600.0
ce0c8e73080b230c99bcb093fbc68252,atcoss/atcoss_mesat_03.wcnf.xz,3600.0,3600.0,3600.0,3600.0,3600.0,3600.0,3600.0,3600.0
e4788e4c1f7d8904542ecaaf32708afa,atcoss/atcoss_mesat_01.wcnf.xz,58.6869,51.3988,74.6526,195.289,202.074,368.256,149.512,46.8142
d24d364b96897a1ed2cbfba6833fe39f,atcoss/atcoss_mesat_10.wcnf.xz,2383.38,521.641,1618.69,3600.0,3600.0,3532.45,836.101,1297.01
abf00435e1b542c70ec484c8e07f38b9,atcoss/atcoss_mesat_06.wcnf.xz,91.9984,62.6802,353.849,360.213,382.368,537.566,156.17,85.0004
3badf89edded5c4f9e133d985aef421c,atcoss/atcoss_mesat_12.wcnf.xz,9.53183,9.69535,74.749,54.3228,67.2867,110.207,50.3967,7.88483
03a7a9705731681707c028c9234394de,atcoss/atcoss_mesat_04.wcnf.xz,3600.0,3600.0,3600.0,3600.0,3600.0,3600.0,3600.0,3600.0
2b9e5ca776512c86bde9b11e6504d375,atcoss/atcoss_mesat_05.wcnf.xz,2962.74,3600.0,3600.0,3600.0,3600.0,3600.0,3248.04,3600.0
61a38599aaf2dd2fd403efc8388716ac,atcoss/atcoss_mesat_18.wcnf.xz,3600.0,3600.0,3600.0,3600.0,3600.0,3600.0,3600.0,3600.0
02b954e56938c609faed7744eb907854,hs-timetabling/GreeceWesternGreeceUniversityInstance4.xml.wcnf.xz,3600.0,3600.0,3600.0,3600.0,3600.0,3600.0,3600.0,3600.0
837d41f6eff78d054f7fc84964d494f2,CircuitTraceCompaction/mrisc_mem2wire.wcnf.xz,250.014,18.6781,56.1404,111.822,69.8844,287.4,127.762,22.7197
4b24e34b378fb7ba5791c982c09f918a,CircuitTraceCompaction/ctrl.wcnf.xz,56.1535,0.134788,0.143775,0.591275,0.273619,1.62828,0.762026,0.127351
32aa464882ccb7227fb93f573d88b39e,CircuitTraceCompaction/sudoku.wcnf.xz,3600.0,6.44878,7.02001,58.0702,7.04457,228.422,36.3024,3.74068
92e9cdb0d69727bacf405d21ea1d8357,CircuitTraceCompaction/spi.wcnf.xz,3600.0,4.81161,3.28045,11.8594,8.8885,38.1388,37.6036,1.71019
319329db93ca7f663d7fad77b25db791,reversi/rev66-32.wcnf.xz,3600.0,3600.0,3600.0,3600.0,3600.0,3600.0,3600.0,3600.0
721e129959587b79a4429bb1a8dab4e9,reversi/rev66-26.wcnf.xz,3600.0,3600.0,3600.0,3600.0,3600.0,3600.0,3600.0,3600.0
97e8f080547ee6fcb9f04f8c4f181e82,reversi/rev66-22.wcnf.xz,3600.0,3600.0,3600.0,3600.0,3600.0,3600.0,3600.0,3600.0
0d96291aa07376b6d958c54e2f0b66e1,reversi/rev66-18.wcnf.xz,3600.0,3600.0,3600.0,3600.0,3600.0,3600.0,3600.0,3600.0
51a56b1c8107453da4a79a4644c5b050,reversi/rev66-14.wcnf.xz,3600.0,3600.0,3600.0,3600.0,3600.0,3600.0,3600.0,3600.0
e60765ec1706bee1631eb836fc4765ad,reversi/rev66-10.wcnf.xz,3600.0,178.408,95.8994,120.968,127.697,111.527,124.238,255.737
971812f26af7c822f8b3b5de4d8b0ced,reversi/rev66-6.wcnf.xz,43.9106,1.64501,0.552593,2.46565,1.09299,10.0468,9.80925,2.55022
96701ada0bafaca3a9cdedda2a19193c,reversi/rev66-24.wcnf.xz,3600.0,3600.0,3600.0,3600.0,3600.0,3600.0,3600.0,3600.0
92cc907b5f6920a31dcc89cbb73f34b8,reversi/rev66-20.wcnf.xz,3600.0,3600.0,3600.0,3600.0,3600.0,3600.0,3600.0,3600.0
769c7a4858865e0f8b96bcd3a00665b1,reversi/rev66-28.wcnf.xz,3600.0,3600.0,3600.0,3600.0,3600.0,3600.0,3600.0,3600.0
7c9bf5669164f4536778846222835fdf,reversi/rev66-16.wcnf.xz,3600.0,3600.0,3600.0,3600.0,3600.0,3600.0,3600.0,3600.0
f8152ebd3a50aaac4d2d500269be1117,reversi/rev66-12.wcnf.xz,3600.0,3444.59,3310.61,3600.0,3600.0,934.809,1014.95,3600.0
5c65278b39c0cc18319a479c847c6d70,reversi/rev66-8.wcnf.xz,3600.0,47.459,21.5623,42.7454,40.7324,3600.0,49.6236,59.6985
e08aa87220cd8a6eee33c9e85dc3ef94,reversi/rev66-30.wcnf.xz,3600.0,3600.0,3600.0,3600.0,3600.0,3600.0,3600.0,3600.0
1a05d1482c6d8966fba3817d32b87cbd,mbd/b14_C-mbd14-0225.wcnf.xz,629.098,35.1545,3600.0,110.533,44.4605,78.8179,95.4551,1939.83
16b1ad73ddf6d2c9d5c5a4a4fdac8631,mbd/b20_C-mbd14-0255.wcnf.xz,104.106,2.07038,201.119,9.01834,4.06564,39.8811,26.6497,2.06728
5b4452055b383034e423d4fc687484b3,mbd/b14_C-mbd14-0307.wcnf.xz,83.4279,24.3103,495.299,102.295,14.6805,44.2468,265.455,106.692
2b7e471a6928a82b98dfbdba072d7972,mbd/b21_C-mbd14-0349.wcnf.xz,71.9281,0.788711,25.2581,4.22588,2.00482,28.3119,14.9668,0.562914
ab3f249409e8a2ba94259e7e0973b8a5,mbd/b20_C-mbd14-0328.wcnf.xz,19.0637,1.04547,29.8301,1.8054,1.34497,13.6494,16.0937,0.49495
c7464e8a570aab58f31132fe7d4ccc2b,mbd/b20_C-mbd14-0354.wcnf.xz,31.8053,1.34783,149.837,2.44622,1.80846,24.7767,15.4468,0.681584
f2b6f164043f2562b87e6313d987dfb4,mbd/b21_C-mbd14-0267.wcnf.xz,51.9197,1.34075,161.587,4.45447,5.42542,30.9172,16.0795,3.84457
df6b22bdefbde1bbfeaa15ceaf48fefb,mbd/b21_C-mbd14-0217.wcnf.xz,143.473,1.05188,31.6371,3600.0,1.59293,31.1307,20.5338,0.393874
8de7effceecea9bdeb5cf0d9cdb1920a,mbd/b21_C-mbd14-0295.wcnf.xz,210.547,4.96369,536.949,35.3475,6.56008,53.9403,171.364,12.4222
1c4e1867d106fe35c54df32b603fd906,mbd/b21_C-mbd14-0205.wcnf.xz,66.5858,1.64568,113.261,4.32655,3.07197,25.958,23.8833,2.54599
1d0154932cb43751e6f324e8fdbaa985,mbd/b22_C-mbd14-0300.wcnf.xz,14.6214,1.52239,8.37994,2.6736,0.89494,1.08616,12.1625,0.564745
97721712124cc2efd513391ad4a365b2,mbd/b22_C-mbd14-0223.wcnf.xz,6.52197,0.952751,15.2106,2.00437,0.94613,0.98002,0.963195,0.432789
7ffd00a3801910043f8f801d8ea5d608,mbd/b22_C-mbd14-0222.wcnf.xz,6.11067,1.0129,13.5844,2.04748,0.989732,1.01106,6.79708,0.475158
16b8b4b74d4a616d5abb98716533a271,mbd/b17_C-mbd14-0304.wcnf.xz,3.16965,0.941045,5.31713,2.41298,0.6771,0.706179,1.52497,0.433427
6714e1a8f4fcb8591154ab1acd4c1c25,mbd/b17_C-mbd14-0370.wcnf.xz,7.96314,1.4919,39.0676,3.27801,0.654877,0.888133,1.32117,0.587368
4baa6648173b6e4ccd709be06f369f09,mbd/b22_C-mbd14-0240.wcnf.xz,21.0834,1.4554,21.5781,2.98507,0.936634,1.779,3.33348,0.603251
d6cb81cb0e78981891bcbf93bc26120a,mbd/b22_C-mbd14-0241.wcnf.xz,16.2932,1.24929,5.35303,2.33916,1.01626,1.11907,1.12145,0.518282
0627f9b443abb22084ccc217288d2a2d,set-covering/scpclr12_maxsat.wcnf.xz,3600.0,3600.0,3600.0,3600.0,3600.0,3600.0,3600.0,3600.0
1104f1f5c12f9257ad172cb9404784b5,set-covering/scpclr10_maxsat.wcnf.xz,16.0153,3600.0,3600.0,3600.0,3600.0,3600.0,3600.0,3600.0
7779f36464b931d3354831be8ad7581a,set-covering/scpclr11_maxsat.wcnf.xz,3600.0,3600.0,3600.0,3600.0,3600.0,3600.0,3600.0,3600.0
d7d17d11822d92e4b551eba2f2db3c5e,set-covering/scpclr13_maxsat.wcnf.xz,3600.0,3600.0,3600.0,3600.0,3600.0,3600.0,3600.0,3600.0
79878f1b11b4d9d86e74097976eb58a7,set-covering/scpcyc07_maxsat.wcnf.xz,3600.0,3600.0,3600.0,3600.0,3600.0,3600.0,3600.0,3600.0
a9002a5e46e51a718eccb9d0c2550be1,set-covering/scpcyc09_maxsat.wcnf.xz,3600.0,3600.0,3600.0,3600.0,3600.0,3600.0,3600.0,3600.0
e5e3279c2343263688a6860559b2ed1b,set-covering/scpcyc10_maxsat.wcnf.xz,3600.0,3600.0,3600.0,3600.0,3600.0,3600.0,3600.0,3600.0
d0c2465e3897612a9901a9f0ca419be2,set-covering/scpcyc08_maxsat.wcnf.xz,3600.0,3600.0,3600.0,3600.0,3600.0,3600.0,3600.0,3600.0
3308b0decfa3f7f673a2cf1d461edd8d,set-covering/scpcyc11_maxsat.wcnf.xz,3600.0,3600.0,3600.0,3600.0,3600.0,3600.0,3600.0,3600.0
119c43b96680bbca8eed5a3091409409,set-covering/scpcyc06_maxsat.wcnf.xz,3600.0,3600.0,3600.0,3600.0,3600.0,3600.0,3600.0,3600.0
47fa1689983bf7799577486f0f3b37e2,routing/normalized-s4-4-3-9pb.wcnf.xz,8.31085,2.66545,1.31554,1.2706,0.578494,7.77249,7.22506,2.80992
ca666dcd94f28f968734486b8a718ed8,routing/normalized-s4-4-3-4pb.wcnf.xz,13.2379,1.78332,0.95782,3.50604,0.171709,6.2795,6.0844,2.23926
00a636275fb597ccb2d1c9903b579482,routing/normalized-s4-4-3-5pb.wcnf.xz,31.3199,1.7281,1.60845,4.65038,0.592314,7.03716,6.32354,1.81338
283c9428ca8cf9157266e5a93ae6d60f,routing/normalized-s4-4-3-2pb.wcnf.xz,67.8675,2.0397,2.73817,10.2992,1.00585,7.92167,7.03126,2.79957
b0da2331a9040a70f081181c2ca93e3e,routing/normalized-s4-4-3-3pb.wcnf.xz,42.4006,1.79515,2.08014,6.01029,1.23304,5.91056,10.0653,2.3962
72d7e482b627e066f9ca7ca639dc727f,routing/normalized-s4-4-3-5pb.opb.wcnf.xz,60.7263,1.8739,1.34241,4.23484,1.09273,7.14692,5.70011,1.41997
d417f563a5c497ffae5305fcd12a2cb2,routing/normalized-s4-4-3-2pb.opb.wcnf.xz,49.4201,1.71004,2.42473,6.32489,1.12844,7.87133,7.49399,3.43637
969c3fa706f48b9c8faba0ff8d69e6d5,routing/normalized-s4-4-3-3pb.opb.wcnf.xz,32.6888,1.96912,3.08425,9.18188,1.53033,7.61395,5.8884,2.19279
e3b8635c4cee6bdd52d246a797a0484e,routing/normalized-s4-4-3-4pb.opb.wcnf.xz,22.0418,1.93077,0.471719,4.31528,0.454315,4.93211,8.72197,2.31094
10ff6ca66688a603aaafd72606472b5b,xai-mindset2/lupus.wcnf.xz,2.97072,1.22681,739.373,0.942536,1.80619,13.973,8.49703,1.2658
0c2c1e71d218a7dc9f2e149897db9329,xai-mindset2/iris.wcnf.xz,5.72151,2.23216,1470.19,1.34577,716.785,184.483,55.9202,14.4302
cdb6cf366d0336e14e712cc9bd96ffc8,xai-mindset2/house-votes-84.wcnf.xz,3600.0,3600.0,107.513,3600.0,57.3357,68.5163,80.5993,3600.0
ee29df857a54b4f8154686ffc8a42219,xai-mindset2/glass2.wcnf.xz,0.277575,0.699651,3600.0,1.93898,0.170676,0.174823,1.29235,20.8182
4ce9d5e139d295e2a93e60c87d340308,xai-mindset2/cloud.wcnf.xz,0.20615,1.77703,3600.0,4.72424,0.300343,0.318403,1.54496,6.61277
2b641b3e132ba1c2426121e4e183e4ae,xai-mindset2/tae.wcnf.xz,3600.0,287.793,3600.0,10.4565,3600.0,3600.0,306.999,473.768
f6e9ad0e25dcbf5ab5a0b6e4f67835aa,xai-mindset2/new-thyroid.wcnf.xz,52.7239,20.7062,3600.0,4.95509,12.7627,48.7141,57.5794,33.1378
8fb8f6b553c6e82b72e1ad36a8af192b,xai-mindset2/heart-h.wcnf.xz,3600.0,3600.0,3600.0,3600.0,3600.0,3600.0,3600.0,3600.0
a123bf38e6677c36d1b74356c03dcf43,xai-mindset2/hungarian.wcnf.xz,3600.0,3600.0,3600.0,3600.0,3600.0,3600.0,3600.0,3600.0
ea05ad3213f6ac2a7a652a661971306e,xai-mindset2/cleve.wcnf.xz,3600.0,3600.0,3600.0,3600.0,3600.0,3600.0,3600.0,3600.0
0317701fb3d79c8722d65fda2cf68b99,xai-mindset2/glass.wcnf.xz,0.645396,71.8053,3600.0,403.865,218.026,265.337,12.7215,64.0581
b68c32a1297a44ecb116e4992904415e,xai-mindset2/bnn-last-layer-f10.wcnf.xz,3600.0,3600.0,3600.0,3600.0,2991.21,1591.7,3600.0,3600.0
c621bcb28be51e6c470a28e1c8dab829,xai-mindset2/liver-disorder.wcnf.xz,3600.0,3600.0,3600.0,3600.0,3600.0,3600.0,3600.0,3600.0
7ee244cc7368c15b18195db3f955a922,xai-mindset2/cleveland.wcnf.xz,3600.0,3600.0,3600.0,3600.0,3600.0,3600.0,3600.0,3600.0
8ffac9b06480be645c4a982ff36aa37c,xai-mindset2/australian.wcnf.xz,3600.0,3600.0,3600.0,3600.0,3600.0,3600.0,3600.0,3600.0
2228134d6a12f837aaf01e947cf3a9b7,xai-mindset2/diabetes.wcnf.xz,3600.0,3600.0,3600.0,3600.0,3600.0,3600.0,3600.0,3600.0
baa25bdccc197bb2a693215446bdcdcf,xai-mindset2/soybean.wcnf.xz,3600.0,3600.0,3600.0,3600.0,3600.0,3600.0,3600.0,3600.0
06dbf935ded3e22a0a6ecab934dd7e53,ramsey/ram_k4_n20.ra0.wcnf.xz,3600.0,3600.0,3600.0,3600.0,3600.0,3600.0,3600.0,3600.0
9df8d445ca8ad9442542c09166d0164b,ramsey/ram_k3_n11.ra0.wcnf.xz,3600.0,3600.0,3600.0,3600.0,3600.0,3600.0,3600.0,3600.0
e53cf111003e0f64d8d5fb356e88e710,ramsey/ram_k3_n13.ra0.wcnf.xz,3600.0,3600.0,3600.0,3600.0,3600.0,3600.0,3600.0,3600.0
9c8c0052064e82366a9f734b970884e9,ramsey/ram_k3_n9.ra0.wcnf.xz,1.1925,1.16982,3600.0,2.05291,1.67675,0.810183,0.966002,1.17328
450afcc24a5ad80919308ac3d67d2e24,ramsey/ram_k3_n15.ra0.wcnf.xz,3600.0,3600.0,3600.0,3600.0,3600.0,3600.0,3600.0,3600.0
234a72ff13513f23e278ab7adeef457c,ramsey/ram_k4_n19.ra0.wcnf.xz,3600.0,3600.0,3600.0,3600.0,3600.0,3600.0,3600.0,3600.0
20b9be35fba374973771bb4b172bd937,ramsey/ram_k3_n18.ra0.wcnf.xz,3600.0,3600.0,3600.0,3600.0,3600.0,3600.0,3600.0,3600.0
8e79d9d59a25533e76893b2e0d79a1b4,ramsey/ram_k3_n17.ra0.wcnf.xz,3600.0,3600.0,3600.0,3600.0,3600.0,3600.0,3600.0,3600.0
fcf124e0d9ca41558388a0d6eeae4286,ramsey/ram_k3_n14.ra0.wcnf.xz,3600.0,3600.0,3600.0,3600.0,3600.0,3600.0,3600.0,3600.0
4684d9d7f02e785f74df95e42749c9df,ramsey/ram_k3_n16.ra0.wcnf.xz,3600.0,3600.0,3600.0,3600.0,3600.0,3600.0,3600.0,3600.0
6dcf081a8a07caeede94f87f51f71ace,ramsey/ram_k3_n19.ra0.wcnf.xz,3600.0,3600.0,3600.0,3600.0,3600.0,3600.0,3600.0,3600.0
d175f5d2a9a48baf7d4a4c7b6bcfc9a6,ramsey/ram_k4_n18.ra0.wcnf.xz,3600.0,3600.0,3600.0,3600.0,3600.0,3600.0,3600.0,3600.0
b95b8aa9dbd43f660710304c415a40b6,ramsey/ram_k3_n20.ra0.wcnf.xz,3600.0,3600.0,3600.0,3600.0,3600.0,3600.0,3600.0,3600.0
71db7ec1e61d2d357518dc0317b47c9a,ramsey/ram_k3_n10.ra0.wcnf.xz,3600.0,3600.0,3600.0,3600.0,3600.0,3600.0,3600.0,3600.0
0a809976dc20be430529aef0713b6cf3,ramsey/ram_k3_n12.ra0.wcnf.xz,3600.0,3600.0,3600.0,3600.0,3600.0,3600.0,3600.0,3600.0
67e7a4c24dd4e386cc5fcba179fc4247,aes-key-recovery/AES1-76-37.wcnf.xz,194.154,21.248,3600.0,98.7255,371.773,238.068,176.699,91.4986
df3d39e260281f91ef8ef425f0287c5d,aes-key-recovery/AES2-72-67.wcnf.xz,3600.0,3600.0,3600.0,2674.22,3600.0,3089.45,814.549,3600.0
63cc6bde9842683a4dfe779a19b7cca7,aes-key-recovery/AES2-74-11.wcnf.xz,3600.0,13.8226,3600.0,42.312,51.7165,57.0775,172.998,13.271
053e238d2da9db22df66c86599613144,aes-key-recovery/AES2-74-73.wcnf.xz,7.75199,3.54055,3600.0,7.04097,124.268,145.238,44.3729,2.90502
a6d942ddfd83183f73d4e372bce81de5,aes-key-recovery/AES2-70-61.wcnf.xz,338.173,8.85599,3600.0,9.78849,28.6084,41.6927,55.052,9.89463
7c914408d210d07ece148e2acbfa8e53,aes-key-recovery/AES1-70-24.wcnf.xz,93.7757,3.31442,3600.0,8.68029,38.0745,51.747,42.0947,3.43387
94e1011945273040c0a9088f9937acd4,aes-key-recovery/AES2-50-52.wcnf.xz,12.9145,1.57344,3600.0,6.50013,24.0763,37.1459,33.6422,1.68346
a1010aa0d1ebe6d754e946243dbb6574,aes-key-recovery/AES1-60-17.wcnf.xz,4.08291,1.45244,3600.0,4.95219,24.5277,39.1599,50.8725,1.2506
f67662bf69d41b8af3c30538a37a9ac3,aes-key-recovery/AES1-40-7.wcnf.xz,2.91805,1.35866,2516.42,4.59541,23.0123,35.333,42.2254,1.19019
4d23b119cf79579c97fed9a60016dbd5,aes-key-recovery/AES1-30-5.wcnf.xz,2.94729,1.61377,265.286,6.74939,23.1264,36.4261,35.1631,0.87518
e41d272c172b70be08c020989037a2c9,aes-key-recovery/AES1-40-6.wcnf.xz,2.97116,1.32562,3600.0,4.99995,29.9838,42.5883,42.5893,1.17687
49e20e6031b91300efd0c8bb59c4437d,gen-hyper-tw/GenHyperTW_grid4d_3.wcnf.xz,3600.0,3600.0,3600.0,3600.0,3600.0,3600.0,3600.0,3600.0
7ff92ea160371b255e43c2fd03cfb4f8,gen-hyper-tw/GenHyperTW_aim-50-1_6-yes1-3.wcnf.xz,3600.0,3600.0,3600.0,3600.0,3600.0,3600.0,3600.0,3600.0
1af983a908023ceff8dbd47d4ddda175,gen-hyper-tw/GenHyperTW_par8-4-c.wcnf.xz,3600.0,3600.0,3600.0,3600.0,3600.0,3600.0,3600.0,3600.0
84ae3dd7eecd026d0c06c75655d5ea94,gen-hyper-tw/GenHyperTW_par8-1-c.wcnf.xz,3600.0,3600.0,3600.0,3600.0,3600.0,3600.0,3600.0,3600.0
312539b40771a141d9d730f0c39a60d7,gen-hyper-tw/GenHyperTW_dubois21.wcnf.xz,3600.0,3600.0,3600.0,3600.0,3600.0,807.179,343.318,3600.0
d2077bdd118ef8f850e77b725703d3a4,gen-hyper-tw/GenHyperTW_par8-5-c.wcnf.xz,3600.0,3600.0,3600.0,3600.0,3600.0,3600.0,3600.0,3600.0
d1f3a23f4970d51757f6733ed734b363,gen-hyper-tw/GenHyperTW_hole9.wcnf.xz,3600.0,3600.0,3600.0,3600.0,3600.0,3600.0,3600.0,3600.0
931a9bae826890091144f2cd5ff39652,gen-hyper-tw/GenHyperTW_s208.wcnf.xz,3600.0,3600.0,3600.0,3600.0,3600.0,3600.0,3600.0,3600.0
ba012829ee3075bcc9c85d7984b34a7c,gen-hyper-tw/GenHyperTW_2bitcomp_5.wcnf.xz,3600.0,3600.0,3600.0,3600.0,3600.0,3600.0,3600.0,3600.0
0b6a99677cb3e66baa79803e38794092,protein_ins/1bpi_.5pti_.g.wcnf.t.wcnf.xz,3600.0,140.17,27.6125,56.1157,121.578,77.9995,314.606,265.176
e464c29b182df2b4c2673650d20d83e7,protein_ins/1knt_.1bpi_.g.wcnf.t.wcnf.xz,3600.0,419.602,111.863,108.428,358.537,212.477,330.48,411.035
d2791dd83353a0919c0bba2bc55a226e,protein_ins/1knt_.5pti_.g.wcnf.t.wcnf.xz,3600.0,112.645,57.3295,109.841,76.6827,100.721,262.451,296.274
e5d753ad0c875db9401b83f4fcc8eaba,protein_ins/1knt_.2knt_.g.wcnf.t.wcnf.xz,26.5879,18.5951,1.71994,12.1905,4.24349,11.2501,128.154,21.6487
c08668a4151dedcec92c1ef9cdda3643,protein_ins/3ebx_.6ebx_.g.wcnf.t.wcnf.xz,213.684,27.3868,9.63091,15.9696,54.2685,29.925,125.685,49.1022
146378f061c94dbf522cadfb4aa2dc32,protein_ins/1bpi_.2knt_.g.wcnf.t.wcnf.xz,3600.0,438.617,81.0064,162.956,649.424,146.084,388.867,345.597
2407a74f3da1a78f792fec59736d6947,protein_ins/2knt_.5pti_.g.wcnf.t.wcnf.xz,3600.0,157.829,66.1723,72.6992,139.041,106.921,288.03,373.561
0c9650eed11ad0f1114fdb3bacc498fa,protein_ins/3ebx_.1era_.g.wcnf.t.wcnf.xz,3600.0,429.866,114.619,230.935,588.981,383.597,387.692,726.964
02824e233caa268186839a5fe91e2b9a,protein_ins/6ebx_.1era_.g.wcnf.t.wcnf.xz,3600.0,126.323,33.4073,56.0088,73.1957,74.0999,208.034,237.162
a9a676caf6eb8f8a4bc23e0a251c3485,protein_ins/p1.wcnf.t.wcnf.xz,3600.0,286.264,71.8933,131.449,375.935,177.628,377.572,363.839
ea0dc2c48877da7e22f2fe16d6afe142,protein_ins/sandiaprotein.g.wcnf.t.wcnf.xz,3600.0,183.924,36.6843,44.5091,214.257,93.5607,255.718,210.707
977426615db2515498ea0aaeb325145f,CircuitDebuggingProblems/mrisc-debug.dimacs.wcnf.xz,39.7201,13.1134,510.863,40.9505,3.94287,4.56934,85.0149,23.3235
11255616c4cbf3b1f08f7bfabbcf3973,CircuitDebuggingProblems/divider-debug.dimacs.wcnf.xz,21.7802,3.37414,343.277,764.592,1.86496,2.0416,26.1102,8.7945
60920f79c25b57c6b6ab3a3228c49891,CircuitDebuggingProblems/spi-debug.dimacs.wcnf.xz,58.5776,17.8371,3600.0,52.5579,20.5306,939.054,191.356,70.0842
594cbb0670bfdebc4c8d745bf40354cc,CircuitDebuggingProblems/mem_ctrl-debug.dimacs.wcnf.xz,20.6672,2.85212,28.7577,26.065,1.71829,1.90344,48.609,4.21211
6bdbc55571802e3a02364a60bdc7d971,CircuitDebuggingProblems/ac97_ctrl-debug.dimacs.wcnf.xz,11.9716,1.74029,23.1496,10.929,1.21796,1.50216,11.2357,1.60182
ef52f4457dbea616f3876b43a9351026,CircuitDebuggingProblems/wb-debug.dimacs.wcnf.xz,21.456,7.29993,3600.0,366.782,3.4868,2.98563,9.67102,34.6498
e7651e7a0948f7f9dcb438f5a986316c,CircuitDebuggingProblems/vga-debug.dimacs.wcnf.xz,32.5348,4.77055,54.6412,59.9962,2.8101,3.32697,24.1632,4.47842
d2d10ef7ef30d53d66c487be214d0292,CircuitDebuggingProblems/sudoku-debug.dimacs.wcnf.xz,29.8777,14.8919,124.043,39.533,4.10419,4.52342,91.0879,14.342
a2bc02ec50e92e85b7218f2afe7fd2b7,CircuitDebuggingProblems/rsdecoder-debug.dimacs.wcnf.xz,110.886,31.1163,2056.07,53.7861,4.31263,4.74476,260.568,35.2287
8ac772d4ec9d912f7220b57956f623d7,des/cnf.8.p.7.wcnf.xz,105.179,2.29627,3600.0,19.7882,12.7132,67.7798,64.9776,13.1173
39203e7dc4d3fa60d53c19cd985450ef,des/cnf.10.p.8.wcnf.xz,388.137,18.1233,3600.0,91.1867,36.6636,174.796,120.294,117.736
cb56e1770da64ef9dc367496953bedb3,des/cnf.9.p.8.wcnf.xz,134.451,7.45501,3600.0,51.0682,19.5412,72.0135,45.6223,23.0355
56f46d7ae81adf1bc77e920f7fa32dbb,des/cnf.9.p.10.wcnf.xz,215.333,6.02508,3600.0,77.273,17.2048,102.977,50.2648,27.9808
848a151933a7b70063a5bc613fc513d2,des/cnf.13.p.8.wcnf.xz,247.678,17.5145,3600.0,111.712,41.8828,121.053,82.8562,94.369
52c887570daa61a1b19ef3d34ae1a0d1,des/cnf.14.t.7.wcnf.xz,38.5204,5.25285,3600.0,26.719,14.4879,84.4942,91.9873,25.0584
6a08d006a12d627a0cf7914120783244,des/cnf.18.d.7.wcnf.xz,16.5451,5.91564,3600.0,29.1742,14.5845,50.1494,54.1767,31.654
de534324de6b892747eef96f625421c4,des/cnf.12.t.9.wcnf.xz,18.1298,4.58877,3600.0,41.9452,14.8445,85.2892,66.8036,20.8231
4279fd26c0bff88aafb9090302b7e3a4,des/cnf.13.p.9.wcnf.xz,413.992,57.4725,3600.0,169.684,57.1192,107.242,97.7029,304.634
23e4e7dbb3e02a3212da4e79497b79f6,des/cnf.15.p.7.wcnf.xz,578.99,45.4578,3600.0,180.989,270.422,260.022,139.214,138.952
991c9d06493564b31ecd496738ec8901,des/cnf.18.p.4.wcnf.xz,166.412,82.5596,3600.0,58.1565,35.8702,174.89,79.608,61.2764
d32fbec4ef9bd4a1fc75763b538e4aa4,des/cnf.16.p.7.wcnf.xz,418.206,41.3567,3600.0,197.826,89.8708,193.045,120.158,158.522
02ee26c2f8697fd9a64c2ac2c9b7e4cf,des/cnf.16.p.6.wcnf.xz,261.154,57.2568,3600.0,89.6569,283.425,255.412,149.825,117.991
142263bf4c4a0b35ec0a355946be2665,des/cnf.18.p.5.wcnf.xz,524.468,150.939,3600.0,160.017,121.53,171.51,154.891,262.64
d25cf225a28b12ec7740fe8c0dd2d0be,des/cnf.20.d.10.wcnf.xz,16.8247,6.90022,3600.0,28.0006,17.8355,56.4225,81.4472,54.3017
d28ddef7bf8bf940f3ee642d621566e1,des/cnf.20.p.5.wcnf.xz,591.936,227.16,3600.0,197.185,81.6231,131.34,84.2391,124.789
3f1147b09fb3c2ad26755088bd853452,des/cnf.17.p.10.wcnf.xz,736.372,567.836,3600.0,447.902,446.703,373.254,205.757,1526.94
133a8559169c7514609c90661c4f0e9f,des/cnf.18.p.8.wcnf.xz,644.522,64.9546,3600.0,772.658,379.397,272.191,133.069,323.604
703829f2a71a17b9cec2ed00c3a779c6,des/cnf.18.t.9.wcnf.xz,51.643,7.38897,3600.0,53.7776,23.799,93.1392,97.7213,56.7065
cabecf2b79962e8e85dec58db23041af,des/cnf.20.p.7.wcnf.xz,663.265,471.488,3600.0,188.777,270.292,154.719,155.949,557.069
ff3e0e38290b08f8c628a5f635729d32,drmx-atmostk/drmx-am20-outof-50-emtot.wcnf.xz,2221.89,14.7401,0.0861819,7.4738,0.378665,2.3889,2.43352,639.28
f59145df0bc3b4031329a69897e77326,drmx-atmostk/drmx-am24-outof-55-ekmtot.wcnf.xz,3600.0,1.20741,0.247014,6.03383,0.400162,2.59734,3.18047,224.514
b5e95a8d8cfe85bbd5eac4a3d4054fdc,drmx-atmostk/drmx-am16-outof-45-ekmtot.wcnf.xz,267.366,2.06303,0.110442,2.17497,0.116026,2.20743,2.07933,150.077
63f76f681fe0193616e3f98b9ffb4812,drmx-atmostk/drmx-am32-outof-70-ekmtot.wcnf.xz,3600.0,3.41353,0.246871,99.8274,0.552862,2.73785,7.38417,609.028
9436e7dcbcbcffe7303cd66f1fbf03ea,drmx-atmostk/drmx-am12-outof-40-etot.wcnf.xz,18.6103,0.50157,0.0127421,0.881186,0.0733,1.28297,0.188201,1.07632
4821aa5145f461a64fbaa4bd88fc811a,drmx-atmostk/drmx-am24-outof-55-emtot.wcnf.xz,3600.0,3.02868,0.171152,10.5221,0.367882,2.45422,3.54984,616.319
dcb796c28fe78491789f3a3b6476c5e9,drmx-atmostk/drmx-am28-outof-60-ecardn.wcnf.xz,3600.0,20.8665,2.18181,81.8683,30.2571,46.7245,5.24614,940.842
461ac441d7d1400bce3ed6ca857c9a68,drmx-atmostk/drmx-am24-outof-55-ecardn.wcnf.xz,3600.0,12.0775,4.3104,21.8889,22.8102,25.5847,10.3894,398.461
aebdce78bf7e8e501e299dd268201277,drmx-atmostk/drmx-am16-outof-45-eseqc.wcnf.xz,3600.0,1.97828,0.069474,1.15241,0.181733,1.24378,8.06391,5.7302
7d5e848b0cb74838ba9b1a419ad23ec5,drmx-atmostk/drmx-am28-outof-60-esortn.wcnf.xz,3600.0,18.7103,1.59535,82.2073,42.4746,39.2032,4.11686,978.362
2c935ff0ebea051821a9bd802ebe5490,drmx-atmostk/drmx-am20-outof-50-esortn.wcnf.xz,3600.0,15.8581,3.23338,51.4032,14.4678,16.0906,4.46549,1206.66
8c7b940938dd0a3d7e103e416079c849,drmx-atmostk/drmx-am24-outof-55-esortn.wcnf.xz,3600.0,11.1274,4.82188,18.2416,4.93542,6.83826,5.58458,530.026
46b07b38ea1fe269635b17694745852e,drmx-atmostk/drmx-am16-outof-45-esortn.wcnf.xz,3600.0,1.66783,0.490977,2.92262,0.576087,3.08875,4.20282,23.215
976d640a42c183e596396b8e5d7d7420,drmx-atmostk/drmx-am24-outof-55-etot.wcnf.xz,3600.0,4.37983,0.210924,13.5613,0.520375,2.53668,3.05262,348.61
f35136e867208a590095d5178c27814c,drmx-atmostk/drmx-am24-outof-55-eseqc.wcnf.xz,3600.0,3.00142,0.178407,1.20947,0.479025,3.45818,8.0133,68.2002
0cd88582c1f5d43dd449e0ffc566aa6d,drmx-atmostk/drmx-am32-outof-70-eseqc.wcnf.xz,3600.0,14.4107,0.496942,4.14926,8.39286,15.4206,33.8762,357.178
4a974ede7c79df57bdbf1e159f052b0d,drmx-atmostk/drmx-am28-outof-60-eseqc.wcnf.xz,3600.0,5.03375,0.283867,1.68707,1.70181,6.61626,20.6245,62.7299
3783525bae11ae16c996846928c1b58e,maxcut/san400_0.5_1.clq.wcnf.xz,620.409,3600.0,3600.0,3600.0,3600.0,3600.0,1052.74,3600.0
882b1b5ef43df1863a10946526b7d973,maxcut/sanr200_0.7.clq.wcnf.xz,3600.0,3600.0,3600.0,3600.0,3600.0,3600.0,3600.0,3600.0
9d6fc67d4861791565a164ca66a96258,maxcut/p_hat300-3.clq.wcnf.xz,3600.0,3600.0,3600.0,3600.0,3600.0,3600.0,3600.0,3600.0
234d42b8565c09700a6420b216ef5cf2,maxcut/hamming8-2.clq.wcnf.xz,3600.0,3600.0,3600.0,3600.0,3600.0,3600.0,3600.0,3600.0
b804d783d6bb824829b9d44224a94624,maxcut/maxcut-140-630-0.8-34.wcnf.xz,3600.0,3600.0,3600.0,3600.0,3600.0,3600.0,3600.0,3600.0
f0d0f5f894dacaea6a947704630474b0,maxcut/maxcut-140-630-0.8-36.wcnf.xz,3600.0,3600.0,3600.0,3600.0,3600.0,3600.0,3600.0,3600.0
fd3b9727c2d166cb4ac25dd7e19a2da9,maxcut/maxcut-140-630-0.7-15.wcnf.xz,3600.0,3600.0,3600.0,3600.0,3600.0,3600.0,3600.0,3600.0
91d9a1b48b807528d28cac040c029082,maxcut/maxcut-140-630-0.7-48.wcnf.xz,3600.0,3600.0,3600.0,3600.0,3600.0,3600.0,3600.0,3600.0
6a2f5306ceb045ab133aab4dc3fc9ac9,causal-discovery/causal_n6_i3_N500_uai14_harddeps_int.wcnf.xz,18.7102,3.28958,16.4915,10.8772,5.28923,30.3437,6.96624,10.2841
270cc0a5f319706cd4184d8fa0fc6cc8,causal-discovery/causal_n6_i8_N1000_uai14_constant_int.wcnf.xz,19.0821,0.87316,3.7501,3.01698,1.34141,20.7763,10.2832,2.89073
ad2b606717b68c2fa6fbf12a38381655,causal-discovery/causal_n7_i8_N1000_uai14_constant_int.wcnf.xz,2.42338,2.02034,19.8338,6.12745,3.04844,36.285,11.9766,1.13378
27858de2a35e1cbbe078f4c6dbd869dd,causal-discovery/causal_n7_i7_N1000_uai14_harddeps_int.wcnf.xz,270.692,397.767,422.192,334.342,133.075,247.007,85.0644,418.648
c185922720fe37dbc2de12bf1271d571,causal-discovery/causal_n7_i10_N1000_uai14_constant_int.wcnf.xz,72.7002,6.64183,56.6252,23.5024,11.3573,58.2997,14.0546,9.73928
4ae664bd986338b314c5ec848cb9544b,causal-discovery/causal_n7_i9_N1000_uai14_harddeps_int.wcnf.xz,173.852,22.7162,83.4067,62.4994,23.2234,85.1261,45.7251,26.074
32d8fcb8cb6ede286a87e03aff31bf4f,causal-discovery/causal_n5_i8_N10000_uai13_harddeps_int.wcnf.xz,16.552,7.43526,11.2292,15.3105,16.7562,118.752,26.6523,10.6737
89aa40b6728c2b4a58bdf478f1eec265,causal-discovery/causal_n5_i9_N10000_uai13_constant_int.wcnf.xz,13.887,4.59767,5.09507,7.70084,6.98134,46.4606,11.4539,3.23234
6754230299645722634f302ecaf89a7f,causal-discovery/causal_n6_i1_N500_uai13_harddeps_int.wcnf.xz,384.995,140.976,232.701,385.197,464.712,1323.06,661.413,439.374
c607cd88236a2439c70460d08ae8c000,causal-discovery/causal_n5_i7_N1000_uai13_harddeps_int.wcnf.xz,12.5694,6.9935,13.1282,18.9552,30.7883,175.549,55.3683,8.13372
2086b9f84aacc82ba4ccf79e075b1e7c,wqueens/wqueens18_16.wcsp.dir.wcnf.xz,302.054,0.576035,0.230893,1.11053,0.159913,8.15637,8.31097,1.7157
dee03da009a3e7505f10e7361294c168,wqueens/wqueens16_14.wcsp.dir.wcnf.xz,203.656,0.984735,0.0833821,1.88066,0.115565,9.58531,7.88618,0.224575
cc6a7946780d0b727fa7e661d8b246f5,wqueens/wqueens14_12.wcsp.dir.wcnf.xz,15.8009,0.117054,0.0525551,0.240395,0.026837,2.11373,6.73524,0.06549
16fc6f08bc2a7a967ee9cb955e2b021f,SeanSafarpour/wb1.dimacs.filtered.wcnf.xz,59.3933,5.50391,3600.0,30.1484,1.73701,1.86659,2.53761,6.88592
26017451e00c8a4e757817cd8e8e7ba1,SeanSafarpour/dividers9.dimacs.filtered.wcnf.xz,85.1742,1.3706,29.2493,4.27751,0.580974,0.573598,11.118,1.7183
3e421d1ea6b41ec5418393b8e5fc9023,SeanSafarpour/dividers1.dimacs.filtered.wcnf.xz,20.9413,1.04674,2.34249,4.27729,0.440333,0.884261,11.1318,1.18208
43c08f504c9a477f87ab70067d7cb0f1,SeanSafarpour/fpu8-problem.dimacs_24.filtered.wcnf.xz,53.2582,5.01905,164.897,14.1196,4.76843,124.778,80.1072,4.94412
f8c75ba305f88e2cd5a84ab88cd78ebe,SeanSafarpour/c6_DD_s3_f1_e2_v1-bug-fourvec-gate-0.dimacs.seq.filtered.wcnf.xz,20.3952,3600.0,500.854,12.7785,1.53415,1.5976,14.6928,6.08561
52935ba9d98e8aa15868dc925f335ef7,SeanSafarpour/rsdecoder-problem.dimacs_34.filtered.wcnf.xz,53.601,6.44714,286.57,17.3816,2.48786,157.312,134.941,12.3605
c4be8deef10a55118e0418ed725a09f5,SeanSafarpour/divider-problem.dimacs_2.filtered.wcnf.xz,364.557,48.8424,179.156,24.3326,10.2054,292.634,178.316,49.842
9e31bd524ed7eecc1e0e7095a6157a4f,SeanSafarpour/rsdecoder_fsm1.dimacs.filtered.wcnf.xz,182.677,8.34531,861.103,25.0045,3.61621,14.2095,29.7492,10.2169
54f082f367bd1ed812009210705008a9,SeanSafarpour/wb_conmax3.dimacs.filtered.wcnf.xz,217.598,18.8577,3600.0,76.7279,8.17556,296.833,104.705,83.6275
9ae35dcc31050ff8be9c083d546f3496,SeanSafarpour/spi-problem.dimacs_42.filtered.wcnf.xz,47.2484,21.769,1128.05,54.4811,27.5627,27.8579,745.235,171.481
a8644be2c20d8d0b359cfab79728dd7b,SeanSafarpour/mem_ctrl1.dimacs.filtered.wcnf.xz,49.6971,24.3287,2405.4,1902.55,9.61649,67.6773,149.894,69.7166
c64ee6f11939406e870e0d765fd6136e,SeanSafarpour/wb_4m8s3.dimacs.filtered.wcnf.xz,24.6622,13.289,3600.0,71.3225,4.33504,5.05334,31.2801,15.7593
e9fe4763fd3ed63a8135c1488c63f20b,jobshop/ft10-808-1090.wcnf.xz,247.625,79.8792,32.4325,89.8368,72.5812,519.949,309.885,90.2375
8ae0e1742c06d7e29a5b4de227291ad2,jobshop/orb08-894-1058.wcnf.xz,39.1876,17.9656,12.7284,26.055,17.1705,201.808,91.7322,16.8489
5e4467edc065a18a6e5e2418d8723ea5,mqc/10tree320p.wcnf.xz,12.5346,2.34488,12.5708,2.47468,7.75245,21.8251,9.45965,4.39713
2baf1537164e3a66cd203ece74eabe1e,mqc/10tree825p.wcnf.xz,11.8337,2.91445,18.5465,3.63622,17.2917,38.1049,19.9446,4.22228
bae81aaf3f9a1608123351f23847da16,mqc/10tree430p.wcnf.xz,28.195,5.14856,35.1309,5.36748,42.1016,86.3102,18.191,8.15258
9c7c83217ab66bad92ab91d1b3209c23,mqc/15tree101p.wcnf.xz,3.43827,6.09357,43.4846,9.92522,3.44249,16.6942,25.7816,4.56942
d3729b4b232ed9b9733b9e6d73b65608,mqc/15tree201p.wcnf.xz,3.21335,5.89922,97.7411,8.70315,3.99153,18.2278,26.2925,3.93577
9bfc0e3104bcc02df96ba1494f5c2dfe,mqc/10tree115p.wcnf.xz,7.61893,4.36068,13.1439,6.20298,4.3843,15.847,14.1259,4.56971
244f7ce7d91223bf1832e1b775f9bcc5,mqc/10tree315p.wcnf.xz,17.6261,9.55775,13.6024,7.7377,8.49404,17.2486,13.891,6.03232
aa7b6a7a506597f5e63550735f7b2cad,mqc/10tree1020p.wcnf.xz,33.9763,36.8249,41.9901,13.028,19.2713,40.4181,28.6642,15.9581
dc79a3d3e0624fad0ae1736e9c3b9363,mqc/10tree125p.wcnf.xz,57.9162,130.67,54.9542,12.0426,39.2081,65.1736,27.9917,22.623
a72fdebf0183858348a92d573f451fc1,mqc/10tree425p.wcnf.xz,50.5219,63.5142,46.2091,15.6379,24.7652,48.869,32.0595,26.2171
2606fec35102a7377d31491659c12f38,mqc/10tree730p.wcnf.xz,122.348,415.012,100.96,24.0026,91.5529,161.795,71.1066,75.2105
e652fac30e4d1834878a2d4c80db74f1,mqc/15tree301posib.wcnf.xz,15.2328,9.17728,28.6823,24.8626,8.68334,42.889,44.2329,5.81548
c9e4b8285399e7b39135c06c8bffb267,mqc/15tree401posib.wcnf.xz,9.0113,6.07919,44.3068,11.9097,6.89186,44.6388,42.2232,6.87808
60ff3d40293bea76c01ccf292ec88ed9,mqc/15tree501p.wcnf.xz,20.3832,30.5133,26.5177,27.8526,17.2611,60.5489,54.8458,12.6153
b2b5d1ea2529a113dbd46603a01cf60c,mqc/15tree701p.wcnf.xz,25.5819,23.5128,308.017,27.2825,17.7142,50.5089,56.5421,12.1039
7650fa0aa561d4f343ff5aabdd0f2609,biorepair/Stat_vs_Exp_72_12.lp.sm-extracted.wcnf.xz,4.4666,8.12327,6.78585,31.3519,20.0004,20.3341,8.75728,1.69074
259707ceeda70179de4a56e9012892f0,biorepair/heatShock_WT_43_12.lp.sm-extracted.wcnf.xz,3.90013,6.67337,5.22277,22.0229,19.8786,20.4176,8.96781,1.61869
72faaeb748c0e7c8558df57bbc345e6f,biorepair/heatShock_WT_161_12.lp.sm-extracted.wcnf.xz,3.8982,7.10307,4.20338,19.0687,20.7784,21.6624,9.83231,1.61551
7af2ae46cdb26e0154266459e0bd332b,biorepair/Stat_vs_Exp_58_12.lp.sm-extracted.wcnf.xz,3.94564,6.91097,4.95579,23.6191,20.3694,20.0446,9.51122,1.64593
dd4b35bc3f35d0644ee6ae659e3e06b1,biorepair/heatShock_WT_192_12.lp.sm-extracted.wcnf.xz,3.90268,6.90997,4.74709,15.5794,20.0358,19.9908,9.79008,1.59313
5faadcc41c4b4f2af8428ae7c38aede9,biorepair/heatShock_WT_36_12.lp.sm-extracted.wcnf.xz,4.22395,7.40914,4.86655,19.6381,21.0228,21.6341,8.97963,1.65917
1c9e4fa8d76abaee605e05c9e5292694,biorepair/heatShock_WT_30_12.lp.sm-extracted.wcnf.xz,4.52714,7.22897,10.1822,29.7325,21.0455,21.2109,9.32502,1.71919
cf5f943ca90f6a9e7a0fb9728cbf3a32,biorepair/heatShock_WT_148_12.lp.sm-extracted.wcnf.xz,3.74229,6.77792,5.84253,11.9368,19.5415,19.9749,8.8775,1.55946
d8d7e897f0f207ca8d8e7b08a25f438e,biorepair/heatShock_WT_42_12.lp.sm-extracted.wcnf.xz,3.74521,6.92885,4.925,12.7263,21.1682,20.8916,9.60469,1.55266
1ce38216bd2507bdd8df6c02f84227ba,biorepair/Stat_vs_Exp_151_12.lp.sm-extracted.wcnf.xz,4.38131,7.35205,7.30099,24.2731,19.9132,20.1065,9.25113,1.72522
25b5977e67c57737956eb07ad5bf0c69,biorepair/heatShock_WT_121_12.lp.sm-extracted.wcnf.xz,3.96738,7.06437,4.84821,24.1732,20.5215,20.6094,9.68614,1.63488
726b13c16e41203e131a15c1558b6533,biorepair/heatShock_WT_28_12.lp.sm-extracted.wcnf.xz,4.12315,7.41351,12.6698,28.2856,20.4063,20.2234,9.16717,1.72872
1835496cf1aa0cb15ea1bd1aec3ef3e6,biorepair/heatShock_WT_196_12.lp.sm-extracted.wcnf.xz,3.99017,6.98919,4.21482,25.8144,21.0469,21.2273,9.08694,1.64826
212b7b876f89a2d32cc979df374336eb,fault-diagnosis/s38584_nan_explicit_34_0.wcnf.xz,3600.0,44.9003,72.0453,56.9271,36.0959,93.5061,136.445,35.7305
88a28caa0e34189221fffbfa87d0d66f,fault-diagnosis/s38584_nan_explicit_35_0.wcnf.xz,3600.0,48.5009,197.096,63.1428,37.1325,55.5481,36.4785,46.2889
6561c675f2ed155888274b5f3f40d6f1,fault-diagnosis/s38584_nan_explicit_37_0.wcnf.xz,3600.0,37.8136,29.8036,48.0924,17.1476,245.029,31.2491,25.3308
c3cddee7ccf41aee0db915f505da1726,fault-diagnosis/s38584_nan_explicit_49_0.wcnf.xz,421.522,36.1795,21.242,47.7865,15.2016,37.0635,29.5416,28.4725
19ffddff4f2ca2e26e0bb7fd0c32883d,fault-diagnosis/s38584_nan_explicit_27_0.wcnf.xz,3600.0,56.1634,492.021,70.4065,50.0072,203.392,109.241,64.2735
89b6fa8293080d7d629c8c4266dcd5ad,fault-diagnosis/s38584_nan_explicit_41_0.wcnf.xz,3600.0,38.566,104.747,56.3845,23.6386,165.646,111.853,33.6556
718752da0cd9b7883ef53ba75d6c0a34,fault-diagnosis/s38584_nan_explicit_30_0.wcnf.xz,3600.0,53.7235,1892.77,75.2424,66.9851,152.45,158.637,121.026
6ed314af006cf17344db71c3361d368e,fault-diagnosis/s38584_nan_explicit_40_0.wcnf.xz,3600.0,36.3069,44.6867,54.8866,28.9841,205.917,124.53,28.3557
8f2a65a6c0f1df86e5caf247130739eb,fault-diagnosis/s38584_nan_explicit_33_0.wcnf.xz,3600.0,29.7374,31.6511,42.4092,17.3001,205.203,49.5398,24.5211
90df7c52b24e6631f0245d6348b42051,fault-diagnosis/s38584_nan_explicit_31_0.wcnf.xz,3600.0,61.7683,97.0044,78.3704,116.713,203.396,166.044,59.3552
78dfee030e10729cf8ce82bb9aac942d,fault-diagnosis/s38417_nan_explicit_0_0.wcnf.xz,1.73644,1.69116,0.400128,8.75502,1.67399,1.83245,8.31812,0.557149
6b8c18b248164b00a0ee5faa88f69870,fault-diagnosis/s38584_nan_explicit_29_0.wcnf.xz,3600.0,41.6509,67.3719,62.2405,36.7762,176.836,116.437,40.0773
249d305859654a38825e0608ea1711e6,fault-diagnosis/s38584_nan_explicit_19_0.wcnf.xz,3600.0,82.3781,580.915,118.158,66.0524,162.776,139.851,67.3163
785439bcf808f5424cb1fc1bf4cfacb2,fault-diagnosis/s38584_nan_explicit_15_0.wcnf.xz,3600.0,158.018,3600.0,225.029,3600.0,2525.46,2514.41,469.331
bd560a5b006fb33e145930266fb6f0bd,fault-diagnosis/s38584_nan_explicit_26_0.wcnf.xz,3600.0,57.3214,43.8745,81.4474,21.7229,141.597,207.356,51.4132
2760c0557c1eab1d39b22a0106c27b47,fault-diagnosis/s38584_nan_explicit_12_0.wcnf.xz,3600.0,117.348,3600.0,178.598,113.021,249.682,228.712,104.126
3c33b18f62a0fef3e4a50732f7aba859,fault-diagnosis/s38584_nan_explicit_4_0.wcnf.xz,3600.0,97.4335,3600.0,170.996,3600.0,3600.0,3600.0,3600.0
d2902da636e172763b780ed035770a02,fault-diagnosis/s38584_nan_explicit_13_0.wcnf.xz,3600.0,58.5386,3600.0,88.3108,80.1872,150.841,173.718,61.1275
806a08ebf9e1b5c9365643ca7eb84f92,fault-diagnosis/s38584_nan_explicit_3_0.wcnf.xz,3600.0,62.274,3600.0,97.9403,3600.0,3600.0,1792.27,1520.33
d9022ddf9dceb923f2156de669026497,fault-diagnosis/s38584_nan_explicit_5_0.wcnf.xz,3600.0,497.685,3600.0,935.606,3600.0,3600.0,3600.0,3600.0
41a2c134035cdcafcb8c05eff42e4b36,fault-diagnosis/s38584_nan_explicit_8_0.wcnf.xz,3600.0,3600.0,3600.0,3600.0,3600.0,3600.0,3600.0,3600.0
0407c9a31122adb16306950d1f326ee5,aes/mul_8_13.wcnf.xz,3600.0,3600.0,3600.0,3600.0,3600.0,3600.0,3600.0,3600.0
0daa3ef64a8653427d70c92d04c7e85d,aes/mul_8_9.wcnf.xz,3600.0,3600.0,3600.0,3600.0,3600.0,3600.0,3600.0,3600.0
2a0b2bdce1509c44c257d5aee2936255,aes/mul_8_3.wcnf.xz,211.145,3600.0,3600.0,3600.0,3600.0,3600.0,3600.0,3600.0
5c480a59388fb830f4214e077bae2176,aes/mul_8_14.wcnf.xz,3600.0,3600.0,3600.0,3600.0,3600.0,3600.0,3600.0,3600.0
838ae4d3694782ea608dc243073b5921,aes/sbox_8.wcnf.xz,3600.0,3600.0,3600.0,3600.0,3600.0,3600.0,3600.0,3600.0
6b77285052fb29342daa6d99abc384ce,aes/sbox_4.wcnf.xz,0.270476,0.255113,1846.63,0.333352,0.138025,3.81235,10.3671,0.334418
e44035e719a4c9f163728cb657616426,aes/mul_8_11.wcnf.xz,3600.0,3600.0,3600.0,3600.0,3600.0,3600.0,3600.0,3600.0
3c7a35287a541badcad913b1835ca5cf,rna-alignment/k50-40-60.rna.pre.wcnf.xz,67.4424,0.644273,1.71142,1.24069,186.793,115.135,48.5357,27.9941
b2d328862e80ba8eb1d883f744553bb9,rna-alignment/k50-23-49.rna.pre.wcnf.xz,76.0758,0.709053,2.61462,1.28711,44.6359,43.5841,53.513,62.1341
9a209ab5a8554c47936ed09d2c0c02a1,uaq/uaq-nr-nr150-nc50-n3-k2-rpp4-ppr2-plb50.wcnf.xz,1620.9,37.9179,587.634,37.8165,105.223,121.278,39.8783,192.41
a13c7bb2c65030bc7f75c083b29ddef8,uaq/uaq-nr-nr130-nc43-n3-k2-rpp4-ppr2-plb50.wcnf.xz,15.0233,0.772938,12.3054,1.42006,2.57001,7.58903,4.02853,5.37814
d74677e8a4b858a39bcf44c0d08cfaa1,uaq/uaq-rpp-nr100-nc33-n3-k2-rpp6-ppr2-plb20.wcnf.xz,3.77893,5.11337,12.3171,3.13855,5.06811,12.4895,6.09656,13.454
a29665d09cc7901a823ad66b34901e3c,uaq/uaq-nr-nr240-nc80-n3-k2-rpp4-ppr2-plb50.wcnf.xz,40.8016,8.27894,3600.0,6.96304,2625.54,1319.72,77.0206,66.671
9bed216f51683ad7fc65ab61c3d9a5bb,uaq/uaq-nr-nr220-nc73-n3-k2-rpp4-ppr2-plb50.wcnf.xz,57.2636,8.00319,3600.0,8.33586,942.012,487.929,147.583,41.4547
7a1e829969f8fa2fc45d733a6ccc44fc,uaq/uaq-plb-nr250-nc83-n5-k2-rpp3-ppr5-plb100.wcnf.xz,1069.07,9.42942,193.705,11.3087,154.886,136.078,36.7999,110.018
3e6fd4f0d651989028d78913b19d3302,uaq/uaq-nr-nr340-nc113-n3-k2-rpp4-ppr2-plb50.wcnf.xz,2.24565,0.64517,3600.0,1.08412,3600.0,3600.0,417.363,16.1985
e7825e7b5da177791a14c5dde7f15993,uaq/uaq-ppr-nr200-nc66-n5-k2-rpp4-ppr5-plb100.wcnf.xz,3600.0,35.1835,18.7142,19.3033,26.1192,37.4095,33.318,85.449
375d8e09373bbd804febdeb34580b2cc,uaq/uaq-plb-nr250-nc83-n5-k2-rpp3-ppr5-plb90.wcnf.xz,3600.0,299.859,3600.0,312.863,2832.92,1408.13,274.252,3600.0
578fe2a2ecadccb1ad34b5df843a3820,uaq/uaq-ppr-nr200-nc66-n5-k2-rpp6-ppr6-plb100.wcnf.xz,3600.0,3600.0,3600.0,3600.0,3600.0,3600.0,3600.0,3600.0
36ddfe6070388e1ee8c049473f964f6a,uaq/uaq-ppr-nr200-nc66-n5-k2-rpp4-ppr6-plb100.wcnf.xz,3600.0,3600.0,3600.0,1768.81,3600.0,1509.87,710.95,3600.0
8eeadd167ab74f59850881a0384223d5,uaq/uaq-ppr-nr200-nc66-n5-k2-rpp6-ppr9-plb100.wcnf.xz,3600.0,3600.0,3600.0,3600.0,3600.0,3600.0,3600.0,3600.0
98f35fa8df3596ade79300686d5a65dc,uaq/uaq-rpp-nr100-nc33-n3-k2-rpp28-ppr2-plb20.wcnf.xz,192.984,101.757,28.295,36.6303,30.3545,61.1873,91.3908,94.2422
d4e2b7a033ea086555618f633e1942c5,uaq/uaq-ppr-nr200-nc66-n5-k2-rpp6-ppr13-plb100.wcnf.xz,3600.0,3600.0,3600.0,3600.0,3600.0,3600.0,3600.0,3600.0
e0f206396775e65622c954f8f249d7dc,uaq/uaq-ppr-nr200-nc66-n5-k2-rpp6-ppr11-plb100.wcnf.xz,3600.0,3600.0,3600.0,3600.0,3600.0,3600.0,3600.0,3600.0
afd775e498d5d632bed2f98017082dc4,tpr/b14-s_PathRelaxation_Set_FS_47.wcnf.xz,5.09875,0.948965,395.664,1.54832,6.9265,34.0391,5.78469,1.05813
822bff277e9529c77aad4af95b8f6f65,tpr/b21-s_PathRelaxation_Set_FS_31.wcnf.xz,18.6953,2.82002,673.557,6.29243,56.4809,254.03,91.8185,6.70601
4bd5c5594052e56c5c441a759b2a8863,tpr/b18-s_PathRelaxation_Set_FS_32.wcnf.xz,73.8823,23.5683,44.5514,97.7301,126.613,732.114,118.943,29.9743
1b23030c24d1e2b5db0ed3974c1439a4,tpr/b14-s_PathRelaxation_FS_25.wcnf.xz,0.121811,0.126355,36.0706,0.518972,0.574673,10.2566,0.450604,0.0673181
93c3b8bb41edd0e30821ed9a51ac99b1,tpr/b14-s_PathRelaxation_FS_46.wcnf.xz,0.300311,0.125412,35.3632,0.51033,0.61166,13.5636,0.959285,0.0927099
4f241482466e10649974fefda12fbb86,tpr/b14-s_PathRelaxation_FS_14.wcnf.xz,0.342445,0.126941,35.0806,0.519544,0.723397,11.2428,4.39444,0.0804991
05bef034dd4edd4fc91a5f8cdcc7ce06,tpr/b14-s_PathRelaxation_FS_16.wcnf.xz,0.342977,0.12974,27.3388,0.526841,3.16317,1.70215,0.5232,0.0829231
3a320b8b6ed8a9b189bc4a77088e6483,tpr/b21-s_PathRelaxation_FS_28.wcnf.xz,2.73154,0.383393,46.7346,1.21398,2.03606,16.6249,7.17436,0.278143
53ef9d7dae13ac0c7e9984352662146b,tpr/b21-s_PathRelaxation_FS_42.wcnf.xz,5.75995,0.434849,198.164,1.28519,20.4389,48.1506,9.47019,1.39949
10ace27ce60c0482e82ef85f3637574d,tpr/b21-s_PathRelaxation_FS_48.wcnf.xz,5.10703,0.372997,22.1554,1.07392,2.56648,17.1526,6.79896,0.266211
aae526ca33b2322303cb51a87a0824c5,tpr/b21-s_PathRelaxation_FS_47.wcnf.xz,4.43241,0.46464,136.499,1.30988,48.2313,70.3756,20.0678,0.610806
af4571b1d6b7c7a268b9efd6795a188b,frb/frb35-17-5.partial.wcnf.xz,6.30631,17.4982,81.9355,2.99844,69.1801,23.3447,3600.0,3600.0
98c20c313d647ac0e66a90eff300c82f,frb/frb40-19-5.partial.wcnf.xz,89.3245,62.2771,796.624,1777.92,250.9,84.9273,3600.0,3600.0
3bfdb7f66262ab3f503dbc425d4b4f63,frb/frb40-19-4.partial.wcnf.xz,286.177,252.107,373.946,63.4911,5.26938,178.765,3600.0,3600.0
7be137b3626466aeecb646599861d57a,frb/frb40-19-2.partial.wcnf.xz,41.0806,20.6127,46.5818,21.3007,31.9149,39.008,3600.0,3600.0
e69912dfab43556bf97bfaf21559aac9,frb/frb40-19-3.partial.wcnf.xz,3600.0,109.928,1775.54,739.679,1011.78,85.0069,3600.0,3600.0
ce051faa3dd42df0247cb88d8fac2d22,frb/frb35-17-1.partial.wcnf.xz,4.87393,1.2481,18.3912,3.95595,28.3485,17.9324,3600.0,3600.0
9440539551ce701268c3fd4e860a3ff9,frb/frb35-17-2.partial.wcnf.xz,77.267,12.3283,79.0653,27.307,25.6881,48.9104,3600.0,3600.0
3285eef76dc710f9a1a227f432a74fb7,frb/frb35-17-3.partial.wcnf.xz,31.8289,2.17579,12.9333,7.96331,4.40648,16.1002,3600.0,3600.0
68a65bef240202704513c96602e23037,frb/frb40-19-1.partial.wcnf.xz,15.465,7.60627,39.256,9.68465,54.5033,17.1918,3600.0,3600.0
d56b196e839d522a25f17807d9ec6eb9,bcp/simp-ibd_50.04.wcnf.xz,3600.0,8.47087,11.7665,6.96451,14.6128,19.5324,3600.0,41.4023
4785128ef29e1906e8bc86c5f65c784e,bcp/normalized-m100_300_10_15.r.wcnf.xz,4.83638,3600.0,3600.0,3600.0,3600.0,3600.0,3600.0,3600.0
eb231d09b0fb5ece5bd4cd2b714f5130,bcp/normalized-saucier.r.wcnf.xz,84.0545,3600.0,3600.0,2073.36,376.494,520.538,2204.29,1248.37
26475ea6d700c462e109bf1b41f2ee64,bcp/c5315_F1@0.wcnf.xz,0.0115419,0.0112181,3600.0,0.0693669,0.0116129,0.011301,0.015038,0.011318
55fd76e48c23118446afbe0b1cd30822,bcp/normalized-f20c10b_024_area_delay.wcnf.xz,29.3354,0.421186,1.49536,1.87722,20.7292,137.139,9.02819,0.233278
8c59b15a7c8b5a3bd296e85aeebd20b1,bcp/normalized-fir06_area_opers.wcnf.xz,66.4742,1.43523,1.38196,1.7268,0.443648,1.88123,18.4582,0.362247
2af77033fc609873ac32a5c92df86778,bcp/normalized-fir09_area_opers.wcnf.xz,1148.84,21.2942,15.7304,246.829,3.31002,71.5309,89.4702,2.0859
1920f6436ace8d3e1be8f46886f797f9,bcp/normalized-f20c10b_005_area_delay.wcnf.xz,142.211,3.23147,1.96928,17.0487,2.12707,22.9425,123.974,1.14213
89c8d31316cdee35b38f16dbf2e97918,bcp/normalized-ii8a3.wcnf.xz,3.05607,0.085915,3600.0,0.360556,3600.0,1136.41,10.6651,183.285
7c0fdf77d4f36eafc147c60480736a9e,bcp/normalized-f2000.wcnf.xz,3600.0,3600.0,3600.0,3600.0,3600.0,3600.0,3600.0,3600.0
b952ee3dd140616f0f1b96fbff339581,bcp/normalized-par32-4.wcnf.xz,3600.0,3600.0,3600.0,3600.0,3600.0,3600.0,3600.0,3600.0
3fd9a8ca390a932766900e6c30cd776b,close_solutions/TEAMS20_l10aa.cnf.wcnf.xz,4.26552,0.372178,3600.0,1.64402,7.20021,34.6955,0.82472,19.9884
4581b8bfdf0f3af6b9492aa6aad818ad,close_solutions/teams16_l6a.cnf.wcnf.xz,8.15448,1.82354,3600.0,5.43992,2.64475,19.2703,20.8254,3.84876
1dd42ca90fb845bd7460d936b69276b6,close_solutions/SAT11__application__fuhs__AProVE11__AProVE11-12.cnf.wcnf.2.wcnf.xz,179.283,40.7929,120.57,49.9468,57.2907,114.782,88.0301,30.6137
32ee549a6de18bbef28b3a49b140d2b7,close_solutions/SAT02__industrial__biere__dinphil__dp10s10.shuffled.cnf.wcnf.8.wcnf.xz,922.137,59.0531,199.059,478.183,153.219,235.7,236.453,156.428
a58e932d04485b1bf960e730529fc6a9,close_solutions/teams24_l5a.cnf.wcnf.xz,67.0448,1.20277,3600.0,3232.36,3600.0,3600.0,3600.0,3600.0
deaf2f3c74294b867d42c34bf37e6d2a,close_solutions/SAT11__application__fuhs__AProVE11__AProVE11-09.cnf.wcnf.4.wcnf.xz,1559.87,580.027,1840.58,673.206,2960.92,3600.0,3600.0,375.493
1a04267c8118371c53ab08799640fca0,close_solutions/SAT_RACE08__cnf__ibm-2004-01-k90.cnf.wcnf.10.wcnf.xz,10.2218,1.43088,3600.0,27.5194,284.629,469.5,371.756,3.31283
d4a1db61bbfeeb6286b119591b3c13c2,close_solutions/SAT09__APPLICATIONS__satComp09_BioInstances__rbcl_xits_18_SAT.cnf.wcnf.2.wcnf.xz,0.77945,1.15843,54.9421,6.51772,11.7099,18.6114,13.407,1.60491
fcac7002998ccf30cc35e567d0d93b70,close_solutions/SAT11__application__leberre__2dimensionalstrippacking__E05F18.cnf.wcnf.8.wcnf.xz,1077.79,27.3434,122.757,177.301,63.1716,87.7832,76.3652,106.917
5837777265269b35441f67d1976ff351,close_solutions/SAT11__application__jarvisalo__smtqfbv-aigs__smtlib-qfbv-aigs-bin_libmsrpc_vc1225336-tseitin.cnf.wcnf.4.wcnf.xz,303.619,345.422,3600.0,391.091,213.236,451.43,636.656,153.242
1acd6ba9c56e3e8b4840031f14778bd0,close_solutions/SAT11__application__jarvisalo__AAAI2010-SATPlanning__aaai10-planning-ipc5-pipesworld-12-step16.cnf.wcnf.8.wcnf.xz,27.5616,3.83232,944.968,43.497,9.2318,248.148,3.87498,1.43366
016dd4875461ead35e0fea4a83b15f43,close_solutions/SAT11__application__jarvisalo__AAAI2010-SATPlanning__aaai10-planning-ipc5-pipesworld-12-step16.cnf.wcnf.7.wcnf.xz,26.521,3.29828,535.376,89.6221,76.6574,293.01,4.44931,1.43054
3929384bddeaa4d1600c904854fa2ef8,close_solutions/SAT11__application__fuhs__AProVE11__AProVE11-10.cnf.wcnf.3.wcnf.xz,3600.0,3600.0,3600.0,3600.0,79.2455,107.284,131.878,3600.0
5aa56063133f4b4b6089690abf62a402,close_solutions/SAT11__application__rintanen__SATPlanning__openstacks-sequencedstrips-nonadl-nonnegated-os-sequencedstrips-p30_3.085-SAT.cnf.wcnf.5.wcnf.xz,65.0856,8.02475,3574.95,27.0326,2.13081,3.47178,16.5126,1.84281
c14f30b2a91548e81b1ab8c8506d6a2f,close_solutions/SAT11__application__manthey__traffic__traffic_3_uc_sat.cnf.wcnf.8.wcnf.xz,325.997,180.572,3600.0,2508.08,3.88423,4.79316,8.74647,350.052
be297dab970e7329aa240f7dd65fec58,close_solutions/SAT11__application__rintanen__SATPlanning__openstacks-sequencedstrips-nonadl-nonnegated-os-sequencedstrips-p30_3.085-SAT.cnf.wcnf.1.wcnf.xz,113.685,95.6869,3600.0,3600.0,2.52168,4.25253,9.17286,2070.06
92a3e2b64e82024f2e3002b86bca4a51,close_solutions/SAT04__industrial__velev__pipe-sat-1-1__12pipe_bug6_q0.used-as.sat04-725.cnf.wcnf.3.wcnf.xz,484.956,119.264,384.899,750.206,7.03138,29.9827,116.908,271.118
de0b5c3749f2265f070b686c2ec317a5,close_solutions/SAT11__application__rintanen__SATPlanning__blocks-blocks-36-0.170-NOTKNOWN.cnf.wcnf.6.wcnf.xz,961.991,446.68,3600.0,3600.0,240.019,1325.17,954.357,1535.01
a9f42d8cfb15a49b01f736321ad55fe0,close_solutions/SAT_RACE06__velev-pipe-sat-1.0-b9.cnf.wcnf.2.wcnf.xz,230.094,52.5389,118.552,2625.29,9.6809,40.2952,208.344,59.5311
4a59f0a6de00e0b2300db01cdc392f5a,close_solutions/SAT07__industrial__vliw_sat_4.0__9vliw_m_9stages_iq3_C1_bug5.cnf.wcnf.1.wcnf.xz,262.178,80.2714,3600.0,855.093,8.40973,9.35872,157.945,174.874
a64932a793e75b41451dcd308147ad30,close_solutions/SAT07__industrial__vliw_sat_4.0__9vliw_m_9stages_iq3_C1_bug6.cnf.wcnf.3.wcnf.xz,284.781,81.3586,608.841,270.314,7.92201,8.62997,279.319,116.072
f9c73fdc9818aa10c08ec37526e8e0f0,kbtree/kbtree9_7_3_5_90_5.wcsp.wcnf.xz,26.005,3600.0,3600.0,3600.0,3600.0,3600.0,2255.25,3600.0
ba97f8cb640847f12f6cc12315559e31,kbtree/kbtree9_7_3_5_80_5.wcsp.wcnf.xz,33.6233,3600.0,3600.0,3600.0,3600.0,3600.0,3600.0,3600.0
d1a8db715985006bb69bfd3582a63773,kbtree/kbtree9_7_3_5_90_4.wcsp.wcnf.xz,16.1714,3600.0,3600.0,3600.0,2916.37,2059.86,3600.0,3600.0
57d498acfa4510e1138a84e2a1bf289a,kbtree/kbtree9_7_3_5_70_5.wcsp.wcnf.xz,78.5184,3600.0,3600.0,3600.0,3600.0,3600.0,3600.0,3600.0
d944dd68ead88440182f57b34df1664d,kbtree/kbtree9_7_3_5_80_2.wcsp.wcnf.xz,57.5266,3600.0,3600.0,3600.0,3600.0,3600.0,3600.0,3600.0
db615d5ee8729d62e00f76d235a11511,kbtree/kbtree9_7_3_5_60_1.wcsp.wcnf.xz,47.1592,3600.0,3600.0,3600.0,3600.0,3600.0,3600.0,3600.0
aa900cc2a472b552e823df4476a94256,kbtree/kbtree9_7_3_5_50_1.wcsp.wcnf.xz,90.9433,3600.0,3600.0,3600.0,3240.74,3600.0,747.212,3600.0
494199eb9d6eec81e80952e7360a4b55,kbtree/kbtree9_7_3_5_50_4.wcsp.wcnf.xz,178.246,3600.0,3600.0,3600.0,3600.0,3600.0,3600.0,3600.0
62a73a4966691fdf9f04c9de90793e81,kbtree/kbtree9_7_3_5_30_3.wcsp.wcnf.xz,73.971,81.0839,194.938,69.7413,9.8237,21.8551,14.2813,801.317
057ab80fd410ff13427420cfba71e92d,kbtree/kbtree9_7_3_5_50_6.wcsp.wcnf.xz,79.4994,3600.0,3600.0,3600.0,3600.0,3600.0,3600.0,3600.0
c1782d4a9779d26dd354382402728cae,kbtree/kbtree9_7_3_5_40_3.wcsp.wcnf.xz,121.189,3600.0,3600.0,2550.49,244.666,590.168,548.497,3600.0
b6ba6fbb846fe1be1b49a71d5b26ec01,kbtree/kbtree9_7_3_5_40_1.wcsp.wcnf.xz,274.403,3600.0,3600.0,3600.0,2720.82,3600.0,1044.68,3600.0
a451e366ae0b8a90aa1befec616509dc,pseudoBoolean/normalized-ssa7552-038.opb.msat.wcnf.xz,3.23101,0.739101,3.83907,14.2773,3.60257,12.5513,3600.0,24.2
66cd7a6943df4e2038c65572a6d265c8,pseudoBoolean/normalized-ssa7552-158.opb.msat.wcnf.xz,2.15854,0.511835,1.80054,10.2834,1.90765,1.87897,3600.0,0.371255
d4d90cd927497948bac2f6bf1e522653,pseudoBoolean/normalized-par32-5.opb.msat.wcnf.xz,3600.0,3600.0,3600.0,3600.0,3600.0,3600.0,3600.0,3600.0
7db7b23023c73f359cf11f35c5932b0e,pseudoBoolean/normalized-par32-4.opb.msat.wcnf.xz,3600.0,3600.0,3600.0,3600.0,3600.0,3600.0,3600.0,3600.0
3b6504317a3991012e970e29492fffb8,pseudoBoolean/normalized-ssa7552-159.opb.msat.wcnf.xz,2.3911,0.54679,1.99405,10.992,2.0119,1.98955,3600.0,0.888556
adf4568fefbd5e0e1523acd2c254fd95,pseudoBoolean/normalized-par32-2.opb.msat.wcnf.xz,3600.0,3600.0,3600.0,3600.0,3600.0,3600.0,3600.0,3600.0
f2981c7d9bcce1a0f053022dd6b0a573,pseudoBoolean/normalized-ssa7552-160.opb.msat.wcnf.xz,2.60645,0.586629,2.9035,11.6708,2.05031,2.02508,3600.0,0.509401
81ee721a1b520d6c6c31a19b1a447f5b,pseudoBoolean/normalized-par32-3.opb.msat.wcnf.xz,3600.0,3600.0,3600.0,3600.0,3600.0,3600.0,3600.0,3600.0
6ac4dee300b013796a223e419c6d0e93,pseudoBoolean/normalized-par32-1.opb.msat.wcnf.xz,3600.0,3600.0,3600.0,3600.0,3600.0,3600.0,3600.0,3600.0
ee698ac0d6b690c96495f33488f9b31e,pseudoBoolean/normalized-mps-v2-20-10-stein45.opb.msat.wcnf.xz,50.9269,42.2415,8.55652,46.5543,28.1458,61.9476,64.8896,140.378
9915020dda680405c1fb1124edf9e2bc,pseudoBoolean/normalized-g100x100.opb.msat.wcnf.xz,3600.0,3600.0,3600.0,3600.0,3600.0,3600.0,3600.0,3600.0
9c416c7b96005093e47a35428283f94b,pseudoBoolean/normalized-g15x15.opb.msat.wcnf.xz,136.945,108.156,74.6135,530.406,37.1665,27.5651,22.853,2608.53
bf5d83605bdcb72db59ff045d3110374,optic/gen_cvc-add3-carry2-gadget_399.wcnf.xz,5.80955,0.447972,3600.0,0.782976,1.93005,7.66881,19.8847,1.96953
91bd8ee7265d93759242796c88cc419c,optic/gen_cvc-add3-carry2-gadget_33.wcnf.xz,7.28211,0.780303,3600.0,50.5985,3.33512,14.7512,53.7021,13.3155
c1d08428396e888038cc3b90d3c1a679,optic/gen_mult_3_5_991.wcnf.xz,42.1432,3600.0,3600.0,3600.0,3600.0,3600.0,3600.0,3600.0
55c1729ae6b8737b8f9e790be5b0293e,optic/gen_cvc-add3-carry2-gadget_9999.wcnf.xz,3.06251,1.57176,2040.43,1.12109,1.30897,8.56492,12.5625,59.9203
5d5ebde27f00121f93ca3f7104c55c27,optic/gen_add_4_33.wcnf.xz,32.2765,0.126665,3600.0,0.442125,0.277632,3.78406,12.3837,5.55173
424ddc3294dac25018926e3c7e10b978,optic/gen_mult_4_4_9999.wcnf.xz,3.79167,3600.0,3600.0,3600.0,3600.0,1652.82,235.577,3600.0
59210b5850fc3ef9f55219e182e2ae31,optic/gen_cvc-plus_4_33.wcnf.xz,27.1771,0.127024,3600.0,0.392489,0.154771,1.22052,65.2072,0.150609
3dd4c0fe78d33f435a35a1893c7e6bed,optic/gen_mult_3_6_399.wcnf.xz,2.84089,3600.0,3600.0,3600.0,3600.0,3600.0,3600.0,3600.0
8a400e64c2f3c62bc1a9a5ba46e4a90b,optic/gen_mult_3_5_9999.wcnf.xz,1586.88,3600.0,3600.0,3600.0,3600.0,3600.0,3600.0,3600.0
0fd71f6cd733eaea64b6eece710cca96,optic/gen_mult_3_5_399.wcnf.xz,3.77204,3600.0,3600.0,3600.0,3600.0,3600.0,3600.0,3600.0
120300a787370542a9c2d6e08a91820f,optic/gen_cvc-add7to3_9999.wcnf.xz,3600.0,3600.0,3600.0,3600.0,3600.0,3600.0,3600.0,3600.0
45d37462b58ad058a2a92343832931b0,optic/gen_mult_4_6_991.wcnf.xz,3600.0,3600.0,3600.0,3600.0,3600.0,3600.0,3600.0,3600.0
0aaca0d2984bfcb2b605cbc95f024ae5,optic/gen_mult_4_5_9999.wcnf.xz,3600.0,3600.0,3600.0,3600.0,3600.0,3600.0,3600.0,3600.0
55ff55589a137aa8ac37146fe5360e79,optic/gen_add_5_33.wcnf.xz,1660.36,27.7072,3600.0,4.96355,3600.0,3600.0,198.072,4.75976
fcf48964857a1c8f8810a3ef916c2624,optic/gen_square_5_399.wcnf.xz,3.7584,3.20965,3600.0,9.4254,3600.0,3600.0,59.0992,0.702567
d8b6c3a91e44213554cc71f4032ae9ce,optic/gen_mult_4_6_299.wcnf.xz,20.4929,10.3132,3600.0,81.7799,3600.0,3600.0,49.5629,3600.0
247dbd6e40f986153c8d498315330c06,optic/gen_square_5_299.wcnf.xz,2.1388,0.663621,3600.0,3.88416,0.252902,0.263521,46.9297,0.375937
7f86bbbcbeb037ef51beb9c6fc585d37,packup/rand717_l2.wcnf.xz,1.51508,1.89974,18.1812,6.95909,0.412962,0.549138,0.96688,1.10254
483bffb141d266442cf6cee5757cd77e,packup/rand179_l2.wcnf.xz,1.48684,1.77638,11.3099,6.62251,0.430434,0.557056,0.919322,0.940145
e562155336af0ff0041f4976fcb8bd0e,packup/rand943_l2.wcnf.xz,1.26866,1.88879,22.8309,5.99178,0.389374,0.501683,0.950963,0.87461
74a94caf12714c9f9145b27264984669,packup/rand21_l2.wcnf.xz,1.43594,2.74456,31.095,8.77918,0.674779,1.29885,1.18591,1.50418
6dabf4a60f6c32cf0e203a7c83eaa691,packup/rand196_l2.wcnf.xz,1.53436,2.92724,20.1442,8.19383,0.519566,0.706497,1.05795,1.56409
de6a782dfa9462a17a499b1efa227226,packup/rand308_l2.wcnf.xz,0.892922,0.632191,10.7396,3.75833,0.275219,0.334176,0.576923,0.41576
99596736bf262c778ad06ec023a84dc7,packup/rand7_l2.wcnf.xz,0.944874,1.04716,6.22738,5.26359,0.391365,0.45551,0.766626,0.698785
8d706daf0e85d2eb5f93c799537c8703,packup/rand209_l2.wcnf.xz,1.00737,1.24848,16.0341,6.02748,0.331477,0.414967,0.767587,0.84439
6ad6d4112799e66a3c28bdabb0a73f0b,packup/rand984_l2.wcnf.xz,1.43073,1.54739,8.76075,5.58686,0.380117,0.467106,0.863395,0.808407
4c4e046c0529eb276ecbdc1cabe7c990,packup/apt-cudf-universe0ea62c_l1.wcnf.xz,3.11794,0.459159,3600.0,1.48159,0.10186,0.120945,0.491813,0.108748
1bad9064cfc5899b26836b0cd1eedbaa,packup/rand290_l2.wcnf.xz,1.25068,2.4389,7.40047,7.20056,0.5347,0.705015,1.17803,1.22978
3101d75bd9bcf2f2361fc939a5753d6f,packup/ff4a1d84-d490-11df-9e6c-00163e3d3b7c_l3.wcnf.xz,7.36215,2.55661,5.54854,10.6233,3.57622,15.81,8.97988,5.69903
7a5430de6c49d369d571ed6f5fb6f757,packup/rand313_l2.wcnf.xz,2.043,2.33534,15.8588,8.39929,0.499506,0.615215,0.889708,1.20279
81d4c5d331d3cead039efb836b237ba4,packup/rand507_l2.wcnf.xz,0.554701,0.753939,6.63817,4.041,0.270763,0.322495,0.619057,0.442417
56af858890b6722e47441f025f636baf,packup/7f80e4f0-4fe9-11e0-acd7-00163e1e087d_l3.wcnf.xz,36.3737,6.28025,4.08924,6.19996,3.973,14.8335,15.6851,5.47893
33b11f076f17824abf6e7a3cf03bcd37,packup/2c3aece6-c8b2-11df-a040-00163e3d3b7c_l3.wcnf.xz,34.4455,8.39528,9.08174,12.1314,18.3204,27.4315,17.5482,13.3181
e34edbbdbf693b327550070409cc3208,HaplotypeAssembly/splitedReads_0.matrix.wcnf.xz,939.787,337.168,3600.0,186.835,3600.0,3600.0,3600.0,3600.0
53d1db63db522cbb89eebcb2f2845ae3,HaplotypeAssembly/splitedReads_160.matrix.wcnf.xz,11.9869,2.74247,10.1486,5.11014,0.606547,0.930633,1.46977,2.06827
2a894e190c5fd0d502178612d0f4b58d,HaplotypeAssembly/splitedReads_414.matrix.wcnf.xz,8.67178,2.07882,10.0181,3.49869,1.55357,2.62289,1.74091,1.62924
1400bd549777fc2fdd0b9ffe4e414c32,HaplotypeAssembly/splitedReads_158.matrix.wcnf.xz,8.46016,2.18999,12.2345,4.26575,0.532005,0.763558,1.3754,1.65572
4cfdd9ec8f477d60f27304c7ffc588a5,HaplotypeAssembly/splitedReads_18.matrix.wcnf.xz,5.90446,1.43267,8.70952,2.60365,1.0286,2.32091,0.429621,1.04197
d98c281cfc5215b33c37a3aa39396cda,maxone/3col140_5_10.shuffled.cnf.wcnf.xz,29.1513,12.5262,3.54595,11.2396,14.8535,32.1699,45.3258,7.36258
395f5349d621b88330955a727f57b133,maxone/3col140_5_1.shuffled.cnf.wcnf.xz,43.5084,16.3041,4.34597,10.5577,15.0758,32.4475,44.1289,7.4263
0cbfb3a102ef71c09172a967b07ed319,maxone/3col140_5_7.shuffled.cnf.wcnf.xz,25.1751,13.5407,3.27953,6.73672,17.5102,36.8233,32.1785,6.51781
7b78a9e2dbf79379c79ef5cb41bb646c,maxone/dp07s07.shuffled.cnf.wcnf.xz,5.75814,7.64455,518.238,13.5552,1148.93,2013.51,3600.0,8.17073
3a6673401d344e841d296785e775a1b5,maxone/3col140_5_6.shuffled.cnf.wcnf.xz,69.1712,14.2886,3.80062,9.84101,18.9945,39.8856,54.769,7.39299
7de75f606b00b50f11ddf73959af7442,maxone/3col140_5_8.shuffled.cnf.wcnf.xz,68.608,13.324,3.47713,7.21765,16.3798,31.4675,40.2557,7.35345
51d6d4a3c5dfbfb66b7eb6510fa80c33,maxone/3col140_5_3.shuffled.cnf.wcnf.xz,38.379,16.0269,3.7352,12.7032,15.4248,41.1388,39.8332,4.88693
e57b66a1f56fb2baeb97c96e799ea22a,maxone/dp06s06.shuffled.cnf.wcnf.xz,2.69136,1.02054,39.426,5.47073,311.048,132.048,372.6,1.86935
3008e0bf43b718b99370f66ecf781258,maxone/3col140_5_5.shuffled.cnf.wcnf.xz,28.9307,15.6797,2.71855,9.16476,16.223,38.7337,49.7414,5.35548
810362825453041b5ace97e381c52770,maxone/3col140_5_2.shuffled.cnf.wcnf.xz,67.1488,13.3798,3.08332,12.3747,15.6974,36.0926,41.2071,4.14029
d74153fe725187075c74fb65489c4e93,maxone/3col140_5_9.shuffled.cnf.wcnf.xz,69.7981,13.7118,3.78118,10.1133,20.3015,30.3251,43.0798,7.96017
6a2b33422a5f3e103a38bea947245770,maxone/3col140_5_4.shuffled.cnf.wcnf.xz,40.8731,11.7334,2.9518,8.43689,15.9731,31.6997,44.3433,8.35607
bb49e9212852f43695fc9bdb5d967835,treewidth-computation/TWComp_jean_N77.wcnf.xz,8.20925,4.82577,0.825687,10.7799,0.892988,27.1405,39.2946,4.02596
a308441ff24390a2f45e9aacc9695098,treewidth-computation/TWComp_david_N87.wcnf.xz,20.2036,29.717,8.90632,3600.0,14.8376,90.5709,73.8295,13.4057
81624dedaa57f22db99b68025cc6fecf,treewidth-computation/TWComp_myciel5_N47.wcnf.xz,3600.0,3600.0,3600.0,3600.0,3600.0,3600.0,3600.0,3600.0
f5833e85c44a7d9ed0f4c5f06cd8b032,treewidth-computation/TWComp_celar02_N100.wcnf.xz,22.6602,13.2469,1.49895,24.4454,2.60513,60.2567,39.5893,10.8773
684479f2e5c5a721acd41167544df706,treewidth-computation/TWComp_queen5_5_N25.wcnf.xz,3600.0,3600.0,3600.0,3600.0,3600.0,3600.0,3600.0,3600.0
e34e404b4a9694f2c54e0cfdcc50a00f,treewidth-computation/TWComp_oesoca+_N67.wcnf.xz,215.08,120.027,105.362,109.919,131.169,193.523,115.774,85.126
5afd8afac94ccb448379fa185a615c4c,treewidth-computation/TWComp_queen7_7_N49.wcnf.xz,3600.0,3600.0,3600.0,3600.0,3600.0,3600.0,3600.0,3600.0
09b73c4d04c444c15d86812cd056485e,treewidth-computation/TWComp_1en2_N69.wcnf.xz,457.707,637.28,203.371,521.543,592.986,614.311,414.156,315.749
bb95fedb197e9d32dc07ff8020f17af2,treewidth-computation/TWComp_eil51.tsp_N51.wcnf.xz,2799.32,415.473,324.514,1937.11,3600.0,1326.76,867.956,2833.99
68d71c10d5fe713f3db0399d1b56b76d,treewidth-computation/TWComp_myciel4_N23.wcnf.xz,10.6613,14.8465,8.54971,12.1689,13.8822,49.548,27.2494,10.2351
e0c3524dd4360fe1b06a58c94c95f34f,treewidth-computation/TWComp_pathfinder_N109.wcnf.xz,29.1567,17.7856,1.83302,30.2921,2.15675,44.5934,45.449,14.5488
5a451c257892a7d7f43ffa3b7af676a0,treewidth-computation/TWComp_1c75_N69.wcnf.xz,3600.0,3600.0,3600.0,3600.0,3600.0,3600.0,3600.0,3600.0
76d0410c19605995b7711ed1143a4eb1,treewidth-computation/TWComp_1dj7_N73.wcnf.xz,3600.0,3600.0,3600.0,3600.0,3600.0,3600.0,3346.87,3600.0
50ed4a333694bda875b6109a7cf02b09,treewidth-computation/TWComp_win95pts_N76.wcnf.xz,7.92135,4.74508,1.3004,10.9682,1.75153,30.3553,35.7238,4.09362
278956df4aa23b5ff4dd7e2ab30c1161,treewidth-computation/TWComp_mulsol.i.5-pp_N119.wcnf.xz,1214.11,1348.82,158.97,3176.32,3600.0,1156.87,1145.85,1592.99
146d0d1da9ee6be496abd311fcc95209,treewidth-computation/TWComp_ship-ship-pp_N30.wcnf.xz,197.782,50.1595,31.8531,51.3477,44.4906,76.1989,56.4927,35.1886
975ce1a8a305ab75c80f91ab05634626,treewidth-computation/TWComp_1dp_N76.wcnf.xz,3600.0,3600.0,3600.0,3600.0,3600.0,3600.0,3600.0,3600.0
fdf0acd9adff3afa6bbcd9c61d0b3128,treewidth-computation/TWComp_queen6_6_N36.wcnf.xz,3600.0,3600.0,3600.0,3600.0,3600.0,3600.0,3600.0,3600.0
8e48576ee5e18f9b2278c7a4cd6e085a,treewidth-computation/TWComp_hepar2_N70.wcnf.xz,5.42447,3.09237,0.464829,8.22017,18.2216,37.4029,37.1814,2.43098
4c229345b0ff586a80a722b7d6403e01,treewidth-computation/TWComp_huck_N74.wcnf.xz,6.97229,4.01571,0.755755,9.82864,18.6739,47.0987,40.1549,3.37002
cbd5911da289a102571bfece5c42df88,treewidth-computation/TWComp_miles500_N128.wcnf.xz,288.362,191.694,186.224,3524.98,632.421,913.118,722.664,190.584
5f698dfcfb971d8ce9564b053490ad13,treewidth-computation/TWComp_celar09pp_N67.wcnf.xz,4.43556,2.54979,0.329371,6.96732,18.0618,38.7999,27.5928,1.86504
05284bd7ad00f831f5b5fa69a70e503f,logic-synthesis/normalized-apex4.a.opb.msat.wcnf.xz,5.37609,2.79763,3600.0,6.15809,0.234549,0.712198,0.383853,0.561911
5cf8eba51006d02c5a08d6bb37cee8cc,logic-synthesis/normalized-ex5.pi.opb.msat.wcnf.xz,3.81349,3058.7,3600.0,2449.01,3600.0,3600.0,3600.0,3600.0
50e756f176885ec294c658ca626e4767,logic-synthesis/normalized-e64.b.opb.msat.wcnf.xz,1.09735,4.33697,3600.0,0.478097,0.191247,3.14579,4.13797,1.47148
ba614368f455dfef5528cdf47765885c,logic-synthesis/normalized-max1024.pi.opb.msat.wcnf.xz,1.42034,3600.0,3600.0,1411.45,3600.0,3600.0,3600.0,87.3888
108973519f53f7f81ceab2712c3aff64,logic-synthesis/normalized-test4.pi.opb.msat.wcnf.xz,3600.0,3600.0,3600.0,3600.0,3600.0,3600.0,3600.0,3600.0
6b76e3b6068084e51855bd4a473f690b,logic-synthesis/normalized-f51m.b.opb.msat.wcnf.xz,0.230662,0.112006,43.047,0.541051,0.0611711,7.27127,6.30834,0.060839
f48eb730fb2f429e5a9b4aea6b4aea82,logic-synthesis/normalized-exam.pi.opb.msat.wcnf.xz,3.4987,3600.0,3600.0,3600.0,3600.0,3600.0,78.226,3600.0
fd69f08ed413cff4cdda66fc7b7c9d02,logic-synthesis/normalized-count.b.opb.msat.wcnf.xz,0.211601,0.149001,13.8822,0.492802,0.032211,5.72152,6.65497,0.0478059
3f7875326052f321bc4490ec77272a2d,logic-synthesis/normalized-jac3.opb.msat.wcnf.xz,3.8234,1.17279,3600.0,1.29195,78.3419,345.724,911.603,0.418561
be4a0cc699af4d1d2282b52f9b84a6c2,logic-synthesis/normalized-sao2.b.opb.msat.wcnf.xz,0.155502,0.0365739,605.275,0.118267,42.5266,72.8405,0.456494,0.0114979
3de8ee5ac0232bdf3b8568dba23d6dae,logic-synthesis/normalized-5xp1.b.opb.msat.wcnf.xz,0.352867,0.270588,12.6014,1.99139,0.121422,7.46845,8.4717,1.06345
e5b219bb5a21d05bfe54eb8f8b80009c,logic-synthesis/normalized-prom2.pi.opb.msat.wcnf.xz,2.57205,3600.0,3600.0,3600.0,1316.59,752.567,3600.0,3600.0
a4cf93b3a9a661f3cd481d592ebfdcb0,logic-synthesis/normalized-bench1.pi.opb.msat.wcnf.xz,3.83461,3600.0,3600.0,3600.0,3600.0,3600.0,3600.0,3600.0
509f50274086386f24432a84ee9bfb2f,logic-synthesis/normalized-rot.b.opb.msat.wcnf.xz,1.24033,853.335,3600.0,324.047,3600.0,3600.0,79.4683,3600.0
ee1004294b39308678f4be8ad146d4af,logic-synthesis/normalized-alu4.b.opb.msat.wcnf.xz,0.632458,3600.0,3600.0,3600.0,3600.0,3600.0,3600.0,3600.0
d98a354783fa23696e9a820b44d88eb6,vpa/UAutomizer_4BitCounterPointer_true-termination_true-valid-memsafety.c_Abstraction1.wcnf.xz,0.336435,0.493518,1.70939,7.15871,0.169182,0.174107,0.773596,0.144462
d05deab8f794f914425f8df47fe6db52,vpa/UAutomizer_cstrpbrk_diffterm_alloca_true-termination.c.i_Abstraction4.wcnf.xz,0.10962,0.161343,3600.0,1.99368,0.0567909,0.0587099,0.233319,0.0384079
3f001f9079c9d238370d07ed1552f4b9,vpa/UAutomizer_LogAG_true-termination_true-no-overflow.c_Abstraction2.wcnf.xz,0.0107861,0.011037,3600.0,0.077728,0.0112581,0.011824,0.0115311,0.0142151
ce0ef4e0eac9eaa6b67816fe53398d89,vpa/UAutomizer_NestedRecursion_2b_false-termination_true-valid-memsafety.c_Abstraction2.wcnf.xz,0.467815,0.67602,2.89068,10.3774,0.247366,0.252686,1.0683,0.290313
488eaacbe5eb83b6004f97aa0ccdb561,vpa/UAutomizer_CookSeeZuleger-2013TACAS-Fig7b-alloca_true-termination.c.i_Abstraction3.wcnf.xz,0.472561,0.702904,3.28355,10.5863,0.233932,0.237823,1.08725,0.213059
0536036abc8efb2506b201f9dff7135f,vpa/UAutomizer_ll_append-alloca_false-termination.c.i_Abstraction1.wcnf.xz,0.336725,0.493806,1.32361,7.18282,0.174456,0.17527,0.771887,0.160649
4641eeeacc5b6955f791b7df9d997e44,vpa/UAutomizer_c.03-alloca_true-termination_true-no-overflow.c.i_Abstraction3.wcnf.xz,0.379362,0.564275,2.14379,8.31806,0.192092,0.196322,0.867542,0.174074
3e344ff450cc104ec4ea8b7f0d78e335,vpa/UAutomizer_AliasDarteFeautrierGonnord-SAS2010-speedpldi2_true-termination_true-no-overflow.c_Abstraction1.wcnf.xz,0.010687,0.010753,3600.0,0.104663,0.011054,0.0102121,0.016172,0.011801
9db6427cdafcca5d9912887ea53b4d20,scheduling/cnf_12.wcnf.xz,3600.0,3600.0,3600.0,3600.0,3600.0,3600.0,3600.0,3600.0
1138c3481b5bea8d51cb8c29e9d9e271,scheduling/cnf_small.wcnf.xz,3600.0,3600.0,3600.0,3600.0,3600.0,3600.0,3600.0,3600.0
9376a42623f31dc8ca8b2a1cd5ce93a5,scheduling/cnf_10_center.wcnf.xz,3600.0,58.2078,1995.84,3600.0,3600.0,2212.12,707.496,188.389
f9ee2d20614281972550c70dfd7e0ee5,scheduling/cnf_10.wcnf.xz,3600.0,3600.0,3600.0,3600.0,3600.0,3600.0,3600.0,3600.0
fe1d9e084f92c4d27c44c02a4b456f3d,scheduling/cnf_12_center.wcnf.xz,1785.0,27.6195,261.365,366.505,262.944,362.85,128.204,48.0595
00f99472b0fb1e4bfb9d46770fe01301,railway-transport/p15.wcnf.xz,62.2325,6.8989,13.8831,13.2966,55.3412,3600.0,86.8838,4.28533
38753c1a62e0be2d25c69358042f95c8,railway-transport/d4.wcnf.xz,3600.0,3600.0,3600.0,3600.0,3600.0,3600.0,3600.0,3600.0
87addd650617278b6acc426d9b0c0113,railway-transport/dp43.wcnf.xz,53.3322,16.2146,18.0699,40.4937,3.48616,41.9761,74.7544,14.839
f025d3bd9ecdfa20c28a54d0efb814d2,railway-transport/pesp_18Min.wcnf.xz,3600.0,3600.0,3600.0,3600.0,3600.0,3600.0,3600.0,3600.0
5d52d65c2811cffad7ff845745a6844b,railway-transport/we.wcnf.xz,3600.0,3600.0,3600.0,3600.0,3600.0,3600.0,3600.0,3600.0
ec201844251db6241957ab04e34eb646,railway-transport/pesp_5min.wcnf.xz,3600.0,3600.0,2280.59,3600.0,3600.0,3600.0,3600.0,3600.0
