hash,filename,SPB_MaxSAT_c_FPS,noSAT_MaxSAT_c,Loandra,SPB_MaxSAT_c,tt_open_wbo_inc_glucose,tt_open_wbo_inc_intelsat,NuWLS_c_IBR,noSAT_MaxSAT,SPB_MaxSAT_c_Band,VBS,Exact_mse
6754230299645722634f302ecaf89a7f,causal-discovery-causal_n6_i1_N500_uai13_harddeps_int.wcnf.xz,19,38,19,19,19,19,19,38,19,19,19
a2bc02ec50e92e85b7218f2afe7fd2b7,CircuitDebuggingProblems-rsdecoder-debug.dimacs.wcnf.xz,1,1,1,1,1,264,1,1,1,1,1
60920f79c25b57c6b6ab3a3228c49891,CircuitDebuggingProblems-spi-debug.dimacs.wcnf.xz,1,1,347,1,1,1,1,1,1,1,1
498b6bac6cf54440ca62774b39ff3c78,close_solutions-SAT04__industrial__velev__pipe-sat-1-1__12pipe_bug4_q0.used-as.sat04-723.cnf.wcnf.8.wcnf.xz,86,86,86,86,86,,86,86,86,86,86
92a3e2b64e82024f2e3002b86bca4a51,close_solutions-SAT04__industrial__velev__pipe-sat-1-1__12pipe_bug6_q0.used-as.sat04-725.cnf.wcnf.3.wcnf.xz,148,148,148,148,148,,148,148,148,148,148
0bf3fdc35cadb3fda8553b639a5d2a9f,close_solutions-SAT07__industrial__vliw_sat_4.0__9vliw_m_9stages_iq3_C1_bug6.cnf.wcnf.4.wcnf.xz,24,24,24,24,24,,24,24,24,24,24
6cc15c488b28a986c8efd4a602c826c5,close_solutions-SAT11__application__fuhs__AProVE11__AProVE11-16.cnf.wcnf.1.wcnf.xz,263,11920,263,263,263,,263,263,263,263,263
96cda80363f983beefc3c49f08c5cdaa,close_solutions-SAT_RACE06__velev-pipe-sat-1.0-b9.cnf.wcnf.8.wcnf.xz,50,50,50,50,50,,50,50,50,50,50
1482d86c9401a7e77641210d463a473d,decision-tree-australian-credit-un-formula_0.8_2021_atleast_127_max-6_reduced_incomplete_tree.wcnf.xz,54,73,66,67,59,64,59,73,57,54,158
cd872670acbf12b98193f7effb30e3fc,decision-tree-australian-credit-un-formula_0.8_2021_atleast_63_max-5_reduced_incomplete_tree.wcnf.xz,67,73,56,57,65,59,65,73,60,56,66
a5b9305eceb82b9b890ff7e4c3050a85,decision-tree-car-un-formula_0.8_2021_atleast_15_max-3_reduced_incomplete_tree.wcnf.xz,143,193,143,143,143,143,143,152,143,143,151
db3286a72e93a1c7e140d9a35175492a,decision-tree-hypothyroid-un-formula_0.8_2021_atleast_127_max-6_reduced_incomplete_tree.wcnf.xz,40,95,43,39,41,46,41,102,41,39,2017
996a7299a6bfe484e7253e814d6e048d,decision-tree-kr-vs-kp-un-formula_0.8_2021_atleast_127_max-6_reduced_incomplete_tree.wcnf.xz,291,862,344,519,377,487,284,862,519,284,1875
caf08377b941adf9a0aa73622f925d27,decision-tree-kr-vs-kp-un-formula_0.8_2021_atleast_31_max-4_reduced_incomplete_tree.wcnf.xz,470,872,145,423,254,584,1085,862,423,145,150
9fe0a1e0614bcd203ed8481e6f5fbc36,decision-tree-mushroom-un-formula_0.8_2021_atleast_127_max-6_reduced_incomplete_tree.wcnf.xz,0,3341,1695,0,0,,0,0,0,0,6096
d078816a292c33435ed5080aa41711a9,decision-tree-soybean-un-formula_0.8_2021_atleast_127_max-6_reduced_incomplete_tree.wcnf.xz,5,44,8,4,6,7,6,45,6,4,17
79a139ab84179ed1ca87090084980545,decision-tree-soybean-un-formula_0.8_2021_atleast_15_max-3_reduced_incomplete_tree.wcnf.xz,22,71,22,22,22,22,22,44,22,22,22
b492f6ea7329d88b02f0734ae5b5fac8,decision-tree-soybean-un-formula_0.8_2021_atleast_31_max-4_reduced_incomplete_tree.wcnf.xz,14,44,9,10,11,12,11,64,9,9,14
e4868bb288ac7f7a50992e3f2cab2142,decision-tree-soybean-un-formula_0.8_2021_atleast_63_max-5_reduced_incomplete_tree.wcnf.xz,9,44,9,10,9,10,9,44,6,6,10
d4679ba8f3d098136540545367bd626a,decision-tree-splice-1-un-formula_0.8_2021_atleast_127_max-6_reduced_incomplete_tree.wcnf.xz,1360,1195,1016,1360,1122,,1360,1360,1360,1016,2415
5834a07203a38a98b54b23664382c615,decision-tree-splice-1-un-formula_0.8_2021_atleast_31_max-4_reduced_incomplete_tree.wcnf.xz,1286,1195,343,1290,1230,1154,1233,757,1290,343,528
361f22ad58c0c6e373cf6ff845ff9b3a,decision-tree-vote-un-formula_0.8_2021_atleast_15_max-3_reduced_incomplete_tree.wcnf.xz,7,9,6,6,7,7,7,11,7,6,6
a319176b4584bae01cee4f6b9b79fda6,decision-tree-vote-un-formula_0.8_2021_atleast_63_max-5_reduced_incomplete_tree.wcnf.xz,1,11,1,1,1,0,1,10,1,0,1
02ee26c2f8697fd9a64c2ac2c9b7e4cf,des-cnf.16.p.6.wcnf.xz,16,25,16,16,16,,16,16,16,16,16
3f1147b09fb3c2ad26755088bd853452,des-cnf.17.p.10.wcnf.xz,20,27,17,20,17,,20,20,20,17,22
3dea468aed9360d57002137c663c0957,des-cnf.19.p.10.wcnf.xz,19,32,19,19,21,,19,19,19,19,21
785439bcf808f5424cb1fc1bf4cfacb2,fault-diagnosis-s38584_nan_explicit_15_0.wcnf.xz,210,266,208,210,209,209,209,279,208,208,208
b46ac8d0239d99fa9f9337a16d17fd88,fault-diagnosis-s38584_nan_explicit_16_0.wcnf.xz,189,236,188,189,189,188,190,234,190,188,188
7b08cbe15464fa3c4e076fb479183c46,fault-diagnosis-s38584_nan_explicit_18_0.wcnf.xz,186,236,186,186,187,186,187,212,186,186,186
19ffddff4f2ca2e26e0bb7fd0c32883d,fault-diagnosis-s38584_nan_explicit_27_0.wcnf.xz,204,277,203,203,203,203,203,273,203,203,203
8f2a65a6c0f1df86e5caf247130739eb,fault-diagnosis-s38584_nan_explicit_33_0.wcnf.xz,190,240,189,189,190,189,190,239,189,189,189
7be137b3626466aeecb646599861d57a,frb-frb40-19-2.partial.wcnf.xz,721,720,720,721,720,721,720,721,721,720,727
3bfdb7f66262ab3f503dbc425d4b4f63,frb-frb40-19-4.partial.wcnf.xz,721,720,720,721,720,720,720,720,721,720,726
ba012829ee3075bcc9c85d7984b34a7c,gen-hyper-tw-GenHyperTW_2bitcomp_5.wcnf.xz,19,22,23,20,19,22,19,17,16,16,41
7ff92ea160371b255e43c2fd03cfb4f8,gen-hyper-tw-GenHyperTW_aim-50-1_6-yes1-3.wcnf.xz,12,10,13,11,12,11,12,10,12,10,12
f896ed60b2a0431b882f6458f5de1864,gen-hyper-tw-GenHyperTW_atv_partial_system.wcnf.xz,6,9,6,6,5,3,5,10,5,3,7
6f70554087e06afb21535ed030c91175,gen-hyper-tw-GenHyperTW_b01.wcnf.xz,5,5,5,5,5,5,5,5,5,5,5
587348b8c625bf2557bea0b69d6d316d,gen-hyper-tw-GenHyperTW_b06.wcnf.xz,4,5,4,4,4,4,4,5,4,4,4
687e578b2230418bf9f08aad3844daf7,gen-hyper-tw-GenHyperTW_dubois29.wcnf.xz,6,6,5,6,6,7,6,5,5,5,7
93212e2d164c242e32d3fb0b325b585c,gen-hyper-tw-GenHyperTW_flat30-1.wcnf.xz,20,23,27,23,26,22,26,23,23,20,37
a3b1a9891bb5a8a138009bc80c20cc10,gen-hyper-tw-GenHyperTW_flat30-99.wcnf.xz,22,22,27,22,23,24,23,23,24,22,35
483a2fa8c07fba23a6d5563aad7b329d,gen-hyper-tw-GenHyperTW_grid3d_5.wcnf.xz,12,11,14,12,13,11,13,10,12,10,14
49e20e6031b91300efd0c8bb59c4437d,gen-hyper-tw-GenHyperTW_grid4d_3.wcnf.xz,7,6,8,7,8,6,8,6,7,6,8
f2266f800b6d0974ede2a2ff838cd248,gen-hyper-tw-GenHyperTW_hole8.wcnf.xz,11,9,19,10,9,10,9,9,9,9,34
2cb3d726bc1c2ba1ce5c1e6403f2a1ba,gen-hyper-tw-GenHyperTW_par8-2-c.wcnf.xz,8,8,10,8,9,9,9,8,8,8,13
cb7e44fe60ca795bdc1e46c39e0f6e8e,gen-hyper-tw-GenHyperTW_uf20-099.wcnf.xz,6,6,6,6,6,6,6,6,6,6,6
e34edbbdbf693b327550070409cc3208,HaplotypeAssembly-splitedReads_0.matrix.wcnf.xz,1534,1520,1524,1528,1550,1548,1550,1510,1510,1510,3670
02b954e56938c609faed7744eb907854,hs-timetabling-GreeceWesternGreeceUniversityInstance4.xml.wcnf.xz,110,83,21,121,132,58,132,78,127,21,110
0da416fc043f3bfd1f5b192196985a0f,inconsistency-measurement-im-contension-A-2-grd_1697_5_7.tgf.pl.wcnf.xz,277,286,272,277,280,284,280,286,278,272,290
051a9e0a7ad0ef689e1a0da3266076b9,inconsistency-measurement-im-contension-A-2-grd_1948_5_1.tgf.pl.wcnf.xz,338,342,325,333,334,341,334,340,334,325,362
8cfe796606f80aa96d5052e1ff799043,inconsistency-measurement-im-contension-A-2-grd_3018_3_7.tgf.pl.wcnf.xz,547,555,529,546,552,548,548,555,548,529,592
d3f3b5a199a3560a5beff668cf20e51c,inconsistency-measurement-im-contension-A-2-grd_5178_1_1.tgf.pl.wcnf.xz,871,882,837,861,872,871,872,872,869,837,1160
c7a6d4b060c99b8668c9fb2687b7a4a2,inconsistency-measurement-im-contension-C-1-grd_3018_3_7.tgf.pl.wcnf.xz,518,525,497,512,517,516,516,525,517,497,560
eb4d2a530ccd59f2917cba220841d946,inconsistency-measurement-im-forgetting-A-2-WS_300_16_90_30.tgf.pl.wcnf.xz,36,43,36,34,37,36,37,42,36,34,67
3294be236dc442d80352eb4ff443462b,inconsistency-measurement-im-forgetting-B-3-stb_339_393.tgf.pl.wcnf.xz,57,66,57,58,56,56,56,66,56,56,207
cad95da285c9198e05e82af3db05ece2,inconsistency-measurement-im-forgetting-B-3-stb_696_412.tgf.pl.wcnf.xz,80,92,89,84,82,82,82,92,80,80,566
9bc67e87d2059b14348847535211ab61,inconsistency-measurement-im-forgetting-T-2-stb_265_466.tgf.pl.wcnf.xz,36,44,36,36,36,36,36,43,36,36,59
80d8fc6466af55e8dd575272ef6484ab,inconsistency-measurement-im-hit-A-2-WS_300_16_90_30.tgf.pl.wcnf.xz,34,34,36,35,35,35,35,34,34,34,38
299df075170d8bd446c662ab5aafc223,inconsistency-measurement-im-hit-C-2-stb_304_352.tgf.pl.wcnf.xz,42,42,44,42,42,42,42,42,42,42,45
842e79dffde5a8e0a87921a09853e0b4,inconsistency-measurement-im-sum-A-2-stb_547_485.tgf.pl.wcnf.xz,66,79,67,68,70,69,70,73,72,66,597
43c1687705d10747da749c92ceb403b3,inconsistency-measurement-im-sum-B-3-stb_390_450.tgf.pl.wcnf.xz,48,56,46,50,48,52,48,55,48,46,241
a76c01adbfd1f7da57c6adf731333dc1,inconsistency-measurement-im-sum-B-3-stb_428_430.tgf.pl.wcnf.xz,57,63,54,55,53,55,53,62,55,53,412
d49ac734e655c5315bdb86299c31dfa4,inconsistency-measurement-im-sum-T-1-grd_2130_2_7.tgf.pl.wcnf.xz,447,427,406,455,458,456,458,434,453,406,43097
d81ce3894782202f8e918405949d2104,judgment-aggregation-ja-maxham-preflib-00049-00000003.wcnf.xz,41,41,41,41,41,41,41,41,41,41,41
8b7ebf46d61eb776617c3e936beaa052,judgment-aggregation-ja-maxham-preflib-00049-00000092.wcnf.xz,47,47,47,46,46,46,46,48,46,46,47
175adcd7ede742fa3c8139f9300c69d3,judgment-aggregation-ja-maxham-preflib-00049-00000106.wcnf.xz,43,44,43,43,43,43,43,44,43,43,44
a933fe92b3bfd0bef43497c93fe606ed,judgment-aggregation-ja-maxham-preflib-00049-00000272.wcnf.xz,57,58,56,56,57,57,57,57,57,56,58
472cee688530a228e57601e37621ed6d,judgment-aggregation-ja-maxham-preflib-00049-00000291.wcnf.xz,55,56,55,55,55,55,55,56,55,55,57
832f51272eb138cb4b63c6cb9d254ac8,judgment-aggregation-ja-maxham-preflib-00049-00000304.wcnf.xz,56,58,56,56,56,56,56,58,56,56,57
7f0e69e77276f1c6c4df2eb8a3bc9272,judgment-aggregation-ja-maxham-preflib-00049-00000338.wcnf.xz,53,53,53,54,53,54,53,53,53,53,54
ab19f72f2e21ea3c20f157f2a8df79dc,judgment-aggregation-ja-maxham-preflib-00049-00000511.wcnf.xz,46,48,46,47,47,47,46,47,46,46,48
8237deb50fe5a1511495686dfc407a8a,judgment-aggregation-ja-maxham-preflib-00049-00000512.wcnf.xz,55,57,55,54,55,56,55,56,56,54,56
675207078ad31149081a17c04fee3342,judgment-aggregation-ja-maxham-preflib-00049-00000516.wcnf.xz,54,55,54,54,54,53,54,55,53,53,56
b365e8ee5b5cfb917a95aa2b22025e77,judgment-aggregation-ja-maxham-preflib-00049-00000562.wcnf.xz,42,43,42,42,42,43,42,43,42,42,42
8aa88a165f1b653da379a07f25befd00,judgment-aggregation-ja-slater-preflib-00043-00000180.wcnf.xz,306,306,310,306,306,306,306,306,306,306,2755
b09a670ffffd3b3ce12c10c291ae24a3,judgment-aggregation-ja-slater-preflib-00043-00000196.wcnf.xz,321,321,324,321,321,321,321,321,321,321,2319
ed01d859ede9764e83d98a93475a9e66,judgment-aggregation-ja-slater-preflib-00049-00000107.wcnf.xz,300,300,300,300,300,300,300,300,300,300,562
ab93571078ca18ea61b2815a66a0274f,judgment-aggregation-ja-slater-preflib-00049-00000451.wcnf.xz,505,505,513,505,505,505,505,505,505,505,2126
108973519f53f7f81ceab2712c3aff64,logic-synthesis-normalized-test4.pi.opb.msat.wcnf.xz,95,97,125,95,98,98,98,97,95,95,398
7b8a004ae565b0b41ae625cd772204e3,MaxSATQueriesinInterpretableClassifiers-compas_train_5_DNF_5_1.wcnf.xz,2120,2123,2108,2111,2121,2161,2180,2123,2110,2108,2684
e46954eacb351596ed31a66cedf45e94,MaxSATQueriesinInterpretableClassifiers-credit_train_3_DNF_3_1.wcnf.xz,4839,4818,5144,4837,4840,4822,4837,4837,4814,4814,14326
7c9444a2293ddd6edbab62e0a25ae946,MaxSATQueriesinInterpretableClassifiers-toms_test_5_DNF_5_1.wcnf.xz,66,60,70,63,61,61,61,60,60,60,129
402aedf68d44ff28d7801d02fe965d12,MaxSATQueriesinInterpretableClassifiers-toms_train_8_DNF_2_1.wcnf.xz,607,580,616,591,576,567,576,568,574,567,1920
7505535bd2cb7daf083cc57e5286c3ab,MaxSATQueriesinInterpretableClassifiers-twitter_train_3_CNF_2_1.wcnf.xz,1793,1676,2003,1698,1762,1697,1762,1637,1684,1637,16120
e698083700259a95cf1410a7d49c43e2,min-fill-MinFill_R0_mulsol.i.1.wcnf.xz,142,164,142,142,142,142,142,195,142,142,2867
a30d356b34964d08e319e49b07a9cba2,min-fill-MinFill_R0_mulsol.i.3.wcnf.xz,242,302,247,242,241,241,242,252,241,241,10407
70812aa8849ca7725eb677c858bec5bd,min-fill-MinFill_R0_myciel5.wcnf.xz,196,197,196,197,196,205,196,196,196,196,357
64fe9eb8e89d347bb36d204833e9884a,min-fill-MinFill_R0_myciel6.wcnf.xz,778,776,753,801,792,791,790,771,789,753,2427
95a60748835ad98c14c8beec69a05031,min-fill-MinFill_R0_myciel7.wcnf.xz,3456,3413,3229,3742,3339,3679,3349,3417,3503,3229,10749
c441a685a5e25f3dd28b0d6b65e9f0cd,min-fill-MinFill_R0_queen11_11.wcnf.xz,4336,4419,4241,4308,4355,4353,4349,4386,4207,4207,5010
da8f959cff96df86e1e74d4eaaaf07a5,min-fill-MinFill_R0_queen7_7.wcnf.xz,499,503,499,500,495,502,495,504,506,495,511
957a119351606c4561d680738c36bab9,min-fill-MinFill_R0_queen9_9.wcnf.xz,1690,1684,1639,1666,1692,1686,1692,1664,1680,1639,1838
cfccbc4b1c707e54e6079ac274241296,min-fill-MinFill_R1_games120.wcnf.xz,1747,1942,1627,1811,1742,1994,1776,1993,1627,1627,4041
1b1fab6dac83787cf92d370a3f616ef3,min-fill-MinFill_R3_david.wcnf.xz,61,63,61,61,62,61,62,65,61,61,68
e34c0270b6d40bcfaa886dfd8ff1ada1,min-fill-MinFill_R3_miles750.wcnf.xz,670,1496,473,534,969,674,680,1376,658,473,4388
56a31e7dc1bd23d1a6d7319d99b1b0d1,minimize-5gons-u5-cube-maxcdcl-11-tmp-15-2655746.wcnf.xz,77,77,77,77,77,77,77,77,77,77,123
57408eaed198f79e078c9aaf582945ad,minimize-5gons-u5-cube-maxcdcl-12-tmp-15-2655746.wcnf.xz,77,77,77,77,77,77,77,77,77,77,97
f2e46cf29132da2f2f9896ff8701de05,minimize-5gons-u5-cube-maxcdcl-13-tmp-15-2655746.wcnf.xz,77,77,77,77,77,77,77,77,77,77,122
89f89ba1ec22518ac5bdfa4b5c502166,minimize-5gons-u5-cube-maxcdcl-18-tmp-15-2655746.wcnf.xz,77,77,77,77,77,77,77,77,77,77,85
04952d2d99620735ebe9c749b4fc2b73,minimize-5gons-u5-cube-maxcdcl-19-tmp-15-2655746.wcnf.xz,77,77,77,77,77,77,77,77,77,77,81
8910fca48f0e3f6a4e07eaf6f3bee09b,minimize-5gons-u5-cube-maxcdcl-20-tmp-15-2655746.wcnf.xz,77,77,77,77,77,77,77,77,77,77,83
9398bbb9529ea60b2c7aac554223d2be,minimize-5gons-u5-cube-maxcdcl-23-tmp-15-2655746.wcnf.xz,77,77,77,77,77,77,77,77,77,77,89
5b42f3e43dacdead35b6a88541634cf8,minimize-5gons-u5-cube-maxcdcl-24-tmp-15-2655746.wcnf.xz,77,77,77,77,77,77,77,77,77,77,85
ca03b6d56b896f59438a56ff848df358,minimize-5gons-u5-cube-maxcdcl-29-tmp-15-2655746.wcnf.xz,77,77,77,77,77,77,77,77,77,77,96
a998bd781c9c0d5fc8b9995372b05740,minimize-5gons-u5-cube-maxcdcl-32-tmp-15-2655746.wcnf.xz,77,77,77,77,77,77,77,77,77,77,102
6207afc3d1ffb9080270c606652bec1e,minimize-5gons-u5-cube-maxcdcl-36-tmp-15-2655746.wcnf.xz,77,77,77,77,77,77,77,77,77,77,84
c8edfe38cad9a51fca3847d5e26efb61,minimize-5gons-u5-cube-maxcdcl-38-tmp-15-2655746.wcnf.xz,77,77,77,77,77,77,77,77,77,77,92
b0f580a3338342427a2ddc0f4dc5dc30,minimize-5gons-u5-cube-maxcdcl-41-tmp-15-2655746.wcnf.xz,77,77,77,77,77,77,77,77,77,77,147
a0dd7e25b61569254be585dcd0577815,minimize-5gons-u5-cube-maxcdcl-44-tmp-15-2655746.wcnf.xz,77,77,77,77,77,77,77,77,77,77,137
7b442a00c3a88482a9f8706b58b34328,minimize-5gons-u5-cube-maxcdcl-46-tmp-15-2655746.wcnf.xz,77,77,77,77,77,77,77,77,77,77,90
8b2758a2ac9edf528b5069351abeed2a,minimize-5gons-u5-cube-maxcdcl-48-tmp-15-2655746.wcnf.xz,77,77,77,77,77,77,77,77,77,77,87
b267968d0756e3be528c8329f582b43a,minimize-5gons-u5-cube-maxcdcl-49-tmp-15-2655746.wcnf.xz,77,77,77,77,77,77,77,77,77,77,105
dbbb0ceae48df30ec55a847054a594f5,minimize-5gons-u5-cube-maxcdcl-53-tmp-15-2655746.wcnf.xz,77,77,81,77,77,77,77,77,77,77,97
c9a72a78d0e6bf9da2324e916a486216,minimize-5gons-u5-cube-maxcdcl-58-tmp-15-2655746.wcnf.xz,77,77,77,77,77,77,77,77,77,77,89
5d6c77dbb4bc5a181321e8eda2823475,minimize-5gons-u5-cube-maxcdcl-59-tmp-15-2655746.wcnf.xz,77,77,77,77,77,77,77,77,77,77,81
03a535a8c5a77951e5c2a0de5b4ab2f2,minimize-5gons-u5-cube-maxcdcl-60-tmp-15-2655746.wcnf.xz,77,77,77,77,77,77,77,77,77,77,89
6fe773e623867f5ba7a863bd6f62880f,minimize-5gons-u5-cube-maxcdcl-61-tmp-15-2655746.wcnf.xz,77,77,77,77,77,77,77,77,77,77,117
6f27dce7d355957fd29af22c48bf5ccb,minimize-5gons-u5-cube-maxcdcl-7-tmp-15-2655746.wcnf.xz,77,77,77,77,77,77,77,77,77,77,81
0bedde11e25375f9ab6af1961ffe7e0a,minimize-5gons-u5-cube-maxcdcl-8-tmp-15-2655746.wcnf.xz,77,77,77,77,77,77,77,77,77,77,98
3f632dc92f42cb77960d38671518c9f4,minimize-5gons-u5-cube-maxcdcl-9-tmp-15-2655746.wcnf.xz,77,77,77,77,77,77,77,77,77,77,88
7d4d1fc023f146ca7dd4f853a075c69b,optic-gen_add_4_carry_991.wcnf.xz,56,56,56,56,56,56,56,56,56,56,57
dcecf76b5a9a4f55ee6233d64600f323,optic-gen_add_6_carry_991.wcnf.xz,104,104,118,104,104,105,104,104,104,104,130
5630bf4435431bebdf78576fd5f4b7f0,optic-gen_mult_4_5_991.wcnf.xz,115,117,134,116,117,117,117,117,116,115,344
45d37462b58ad058a2a92343832931b0,optic-gen_mult_4_6_991.wcnf.xz,134,137,163,135,137,136,137,138,134,134,815
0ed4e0889677022a393042654bb6e01d,optic-gen_mult_4_6_9999.wcnf.xz,349,354,406,353,348,350,348,352,353,348,1901
aae1f441fa0d574a373aad49243a8c6e,optic-gen_mult_5_5_991.wcnf.xz,231,231,268,231,230,231,230,231,232,230,1833
fef4ae7bb9623dcdc06e13c90a9fd0d2,optic-gen_mult_5_5_9999.wcnf.xz,501,500,571,504,500,501,500,502,505,500,2318
bc8dbf677a979e93d0a29766f61e8636,optimizing-BDDs-anneal-un-wcnf_incomplete_improved_1_2019_2.wcnf.xz,139,139,139,139,139,139,139,139,139,139,139
3887ff4f7226a75f0d44039e431b8c29,optimizing-BDDs-anneal-un-wcnf_incomplete_improved_1_2019_5.wcnf.xz,128,129,121,125,126,138,127,128,136,121,125
41eb7dd9d0c465379e6400e6f30f7b56,optimizing-BDDs-anneal-un-wcnf_incomplete_improved_1_2019_7.wcnf.xz,123,130,116,109,125,121,125,124,118,109,126
820d946198d6b0f649bc386436cebb7c,optimizing-BDDs-breast-cancer-un-wcnf_incomplete_improved_1_2019_8.wcnf.xz,19,44,18,26,23,22,17,27,25,17,131
00d05fc786077aeea5977a4da14e71d8,optimizing-BDDs-hypothyroid-un-wcnf_incomplete_improved_1_2019_2.wcnf.xz,70,277,70,70,70,70,70,70,70,70,70
37810d01e1bf21b56a7136c8f56b2898,optimizing-BDDs-lymph-un-wcnf_incomplete_improved_1_2019_6.wcnf.xz,7,8,7,7,7,7,7,12,7,7,7
73b307396b24e64eb1293d1c9656749c,optimizing-BDDs-primary-tumor-un-wcnf_incomplete_improved_1_2019_4.wcnf.xz,49,52,49,49,49,49,49,55,49,49,49
803c7a13cee0786d7ff3af3a2a6c7eea,optimizing-BDDs-primary-tumor-un-wcnf_incomplete_improved_1_2019_8.wcnf.xz,35,44,30,32,35,42,33,41,36,30,33
4eaa6c7a46526099c93aafb535fc81f1,optimizing-BDDs-soybean-un-wcnf_incomplete_improved_1_2019_7.wcnf.xz,18,37,30,19,19,18,21,41,19,18,32
113299accccb7b8c78e7080e34a36f15,optimizing-BDDs-splice-1-un-wcnf_incomplete_improved_1_2019_5.wcnf.xz,946,1495,1347,573,574,1315,574,656,371,371,1407
7d6d40d89fb61815147fd6ab1d752d35,optimizing-BDDs-splice-1-un-wcnf_incomplete_improved_1_2019_6.wcnf.xz,1227,1441,1651,911,1365,573,1404,1047,574,573,1581
947acced42ca2b9f15af6f025a2f74f7,optimizing-BDDs-tic-tac-toe-un-wcnf_incomplete_improved_1_2019_5.wcnf.xz,200,208,160,233,229,217,229,229,229,160,312
52225c09b3e1184ccab4a7edaae15b44,optimizing-BDDs-tic-tac-toe-un-wcnf_incomplete_improved_1_2019_7.wcnf.xz,182,172,56,92,182,173,182,174,228,56,277
4886c030c6a9e0bad0b57cb56b806e19,planning-bnn-cellda_x_10.wcnf.xz,10,,9,9,,,9,,9,9,9
ce51210ccbd63066caefd379917e713b,planning-bnn-cellda_x_12.wcnf.xz,,,,,,,,,,12,
afbc3da6be5cccb184775c5f61014afe,planning-bnn-cellda_y_8.wcnf.xz,6,,6,6,,,6,,7,6,6
cf864e2fdefdf69da501c22904df63a2,planning-bnn-cellda_y_9.wcnf.xz,9,7,6,6,,,6,,6,6,6
2812cd6f3135aa99194cef520bd7b581,planning-bnn-navigation_4x4_5.wcnf.xz,5,5,5,5,,,5,5,5,5,5
5b6691d3d08b5860881a375fff2217cf,planning-bnn-navigation_4x4_7.wcnf.xz,5,5,5,7,,,5,,5,5,5
f85effff61d92ff1ef2a92e26d9b93e8,planning-bnn-navigation_5x5_9.wcnf.xz,,,,,,,,,,,
eef181cebb865f7330f62ce89cd1e330,planning-bnn-sysadmin_4_3.wcnf.xz,3,6,2,3,3,,3,3,3,2,3
95119f02d7df85964c0a23b6f319596b,planning-bnn-sysadmin_4_4.wcnf.xz,4,4,4,7,,,4,5,4,4,4
baf9cf02a19078d4bfed7e27ba4e4ceb,planning-bnn-sysadmin_5_3.wcnf.xz,6,9,5,6,5,,6,6,6,4,4
9a223707c1e1c2751dc144cfa4755cf2,planning-bnn-sysadmin_5_4.wcnf.xz,7,7,7,9,,,7,8,7,6,6
1dcf88da05beceb0fa724ff4e3180999,privilege-escalation-cloud_access_control_repair_task-117.wcnf.xz,12,55,12,12,12,,12,12,12,12,12
45d8ab499f6bd8a7cdb164bd30457e2f,privilege-escalation-cloud_access_control_repair_task-130.wcnf.xz,102,5532,36,36,36,,102,134,102,36,36
a1a699873c6f6db8b64e6363be070032,privilege-escalation-cloud_access_control_repair_task-134.wcnf.xz,6,6,6,9,,,6,8,6,6,6
ccd792cf18aa470bf1cf24435399226e,privilege-escalation-cloud_access_control_repair_task-141.wcnf.xz,132,5293,31,27,167,,27,27,27,27,4121
25f9c1a530905c5f14a5069166e8ac18,privilege-escalation-cloud_access_control_repair_task-146.wcnf.xz,8,8,8,23,,,8,,8,8,7677
f71965794ef5c4da4b63360775cf3f03,privilege-escalation-cloud_access_control_repair_task-15.wcnf.xz,841,211,67,877,715,,377,389,853,67,67
9d20bfa152a5d488e1cc8e0053e2f18d,privilege-escalation-cloud_access_control_repair_task-163.wcnf.xz,9,9,9,9,9,,9,9,9,9,9
f512e8ed406b2d97a08caa9927af281e,privilege-escalation-cloud_access_control_repair_task-178.wcnf.xz,21,4184,20,21,21,,24,24,21,20,3108
f44fd024274b8dcb274b845d8ce74951,privilege-escalation-cloud_access_control_repair_task-34.wcnf.xz,25,25,25,25,25,,25,25,25,25,25
11db2246be2b5364304928a0a3813cab,privilege-escalation-cloud_access_control_repair_task-47.wcnf.xz,24,24,9165,24,,,24,24,24,24,24
4ce4853e13d58c780aa4ab1024c8d1cd,privilege-escalation-cloud_access_control_repair_task-61.wcnf.xz,16,16,16,16,16,,16,16,312,16,16
6c700f30eb9e4a8b6c6cd886b58816ef,privilege-escalation-cloud_access_control_repair_task-73.wcnf.xz,94,43,31,31,31,31,38,31,31,31,31
c4c6a2b099aa155efa00b5aadf340d9a,program-disambiguation-Q27_YESNO_1.wcnf.xz,2,4,2,2,2,,2,2,2,2,2
ca3c0af76a40751294a238797803e9dc,program-disambiguation-Q35_OPTIONS_1.wcnf.xz,12,12,0,12,0,,12,12,12,0,0
c51a59d9c2f2cb37591902e768f2068c,program-disambiguation-Q36_YESNO_1.wcnf.xz,0,4,0,0,0,,0,0,0,0,0
146378f061c94dbf522cadfb4aa2dc32,protein_ins-1bpi_.2knt_.g.wcnf.t.wcnf.xz,35,35,35,35,35,35,35,35,35,35,35
0b6a99677cb3e66baa79803e38794092,protein_ins-1bpi_.5pti_.g.wcnf.t.wcnf.xz,29,29,29,29,29,29,29,29,29,29,29
e464c29b182df2b4c2673650d20d83e7,protein_ins-1knt_.1bpi_.g.wcnf.t.wcnf.xz,35,35,35,35,35,35,35,35,35,35,35
d2791dd83353a0919c0bba2bc55a226e,protein_ins-1knt_.5pti_.g.wcnf.t.wcnf.xz,29,29,29,29,29,29,29,29,29,29,29
2407a74f3da1a78f792fec59736d6947,protein_ins-2knt_.5pti_.g.wcnf.t.wcnf.xz,32,32,32,32,32,32,32,32,32,32,32
0c9650eed11ad0f1114fdb3bacc498fa,protein_ins-3ebx_.1era_.g.wcnf.t.wcnf.xz,34,34,34,34,34,34,34,34,34,34,34
02824e233caa268186839a5fe91e2b9a,protein_ins-6ebx_.1era_.g.wcnf.t.wcnf.xz,30,30,30,30,30,30,30,30,30,30,30
a9a676caf6eb8f8a4bc23e0a251c3485,protein_ins-p1.wcnf.t.wcnf.xz,35,35,35,35,35,35,35,35,35,35,35
ea0dc2c48877da7e22f2fe16d6afe142,protein_ins-sandiaprotein.g.wcnf.t.wcnf.xz,28,28,28,28,28,28,28,28,28,28,28
6ac4dee300b013796a223e419c6d0e93,pseudoBoolean-normalized-par32-1.opb.msat.wcnf.xz,,,,,,,,,,,
7db7b23023c73f359cf11f35c5932b0e,pseudoBoolean-normalized-par32-4.opb.msat.wcnf.xz,,,,,,,,,,3176,
d4d90cd927497948bac2f6bf1e522653,pseudoBoolean-normalized-par32-5.opb.msat.wcnf.xz,,,,,,,,,,,
38753c1a62e0be2d25c69358042f95c8,railway-transport-d4.wcnf.xz,1878,1935,5179,1651,2027,1598,1643,2145,1617,1598,20772
f025d3bd9ecdfa20c28a54d0efb814d2,railway-transport-pesp_18Min.wcnf.xz,399,288,307,368,299,324,280,319,315,280,1692
ec201844251db6241957ab04e34eb646,railway-transport-pesp_5min.wcnf.xz,68,71,68,68,69,69,69,71,73,68,323
5d52d65c2811cffad7ff845745a6844b,railway-transport-we.wcnf.xz,1333,7966,5687,1333,294,,303,425,1460,294,6381
71db7ec1e61d2d357518dc0317b47c9a,ramsey-ram_k3_n10.ra0.wcnf.xz,4,4,4,4,4,4,4,4,4,4,4
0a809976dc20be430529aef0713b6cf3,ramsey-ram_k3_n12.ra0.wcnf.xz,10,10,10,10,10,,10,10,10,10,10
4684d9d7f02e785f74df95e42749c9df,ramsey-ram_k3_n16.ra0.wcnf.xz,39,39,39,39,39,39,39,39,39,39,48
20b9be35fba374973771bb4b172bd937,ramsey-ram_k3_n18.ra0.wcnf.xz,60,60,62,60,60,60,60,60,60,60,81
6dcf081a8a07caeede94f87f51f71ace,ramsey-ram_k3_n19.ra0.wcnf.xz,75,75,76,75,75,75,75,75,75,75,102
06dbf935ded3e22a0a6ecab934dd7e53,ramsey-ram_k4_n20.ra0.wcnf.xz,24,24,24,24,24,24,24,24,24,24,41
9376a42623f31dc8ca8b2a1cd5ce93a5,scheduling-cnf_10_center.wcnf.xz,159,205,159,169,168,167,168,206,159,159,207
f9ee2d20614281972550c70dfd7e0ee5,scheduling-cnf_10.wcnf.xz,50,113,51,50,53,51,53,104,54,50,237
fe1d9e084f92c4d27c44c02a4b456f3d,scheduling-cnf_12_center.wcnf.xz,237,265,237,237,237,251,237,259,237,237,253
9db6427cdafcca5d9912887ea53b4d20,scheduling-cnf_12.wcnf.xz,62,107,61,61,61,61,61,107,62,61,87
1138c3481b5bea8d51cb8c29e9d9e271,scheduling-cnf_small.wcnf.xz,28,50,28,28,28,28,28,45,31,28,30
3294b0d0664f2bfb5352a30ac1e6f8ec,SeanSafarpour-b15-bug-fourvec-gate-0.dimacs.seq.filtered.wcnf.xz,4,4,4,4,37,,4,4,4,4,4
d49cec994e595f89ee09c913b910d7fe,SeanSafarpour-mem_ctrl-problem.dimacs_27.filtered.wcnf.xz,8,35,35,3,,,35,1,35,1,35
d94e54d29172640209b247987419c9aa,SeanSafarpour-rsdecoder4.dimacs.filtered.wcnf.xz,4,17,9,4,19,4,4,29,24,4,10159
8d1350972dbdb56070b94867ac63e6f9,SeanSafarpour-rsdecoder5.dimacs.filtered.wcnf.xz,2,16,7,2,2,2,2,9,2,2,9932
1ea1220ce6e3e4abc5607790ca36741c,SeanSafarpour-rsdecoder-problem.dimacs_37.filtered.wcnf.xz,21,3,5,2,947,,1,1,66,1,1
698a47fe7680ed7339250a7ae77be5f6,SeanSafarpour-rsdecoder-problem.dimacs_39.filtered.wcnf.xz,2,1,426,1,1,1,1,1,1,1,1
add8b67c707db61a412f5f1044df7fd3,SeanSafarpour-wb_4m8s1.dimacs.filtered.wcnf.xz,65,33,81,65,57,66,63,34,78,33,41792
4d94f19fe0d0fadc9e8abfe0597a3220,SeanSafarpour-wb_4m8s4.dimacs.filtered.wcnf.xz,213,231,220,215,215,327,215,241,213,213,42241
454db96157358269d852b363f50490fd,setcover-sts-data.135.wcnf.xz,103,103,104,103,103,104,103,103,103,103,105
a949988fbd605b8c710eea70750638e2,setcover-sts-data.243.wcnf.xz,198,198,198,198,198,198,198,198,198,198,204
fa7e6a3895c51454ecbf95afa8c5ff94,setcover-sts-data.405.wcnf.xz,336,336,343,336,336,336,336,336,336,336,346
8d3c38ed46747150c3c02bce8218e3b4,setcover-sts-data.729.wcnf.xz,637,617,648,633,633,617,633,633,633,617,650
76d0410c19605995b7711ed1143a4eb1,treewidth-computation-TWComp_1dj7_N73.wcnf.xz,26,26,26,26,26,26,26,26,26,26,26
09b73c4d04c444c15d86812cd056485e,treewidth-computation-TWComp_1en2_N69.wcnf.xz,17,16,16,16,16,16,16,16,16,16,16
278956df4aa23b5ff4dd7e2ab30c1161,treewidth-computation-TWComp_mulsol.i.5-pp_N119.wcnf.xz,31,31,31,31,31,31,31,31,31,31,31
684479f2e5c5a721acd41167544df706,treewidth-computation-TWComp_queen5_5_N25.wcnf.xz,18,18,18,18,18,18,18,18,18,18,18
8ffac9b06480be645c4a982ff36aa37c,xai-mindset2-australian.wcnf.xz,502,543,471,501,476,472,490,598,484,471,995
e423f4dcaa53436a9ef1bd9553bc2671,xai-mindset2-cleveland-nominal.wcnf.xz,228,402,231,228,229,,228,228,228,228,316
a5ca62b61a0f1255764b0e99e9b1a503,xai-mindset2-colic.wcnf.xz,165,222,152,154,163,166,163,228,159,152,368
288e384925e7207da8d6581d97af497f,xai-mindset2-ecoli.wcnf.xz,619,571,510,613,595,568,595,605,604,510,1010
cdb6cf366d0336e14e712cc9bd96ffc8,xai-mindset2-house-votes-84.wcnf.xz,74,102,74,74,74,,74,74,74,74,74
87e53a467263536ae896ebc3d35a3b07,xai-mindset2-lymphography.wcnf.xz,52,57,52,52,52,53,52,58,52,52,53
a315a75e3730f5ad12c9a3ede77a338f,xai-mindset2-postoperative-patient-data.wcnf.xz,62,75,63,62,62,62,62,76,62,62,67
