hash,filename,UWrMaxSAT,Pacose,EvalMaxSAT-fastMinimize,Exact,CASHWMaxSAT,EvalMaxSAT-fullMinimize,MaxHS
f4b968bdfbb0b1449307eba526a0cd77,BTBNSL/Rounded_BTWBNSL_asia_1000_1_3.scores_TWBound_3.wcnf.gz,0.87,3.41,1.41,3600.0,155.1,17.54,1.05
ba5353d5aee5e9270549ca29b6c567f1,BTBNSL/Rounded_BTWBNSL_Hepatitis.BIC_TWBound4.wcnf.gz,1883.8,267.77,3600.0,3600.0,3600.0,3600.0,1823.89
807768f093430d379c5c45419e0a1080,BTBNSL/Rounded_BTWBNSL_asia_100_1_3.scores_TWBound_2.wcnf.gz,0.03,0.18,0.03,0.3,8.2,0.05,0.12
0e939eaf1179b550138e1aaa8dcfb409,BTBNSL/Rounded_BTWBNSL_asia_10000_1_3.scores_TWBound_3.wcnf.gz,50.9,10.1,2227.69,294.61,323.29,1066.7,2.4
0d35c423350dc723ea2cafb75c3cb3d6,BTBNSL/Rounded_BTWBNSL_Wine_TWBound_3.wcnf.gz,3600.0,814.88,3600.0,3600.0,3600.0,3600.0,498.29
4fa57a996cb097c98a969a43ee1cea0e,BTBNSL/Rounded_BTWBNSL_Voting_TWBound_3.wcnf.gz,3600.0,3600.0,3600.0,3600.0,3600.0,3600.0,3600.0
35a64ecdbceeb21432983b5865ea408c,BTBNSL/Rounded_BTWBNSL_hailfinder_100_1_3.scores_TWBound_3.wcnf.gz,12.89,35.55,20.35,3600.0,12.08,145.83,21.17
7ddd25e7ac77fdfa2479621e116beec1,BTBNSL/Rounded_BTWBNSL_Flag.BIC_TWBound_3.wcnf.gz,3600.0,3600.0,3600.0,3600.0,3600.0,3600.0,3600.0
c6fddd907a439d8fb8bd435908ba9e8e,BTBNSL/Rounded_BTWBNSL_Zoo_TWBound_3.wcnf.gz,17.41,8.29,396.55,231.49,619.0,164.28,101.62
381c8072a771ee6351795f1ae0d567f2,BTBNSL/Rounded_BTWBNSL_alarm_100_1_3.scores_TWBound_2.wcnf.gz,3600.0,3600.0,3600.0,3600.0,3600.0,3600.0,446.35
354cef51c33ae7d191cf7c9d39a326de,BTBNSL/Rounded_BTWBNSL_Zoo_TWBound2.wcnf.gz,15.26,10.14,307.82,363.6,616.72,181.62,541.32
5dc483ad83d6b94b68470c7c7b997159,BTBNSL/Rounded_BTWBNSL_Wine_TWBound_2.wcnf.gz,3600.0,517.91,3600.0,3600.0,3600.0,3600.0,412.69
fa34dfbb2a37c42ff5b90599346674b1,CSG/CSGNaive70-70-91.wcnf.gz,0.47,0.08,0.09,1.17,0.39,0.09,0.46
d46b43970860bc73fd550df5b3fd7dd7,CSG/CSGNaive140-140-0.wcnf.gz,6.79,2.14,1.64,12.09,5.92,1.82,6.32
4a2e71bc2e4a949785befe83f811bce1,CSG/CSGNaive140-140-6.wcnf.gz,52.33,143.07,319.25,43.39,66.3,1860.42,35.75
591438f7eb97135499f3fda335307def,CSG/CSG150-150-55.wcnf.gz,17.98,152.49,51.66,51.07,18.16,78.86,19.52
c4aeebd4eaf526052b5efe7284083913,CSG/CSG60-60-88.wcnf.gz,0.31,0.07,0.07,0.8,0.25,0.07,0.33
3f1f434cb98fb79966f667ced531ad0d,CSG/CSG140-140-6.wcnf.gz,46.28,171.56,326.62,51.55,49.98,1461.73,33.24
64d1c392d5c860691ab2b06ebb614f62,CSG/CSGNaive150-150-55.wcnf.gz,19.41,185.49,36.36,30.73,22.19,52.2,19.22
11dc387ba0011fff3185b37ef188ad1a,CSG/CSGNaive60-60-53.wcnf.gz,0.33,0.09,0.08,0.79,0.28,0.09,0.4
8fa3495c60f54e544d77a6462301f71b,CSG/CSG140-140-46.wcnf.gz,6.69,2.99,1.85,11.9,5.9,2.3,6.31
766c02ca3b5bce43027cca99807d8cdd,CSG/CSG40-40-95.wcnf.gz,0.09,0.02,0.02,0.22,4.55,0.02,0.11
1232d3e4b1c8887f62b9bc46916205d6,ITC-2019/middle/muni-pdf-spr16c.wcnf.gz,218.89,229.13,111.81,496.87,168.1,110.54,96.23
314d6c46470aa64e4af893fb1967ff31,ITC-2019/middle/agh-ggos-spr17.wcnf.gz,31.63,3.95,10.86,87.1,24.1,10.64,17.5
511f6d9c93ef308b9ae34fa06538a2d8,ITC-2019/middle/muni-pdf-spr16.wcnf.gz,169.18,21.35,74.42,435.88,125.84,74.27,85.55
90bea12ebe8e00c1b6dbe3b61a240dc1,ITC-2019/middle/muni-fi-spr17.wcnf.gz,3.15,0.45,1.39,8.95,2.43,1.39,1.88
c9a4e23953d5babec4a7115cb4b87f15,ITC-2019/middle/agh-h-spr17.wcnf.gz,29.4,3.53,6.11,77.96,22.1,6.06,16.09
433509e617cb290afa2e6d7b6f81a50a,ITC-2019/middle/muni-fi-fal17.wcnf.gz,3.24,0.47,1.33,8.93,2.49,1.33,1.91
3435b31a4d527286973e599f2686062d,ITC-2019/middle/nbi-spr18.wcnf.gz,4.68,0.66,2.65,12.78,3.65,2.64,2.68
47fa8f47a2e1c62b25d48f81daf38c68,ITC-2019/late/tg-spr18.wcnf.gz,10.42,1.69,2.65,20.81,7.75,2.64,5.18
06f47faacb7dad8dff995b7f7ec753ea,ITC-2019/late/lums-fal17.wcnf.gz,38.36,5.37,8.27,121.73,29.62,8.42,23.91
6db5c40f3619a155fdd489e83a986066,ITC-2019/late/mary-fal18.wcnf.gz,41.53,6.13,12.28,121.32,31.59,12.38,24.46
e6fc1c27b4bfa203f8d1d39b01782599,ITC-2019/late/lums-spr18.wcnf.gz,39.13,5.52,8.17,122.62,30.54,8.32,24.02
321677852066f573025d348ce61aff71,ITC-2019/late/iku-spr18.wcnf.gz,671.69,79.81,145.88,3600.0,519.06,150.38,311.49
ab5864c8ff0c2f1d600e78585689e98b,ITC-2019/late/muni-pdfx-fal17.wcnf.gz,1026.71,653.33,518.35,3600.0,778.57,532.56,3600.0
632ff97a498a2612584c12023edba368,ITC-2019/late/pu-d9-fal19.wcnf.gz,122.37,28.07,52.65,308.62,91.55,53.06,62.74
fb1ffe2e579788d77d46633e449da44f,ITC-2019/late/muni-fspsx-fal17.wcnf.gz,24.62,3.54,8.3,68.04,18.57,8.23,14.2
ba275c084a8b6a9d18e99a6f3e449aa4,ITC-2019/early/bet-fal17.wcnf.gz,118.18,14.09,26.66,311.9,87.4,26.83,62.69
f2f15e556f441ecce102171c59250c9c,ITC-2019/early/iku-fal17.wcnf.gz,681.55,81.51,138.15,3600.0,533.64,141.65,304.28
f3a4412566e1d59e3e99b8b85793cbbf,ITC-2019/early/mary-spr17.wcnf.gz,38.37,23.19,14.69,104.66,29.04,14.72,20.56
144239907f2aa060fced6406a49aabe4,ITC-2019/early/agh-fis-spr17.wcnf.gz,22.57,2.69,6.11,61.13,17.37,6.19,12.02
4e4afd0f13ad0617ee783592d1409d7e,ITC-2019/early/tg-fal17.wcnf.gz,10.77,38.0,5.12,21.32,8.45,5.09,4.29
7fab92f8362d5372b3fdeaca3ca3f0ae,ITC-2019/early/muni-fi-spr16.wcnf.gz,2.77,0.4,1.24,7.8,2.14,1.24,1.67
73dfb67681f676f52908ce239b6e7614,ITC-2019/early/agh-ggis-spr17.wcnf.gz,50.79,6.36,18.63,125.85,39.38,18.51,27.46
13d446c9bef7efe6f6ca8ae98fcce2a4,ITC-2019/early/muni-fsps-spr17.wcnf.gz,1.16,0.18,0.34,3.13,0.87,0.35,0.68
8f4540b5fb22f8063a5099ff5cae4b8c,ITC-2019/early/muni-fsps-spr17c.wcnf.gz,10.05,1.42,2.71,30.54,7.67,2.75,6.04
e3981bc950bc04603aba7375f9a8f4da,MaxSATQueriesinInterpretableClassifiers/wcnf_gz/heart_test_3_CNF_4_15.wcnf.gz,0.01,0.01,0.01,0.01,0.02,0.01,0.01
2d10ca54e7394292edcec20ffa3c62a2,MaxSATQueriesinInterpretableClassifiers/wcnf_gz/ionosphere_test_7_DNF_1_5.wcnf.gz,0.02,0.02,0.01,0.01,0.01,0.01,0.03
2583623f3c0d5fdfd746159bde16e136,MaxSATQueriesinInterpretableClassifiers/wcnf_gz/wdbc_train_9_DNF_5_10.wcnf.gz,2411.85,2222.19,3600.0,3600.0,2597.51,3600.0,3600.0
997f883975eaee77f929d16c3347b8c4,MaxSATQueriesinInterpretableClassifiers/wcnf_gz/ilpd_train_2_CNF_4_10.wcnf.gz,1.24,2367.87,0.92,3600.0,601.18,1.48,5.64
6bc865b1761e6454de7c8636c9157f37,MaxSATQueriesinInterpretableClassifiers/wcnf_gz/toms_test_3_DNF_4_20.wcnf.gz,3600.0,3600.0,3600.0,3600.0,3600.0,3600.0,3600.0
37a3aad90336efa5c7e998d5553110ee,MaxSATQueriesinInterpretableClassifiers/wcnf_gz/compas_test_3_DNF_1_10.wcnf.gz,0.02,0.04,0.01,0.02,0.02,0.02,0.01
833d124b5e24c36d6c77e8a0a54a6ee4,MaxSATQueriesinInterpretableClassifiers/wcnf_gz/toms_train_9_CNF_5_5.wcnf.gz,3600.0,3600.0,3600.0,3600.0,3600.0,3600.0,3600.0
35631af99bc828f4277a7a52f108b2d1,MaxSATQueriesinInterpretableClassifiers/wcnf_gz/ilpd_train_3_CNF_4_15.wcnf.gz,0.87,3600.0,2.62,3600.0,600.96,8.92,6.42
9c0f2083a6840542eb953a7e390cd948,MaxSATQueriesinInterpretableClassifiers/wcnf_gz/adult_test_6_DNF_2_15.wcnf.gz,0.06,0.16,0.08,0.11,0.08,0.07,0.04
098ce494edd508c0f7343fd96a66aa3d,MaxSATQueriesinInterpretableClassifiers/wcnf_gz/heart_test_8_DNF_3_5.wcnf.gz,0.01,0.01,0.01,0.01,0.01,0.01,0.01
4be85eed94351919eb66e2a3e38bf4a3,MaxSATQueriesinInterpretableClassifiers/MLIC_maxsat_benchmarks/credit_train_1_DNF_2_5.wcnf.gz,3600.0,3600.0,3600.0,3600.0,3600.0,3600.0,3600.0
af6c18a5a5d05579d26c1ecb9c6ccc68,MaxSATQueriesinInterpretableClassifiers/MLIC_maxsat_benchmarks/twitter_train_1_CNF_4_20.wcnf.gz,3600.0,3600.0,3600.0,3600.0,3600.0,3600.0,3600.0
90f547247fbccdcca329b0723a6c56a4,MinimumWeightDominatingSetProblem/hugebubbles-00020.wcnf.gz,3600.0,3600.0,3600.0,3600.0,3600.0,3600.0,3600.0
b8f21602a87ca4573418d0fad28219ba,MinimumWeightDominatingSetProblem/inf-road-usa.wcnf.gz,3600.0,3600.0,3600.0,3600.0,3600.0,3600.0,3600.0
0803cb5e95b150932996026b3d39d6a7,MinimumWeightDominatingSetProblem/delaunay_n24.wcnf.gz,3600.0,3600.0,3600.0,3600.0,3600.0,3600.0,3600.0
d72b8cabd334fa4dccd0158384f9add0,MinimumWeightDominatingSetProblem/bn-human-BNU_1_0025865_session_1-bg.wcnf.gz,3600.0,3600.0,3600.0,3600.0,3600.0,3600.0,3600.0
8626cac83f20bf23efebb49841c702a1,MinimumWeightDominatingSetProblem/web-wikipedia2009.wcnf.gz,3600.0,3600.0,3600.0,3600.0,3600.0,3600.0,3600.0
3d12ebd88525ddae7249edf6cc4cfdb0,MinimumWeightDominatingSetProblem/channel-500x100x100-b050.wcnf.gz,3600.0,3600.0,3600.0,3600.0,3600.0,3600.0,3600.0
02a100f8d984252f043ac236091d531b,MinimumWeightDominatingSetProblem/sc-rel9.wcnf.gz,3600.0,3600.0,3600.0,3600.0,3600.0,3600.0,3600.0
9059ef82e3e9b56aaa5df14a4d0b0e2d,ParametricRBACMaintenance/role_domino_0.7_0.wcnf.gz,3600.0,3600.0,3600.0,3600.0,3600.0,3600.0,3600.0
43f62abd968092bb160fabd420b2572b,ParametricRBACMaintenance/role_domino_0.9_18.wcnf.gz,3600.0,3600.0,3600.0,3600.0,3600.0,3600.0,3600.0
63a2ea54881aaa6ab5b86d6dea5f211f,ParametricRBACMaintenance/role_domino_0.8_6.wcnf.gz,3600.0,3600.0,3600.0,3600.0,3600.0,3600.0,3600.0
a5d391b000892b70898438f43578922d,ParametricRBACMaintenance/role_smallcomp_0.55_2.wcnf.gz,624.67,1767.67,3600.0,1567.29,3600.0,3600.0,3600.0
40a71512e87842eab4b99624b71c627b,ParametricRBACMaintenance/role_domino_0.55_9.wcnf.gz,3600.0,3600.0,3600.0,3600.0,3600.0,3600.0,3600.0
735114cf2fa2fa59de357fab60ecb015,ParametricRBACMaintenance/role_domino_0.95_12.wcnf.gz,3600.0,3600.0,3600.0,3600.0,3600.0,3600.0,3600.0
816bf80b0b439cc2e48f23ae0a74d7e2,ParametricRBACMaintenance/role_domino_0.3_1.wcnf.gz,3600.0,3600.0,3600.0,3600.0,3600.0,3600.0,3600.0
c37a333374d50e9825aca2dff94b63d5,ParametricRBACMaintenance/role_domino_0.05_17.wcnf.gz,3600.0,3600.0,3600.0,3600.0,3600.0,3600.0,3600.0
ff863a2dee680b4264d76fe5ef63de88,ParametricRBACMaintenance/role_smallcomp_0.25_9.wcnf.gz,65.56,403.07,4.72,263.29,12.9,8.5,331.09
2a4079ad1087187dbf23ce84779f821b,ParametricRBACMaintenance/role_smallcomp_0.85_6.wcnf.gz,2614.78,3600.0,3600.0,3600.0,3600.0,3600.0,3600.0
f04e006ec944aba2595e900b29be1325,ParametricRBACMaintenance/role_domino_0.5_0.wcnf.gz,3600.0,3600.0,3600.0,3600.0,3600.0,3600.0,3600.0
464977e74beb7bb20f91d3ddb80cd246,ParametricRBACMaintenance/role_smallcomp_0.1_1.wcnf.gz,567.88,12.97,0.02,9.67,0.44,0.02,0.12
79341a459c60fc5e3064040528a25cd1,RBAC_marco.mori/violations/role_university_0.6_3.wcnf.gz,3600.0,3600.0,3600.0,3600.0,3600.0,3600.0,3600.0
8e654638fdc791a9754c1aec8065d8d8,RBAC_marco.mori/violations/role_smallcomp_0.25_2.wcnf.gz,59.83,316.7,11.83,363.84,11.42,17.42,535.26
9df19bc927fcb39980259c0964f41e79,RBAC_marco.mori/violations/role_smallcomp_0.65_8.wcnf.gz,108.88,2121.27,497.25,3600.0,692.1,3600.0,1613.28
ea2ec19705fb31b6ba3a6a0bb4de85a2,RBAC_marco.mori/violations/role_smallcomp_0.75_11.wcnf.gz,754.76,3600.0,3600.0,22.76,3600.0,3600.0,3600.0
3f715da35a24097aae6fe5919a6ecbf5,RBAC_marco.mori/violations/role_domino_0.3_12.wcnf.gz,3600.0,3600.0,3600.0,3600.0,3600.0,3600.0,3600.0
919c203bdc3d3537254c5a4390b99fcb,RBAC_marco.mori/violations/role_smallcomp_0.85_8.wcnf.gz,91.83,3600.0,3600.0,3600.0,910.97,3600.0,3600.0
ced1c394177b48f512bc608fcc5fb502,RBAC_marco.mori/violations/role_domino_0.5_18.wcnf.gz,3600.0,3600.0,3600.0,3600.0,3600.0,3600.0,3600.0
29d23eed37437d11198e6a201dc09773,RBAC_marco.mori/multiple/role_university_multiple_0.2_8.wcnf.gz,3600.0,3600.0,3600.0,3600.0,3600.0,3600.0,3600.0
42be37d6ac5f9f8ad851e33c1cddc166,RBAC_marco.mori/multiple/role_domino_multiple_0.2_0.wcnf.gz,3600.0,3600.0,3600.0,3600.0,3600.0,3600.0,3600.0
8828b37321903a5a7ee3b0081f1dd8bd,RBAC_marco.mori/multiple/role_domino_multiple_1.0_1.wcnf.gz,3600.0,3600.0,3600.0,3600.0,3600.0,3600.0,3600.0
b39af76b68f228844909ffa5281120e3,RBAC_marco.mori/multiple/role_domino_multiple_0.5_7.wcnf.gz,3600.0,3600.0,3600.0,3600.0,3600.0,3600.0,3600.0
90bbb9eb2224f8b21d991bda908d8fff,RBAC_marco.mori/multiple/role_university_multiple_0.2_0.wcnf.gz,3600.0,3600.0,3600.0,3600.0,3600.0,3600.0,3600.0
9a13fb66db8f4d78bd4a6515ce50ce2a,Security-CriticalCyber-PhysicalComponents/test35--n-10000.wcnf.gz,0.24,0.04,0.43,66.92,4.11,0.45,0.36
0fb7f966c413b39a102f00e51f61becb,Security-CriticalCyber-PhysicalComponents/test57--n-15000.wcnf.gz,1.47,1.03,1.2,309.6,13.02,1.6,9.81
6172ab28aea3c52c22bea31b8083a871,Security-CriticalCyber-PhysicalComponents/test59--n-15000.wcnf.gz,0.88,0.75,1.21,603.7,12.29,1.66,5.77
796390b8f12d416d516086d35b3450f6,Security-CriticalCyber-PhysicalComponents/test10--n-5000.wcnf.gz,0.49,0.04,0.47,78.76,4.68,0.72,2.14
560891c0e6e9d4ab8c96e8737c728095,Security-CriticalCyber-PhysicalComponents/test2--n-5000.wcnf.gz,0.81,0.07,0.27,62.9,3.49,0.33,3.91
b127febb9ba2450843d0f31b50bea30e,Security-CriticalCyber-PhysicalComponents/test73--n-20000.wcnf.gz,2.59,0.51,3.72,549.14,23.86,6.16,18.73
fd63c3c031f603334436169fc9611cbf,Security-CriticalCyber-PhysicalComponents/test15--n-5000.wcnf.gz,0.13,0.02,0.18,38.15,2.84,0.2,0.32
ce0cd00ee64f53a83a882f600106b173,Security-CriticalCyber-PhysicalComponents/test42--n-15000.wcnf.gz,0.61,0.51,1.14,721.67,18.35,1.34,1.96
1b7007c12f01b3339f49132c65552fc5,Security-CriticalCyber-PhysicalComponents/test27--n-10000.wcnf.gz,0.52,0.15,0.83,274.28,9.51,1.16,5.03
1ebb6a2fd5f1d3defa71336f41628f98,Security-CriticalCyber-PhysicalComponents/test33--n-10000.wcnf.gz,0.59,0.11,0.46,124.58,5.63,0.51,0.96
8ca81ea3e75321e7e3dad2259c5d514c,Security-CriticalCyber-PhysicalComponents/test69--n-20000.wcnf.gz,1.24,0.23,2.46,749.79,28.37,3.32,18.71
e288cb9404330f3108a8e702773dd6fa,Security-CriticalCyber-PhysicalComponents/test61--n-20000.wcnf.gz,4.02,0.72,5.57,924.94,39.18,9.11,49.06
5336f6907d534868103be83673bcd912,abstraction-refinement/polysite-hsqldb.wcnf.gz,514.81,1020.55,812.89,3600.0,493.58,1291.97,353.49
f5fd19c23123f0fc6a6cf1761857f6c9,abstraction-refinement/downcast-avrora.wcnf.gz,324.96,3600.0,263.67,3600.0,317.45,559.61,538.48
66774e068193921877f8a93f9a2d8898,abstraction-refinement/downcast-hsqldb.wcnf.gz,1003.33,2021.29,741.82,3600.0,989.9,1226.13,435.97
67cf2d223a65ca171740b40c2dab1511,abstraction-refinement/polysite-pmd.wcnf.gz,446.03,3600.0,871.91,3600.0,421.6,1426.26,700.3
d8bb463adb0c353c7847c10e95e0f420,abstraction-refinement/polysite-avrora.wcnf.gz,198.34,2743.38,422.9,3600.0,188.15,607.26,214.57
b1dd4ee6e5b74c18a2f0cc4162f8e2c8,abstraction-refinement/downcast-xalan.wcnf.gz,163.06,3600.0,379.76,3600.0,155.16,803.68,559.53
3af7aabfe4b7c5d7a48d8ea44f6fab68,abstraction-refinement/polysite-bloat.wcnf.gz,1390.15,3600.0,1718.27,3600.0,1361.99,2458.35,984.05
6793f4fbcc2f6a236b32663d633f4c6d,abstraction-refinement/polysite-xalan.wcnf.gz,348.28,3600.0,1415.63,3600.0,334.56,2593.09,1293.31
8d1dee34d8af87b9467f950d6852277b,abstraction-refinement/polysite-lusearch.wcnf.gz,75.45,3600.0,284.74,3600.0,70.85,488.54,290.45
e1547aa230a63ccb1daa4b5965ae4d56,abstraction-refinement/downcast-pmd.wcnf.gz,540.63,3600.0,776.82,3600.0,516.57,1684.44,683.99
8196f734cfc1d9b20fd8d66250dbfcfd,abstraction-refinement/downcast-antlr.wcnf.gz,234.88,3600.0,744.74,3600.0,221.84,1325.45,829.87
93306a635fb602ae939464a684c2fb9b,af-synthesis/af-synthesis_stb_50_160_9.wcnf.gz,754.43,244.73,3600.0,3600.0,721.21,3600.0,3600.0
7b9df1f4265763e2f50e9b9f38b93352,af-synthesis/af-synthesis_stb_50_120_5.wcnf.gz,780.61,481.86,3600.0,3600.0,1705.92,3600.0,3600.0
7150620331835163562cf13c7313dc46,af-synthesis/af-synthesis_stb_50_160_1.wcnf.gz,1259.35,275.14,3600.0,3600.0,1041.29,3600.0,3600.0
7baa6d2674af05c0df4b8bcd94739b93,af-synthesis/af-synthesis_stb_50_140_8.wcnf.gz,2354.24,1489.36,3600.0,3600.0,2602.53,3600.0,3600.0
af23da80601527f96209db261c152697,af-synthesis/af-synthesis_stb_50_160_5.wcnf.gz,2008.52,590.64,3600.0,3600.0,3045.07,3600.0,3600.0
58688347812a692f7bd3d9e3c623d25d,af-synthesis/af-synthesis_stb_50_200_5.wcnf.gz,2152.86,442.92,3600.0,3600.0,1912.06,3600.0,3600.0
d0bde6fc0b04a45958d2fe5969c56bfa,af-synthesis/af-synthesis_stb_50_40_8.wcnf.gz,1563.19,483.95,3600.0,3600.0,1409.62,3600.0,3600.0
4d475f6c708f3aa8bd348708f088d032,af-synthesis/af-synthesis_stb_50_120_2.wcnf.gz,688.07,340.41,3600.0,3600.0,964.73,3600.0,3600.0
2ce742ffe0529d4dadd9b06338fabe02,af-synthesis/af-synthesis_stb_50_20_4.wcnf.gz,1070.58,303.52,3600.0,3600.0,2169.19,3600.0,3600.0
065ab4345ba9f5dd05ab7e2151cb5230,af-synthesis/af-synthesis_stb_50_40_6.wcnf.gz,1786.02,493.62,3600.0,3600.0,1666.44,3600.0,3600.0
0f425a47c1fb5b7cefaed24a57ebeb65,af-synthesis/af-synthesis_stb_50_100_3.wcnf.gz,782.66,296.03,3600.0,3600.0,1377.61,3600.0,3600.0
bd1b7b6eb6683fac4979cb6254c19af5,af-synthesis/af-synthesis_stb_50_80_8.wcnf.gz,1644.14,410.35,3600.0,3600.0,2956.8,3600.0,3600.0
f420961dfa836150930d8651a7d4321f,auctions/auc_paths/cat_paths_60_160_0002.txt.wcnf.gz,77.58,238.15,2.08,2740.38,0.61,2.43,0.03
e3ee8b8ba2d7c2253fba8df5dc2d01c1,auctions/auc_paths/cat_paths_60_90_0004.txt.wcnf.gz,0.01,0.12,0.01,0.19,0.12,0.01,0.02
16a34922d3bcbd5077097c5bb4d6eac9,auctions/auc_paths/cat_paths_60_170_0001.txt.wcnf.gz,11.66,86.47,0.07,774.73,0.65,0.07,0.05
d229cae21ad889f4bfe3ab390f880ca0,auctions/auc_paths/cat_paths_60_140_0004.txt.wcnf.gz,0.5,3.96,0.02,68.94,0.6,0.03,0.03
02fd7d421094c0af633e73713d02e67b,auctions/auc_scheduling/cat_sched_60_70_0002.txt.wcnf.gz,0.01,0.05,0.01,0.07,0.27,0.01,0.03
592c4b18274586b70f0300be7f290277,auctions/auc_scheduling/cat_sched_60_200_0004.txt.wcnf.gz,0.03,0.14,0.02,1.37,2.87,0.02,0.1
2e8ed0dd493faaaab3f8d2ed71adda3c,auctions/auc_scheduling/cat_sched_60_80_0000.txt.wcnf.gz,0.01,0.07,0.01,0.06,0.33,0.01,0.04
19c6cb4ea6bd047ebc1eb304054241ed,auctions/auc_scheduling/cat_sched_60_150_0001.txt.wcnf.gz,0.02,0.1,0.01,1.49,0.73,0.01,0.07
a39f5ffbd3de86ba578ad2128b9457eb,auctions/auc_scheduling/cat_sched_60_200_0002.txt.wcnf.gz,0.03,0.18,0.01,1.52,1.06,0.01,0.1
0df088cb9da1cd9e5a1e594350669398,auctions/auc_regions/cat_reg_60_110_0001.txt.wcnf.gz,0.46,0.66,0.37,0.17,2.07,0.98,0.07
30e253b2550d360030432a385249d586,auctions/auc_regions/cat_reg_60_110_0000.txt.wcnf.gz,1.4,1.63,0.15,0.31,1.5,0.21,0.09
1d037e03d024f0bca4fa09c6e53a511d,auctions/auc_regions/cat_reg_60_200_0000.txt.wcnf.gz,3.14,4.55,5.33,5.69,10.0,14.42,0.35
a34f7ca3e8faa5ade1fac8649c8a442b,binaryNN_sakai/bnn_mnist_rot_22_label8_adversarial_norm_inf_totalizer.wcnf.gz,674.58,152.98,185.63,3600.0,615.65,184.65,731.05
1e02338d1c2e1a7c53d2c4dd037d9a1b,binaryNN_sakai/bnn_mnist_9_label9_adversarial_norm_inf_totalizer.wcnf.gz,716.75,328.7,235.69,3600.0,667.93,233.53,1099.3
227b15b4667d62019e934a08afa6867e,binaryNN_sakai/bnn_mnist_back_image_5_label2_adversarial_norm_inf_totalizer.wcnf.gz,895.84,1672.43,619.08,3600.0,859.57,681.67,1540.91
c59642b135a124a4d27568ece8ef7334,binaryNN_sakai/bnn_mnist_30_label3_adversarial_norm_inf_totalizer.wcnf.gz,1507.2,2932.95,447.89,3600.0,1498.96,457.76,834.18
e3d79508024e7c1cf48b1d28da6ce05a,binaryNN_sakai/bnn_mnist_back_image_40_label3_adversarial_norm_inf_totalizer.wcnf.gz,884.96,3600.0,225.96,3600.0,852.05,225.27,743.26
6fdfca1c635ddd5d1a7d590b755fc31c,binaryNN_sakai/bnn_mnist_rot_0_label6_adversarial_norm_inf_totalizer.wcnf.gz,583.04,148.23,165.36,3600.0,523.73,166.2,545.54
a9ee852ccbf390937aa4933ccd9c1be0,binaryNN_sakai/bnn_mnist_rot_37_label3_adversarial_norm_inf_totalizer.wcnf.gz,855.74,312.21,183.24,3600.0,809.54,183.68,549.32
32426d0150f9f9ad3c7ee20d7e06d13c,binaryNN_sakai/bnn_mnist_rot_15_label8_adversarial_norm_inf_totalizer.wcnf.gz,635.75,237.09,224.56,3600.0,586.13,226.19,765.86
2a8b024a0a567e93246d8bb5633a8b73,binaryNN_sakai/bnn_mnist_back_image_14_label9_adversarial_norm_inf_totalizer.wcnf.gz,670.49,65.1,235.82,3600.0,625.81,239.59,607.59
6e3ff08c1c79e0d6a28796eb3a084cbc,binaryNN_sakai/bnn_mnist_rot_1_label0_adversarial_norm_inf_totalizer.wcnf.gz,2252.51,407.01,383.98,3600.0,2319.48,387.75,1278.36
7228cf74c3606b3ef226831276a20707,binaryNN_sakai/bnn_mnist_back_image_35_label9_adversarial_norm_inf_totalizer.wcnf.gz,3600.0,3600.0,3600.0,3600.0,3600.0,3600.0,3600.0
30b24ce8ade966edf762e255116557fd,binaryNN_sakai/bnn_mnist_rot_9_label1_adversarial_norm_inf_totalizer.wcnf.gz,863.4,255.86,159.94,3600.0,832.37,161.44,767.16
394b736c203aacd056022fcdf9b17221,causal-discovery/causal_n6_i10_N500_uai13_log_int.wcnf.gz,204.57,191.19,1147.18,480.69,215.64,2623.67,263.41
0019e41d6aadd2466934d0ff4e07393c,causal-discovery/causal_n7_i9_N1000_uai14_log_int.wcnf.gz,31.6,224.55,123.74,3600.0,34.53,294.82,244.74
4138d5a20f3afb7870816bf150ea96d9,causal-discovery/causal_n6_i5_N1000_uai13_log_int.wcnf.gz,54.53,9.85,147.81,214.13,55.73,419.61,70.7
4515bfdc874f644ed81e05cdefc6f740,causal-discovery/causal_Image_7_2310.wcnf.gz,241.84,1730.14,2317.23,3600.0,404.3,3330.88,652.79
d0748c88c591b80021d76576da92e94e,causal-discovery/causal_Mushroom_7_8124.wcnf.gz,154.39,342.94,2111.19,3600.0,185.82,3600.0,189.76
9a51b5fa7e620f557a98ead5032bcd24,causal-discovery/causal_Wine_8_178.wcnf.gz,26.74,1647.2,73.47,3600.0,30.37,334.74,202.93
faff294038c4d46dcb29f25e59db005e,causal-discovery/causal_asia_10_100.wcnf.gz,9.11,126.11,33.93,22.32,9.51,77.91,67.69
ec8decfb6c88d0320fbb2e1e861c36f9,causal-discovery/causal_n6_i8_N1000_uai14_log_int.wcnf.gz,2.35,1.55,5.81,74.63,602.57,8.78,7.77
a92ada2ee45c6b56af7bb743b20c40a1,causal-discovery/causal_Adult_6_30162.wcnf.gz,9.48,60.05,37.33,191.5,609.48,70.48,35.41
acbdd56297635cacfa3e0a475952865f,causal-discovery/causal_n7_i4_N500_uai14_log_int.wcnf.gz,25.06,394.65,231.68,3600.0,25.2,1949.47,334.72
f4d9d0735f1c88c415666fe2c9adce06,causal-discovery/causal_n6_i7_N1000_uai14_log_int.wcnf.gz,1.67,3.03,4.25,10.26,601.77,6.65,7.36
3192dda2cfb7af939a1a0cafa4a52fce,causal-discovery/causal_Horse.23_7_300.wcnf.gz,8.88,118.94,23.39,19.51,8.08,37.67,43.3
631ae962503a2fb51439f0ff13db7226,correlation-clustering/Rounded_CorrelationClustering_Protein4_UNARY_N190.wcnf.gz,3600.0,3600.0,3600.0,3600.0,3600.0,3600.0,312.66
d0ee83849ae146cd12d2d3c4f279ed71,correlation-clustering/Rounded_CorrelationClustering_Protein1_BINARY_N360.wcnf.gz,3600.0,3600.0,871.2,3600.0,3600.0,239.91,226.65
99db68dda2785895638f0e259b077b06,correlation-clustering/Rounded_CorrelationClustering_Protein3_BINARY_N400.wcnf.gz,3600.0,3600.0,3600.0,3600.0,3600.0,3600.0,831.61
9ac407223453a01f96ca8068f180cdec,correlation-clustering/Rounded_CorrelationClustering_Protein1_BINARY_N380.wcnf.gz,3600.0,3600.0,3600.0,3600.0,3600.0,1046.62,245.77
598a1a507aebd6a15e5a2cf5f412d365,correlation-clustering/Rounded_CorrelationClustering_Protein1_BINARY_N320.wcnf.gz,3600.0,3600.0,115.84,3600.0,3600.0,122.59,101.01
02cf12aa30a92120a84ffd408d565c10,correlation-clustering/Rounded_CorrelationClustering_Protein2_TRANSITIVE_N200.wcnf.gz,83.73,3600.0,171.79,3600.0,124.32,269.68,97.27
ece44db94ec50490ccc9edf6797575b3,correlation-clustering/Rounded_CorrelationClustering_Protein3_UNARY_N260.wcnf.gz,3600.0,3600.0,3600.0,3600.0,3600.0,3600.0,3600.0
dc2ce2e94b70f452270f439ddf9517a2,correlation-clustering/Rounded_CorrelationClustering_Protein2_UNARY_N260.wcnf.gz,3600.0,3600.0,3600.0,3600.0,3600.0,3600.0,3600.0
762b4e184dcdc4856ba08b9de99b71af,correlation-clustering/Rounded_CorrelationClustering_Protein1_UNARY_N190.wcnf.gz,3600.0,3600.0,3600.0,3600.0,3600.0,1185.2,742.55
4563a55142f2fc2eecfac8369f134dd3,correlation-clustering/Rounded_CorrelationClustering_Protein1_TRANSITIVE_N250.wcnf.gz,124.85,3600.0,305.3,74.16,124.41,365.67,173.14
e3ef1c3c9aef88848a07780132c8e377,correlation-clustering/Rounded_CorrelationClustering_Protein2_BINARY_N220.wcnf.gz,3600.0,3600.0,3600.0,3600.0,3600.0,3600.0,74.96
6e75cf8f8dd30e83e0a9645a50e7aafd,correlation-clustering/Rounded_CorrelationClustering_Protein3_TRANSITIVE_N200.wcnf.gz,2389.56,3600.0,1755.89,3600.0,3600.0,2536.21,98.09
d1451c475242e5d94528892d056d8d83,csg_xiaojuan/easy/310-31.wcnf.gz,8.71,12.48,13.51,54.14,8.39,17.63,13.23
5f5871e166417ff6b467b3925d323863,csg_xiaojuan/easy/310-67.wcnf.gz,11.13,292.18,17.21,214.86,11.21,57.44,18.9
d8436dcedc9c223554d0b1ca075c4829,csg_xiaojuan/easy/310-33.wcnf.gz,7.16,28.44,10.58,70.04,6.8,12.17,18.48
db4e0c2ab2d6608f279b64d425e7c95e,csg_xiaojuan/easy/310-69.wcnf.gz,53.5,15.66,13.58,57.21,52.8,26.24,14.52
6d060e16d3a247e5ca1665f09ef9543e,csg_xiaojuan/easy/310-34.wcnf.gz,8.74,5.39,4.48,32.7,8.49,5.36,7.8
5c65eca2ffa360deecac5af1b2166a07,csg_xiaojuan/easy/310-95.wcnf.gz,9.77,4.42,4.78,35.95,9.52,5.83,6.87
5dd9a9f77ac3aa117cc145031893c66f,csg_xiaojuan/easy/310-85.wcnf.gz,13.13,9.84,6.8,41.14,12.95,11.22,13.97
d845b4850ffbf726543d85d5408f4cfa,csg_xiaojuan/easy/310-32.wcnf.gz,10.26,65.0,10.0,395.39,9.85,12.63,25.61
fdd4cb4e6c81f81ba5656c51ffa41ed3,csg_xiaojuan/easy/310-57.wcnf.gz,5.19,23.31,5.36,52.26,4.9,7.44,8.85
4551105bfdbb591ce55af8698180ce5d,csg_xiaojuan/easy/310-3.wcnf.gz,4.08,8.95,4.41,35.72,4.0,5.4,8.32
4e33aa7c34b7c3c4f9ea1aaa0569b60e,csg_xiaojuan/hard/310-6.wcnf.gz,55.62,1441.22,941.75,3600.0,64.65,1170.81,37.0
11485aa29998a840e9ee06af25ba59d2,csg_xiaojuan/hard/330-81.wcnf.gz,209.01,3600.0,3504.62,3600.0,181.74,3600.0,44.26
b688abb30c52d1658d943698ed57b2f1,css-refactoring/amazon.dimacs.wcnf.gz,21.63,199.37,235.64,411.95,630.89,2188.1,3600.0
26fcd89b956d7e76eb3d1d49a3d56490,css-refactoring/dblp.dimacs.wcnf.gz,1.11,6.81,11.48,4.82,74.95,25.1,137.36
5eeedd461e8a8462a1c80644293fd2bd,css-refactoring/archlinux.dimacs.wcnf.gz,0.09,0.34,0.48,0.19,7.16,0.65,2.35
e58dfc6f221686dd4313f6840ba76c4d,css-refactoring/facebook1.dimacs.wcnf.gz,1.6,14.75,15.16,20.33,290.78,18.78,66.49
98e8f5155a869d7bef03db0ab774a388,css-refactoring/wikipedia.dimacs.wcnf.gz,0.18,0.93,1.37,0.98,32.3,1.55,3.1
7e500417362b13613c8cdb94d5991b62,css-refactoring/youtube.dimacs.wcnf.gz,22.11,3600.0,443.4,1347.66,32.08,1039.87,3600.0
ab39be7e20b489e9db5dd505d70e7aca,css-refactoring/openstreetmap.dimacs.wcnf.gz,1.1,12.53,29.03,10.35,218.82,74.3,92.62
cdf036414a30bd56c675e6eb85f2734f,css-refactoring/londonist.dimacs.wcnf.gz,1.47,13.73,29.56,24.04,284.49,48.51,225.99
cb72f3f0638c4fea014911a7085b35b6,css-refactoring/github.dimacs.wcnf.gz,18.59,289.31,548.41,585.47,21.69,2636.35,3600.0
f87ee170541f4a557babdde7ae752269,css-refactoring/guardian.dimacs.wcnf.gz,11.24,130.24,227.77,684.57,13.92,257.29,1422.91
1682f989fd0e1f94ea32171d8a21ff5e,css-refactoring/ebay.dimacs.wcnf.gz,7.57,86.61,108.06,104.87,609.46,372.27,3600.0
d21014fd38ce608ee8d32a8d8b8b7504,dalculus/f49-DC_TotalLoss.seq-B-2-combined-abcdeir.wcnf.gz,1.11,0.15,1.47,2.17,219.46,1.53,1.1
ec10caa4233e29f2e3721283972e2fc2,dalculus/f1-DataDisplay_0_order4.seq-B-3-combined-abcdeir.wcnf.gz,0.01,0.01,0.02,0.04,0.15,0.01,0.04
17fdc91e1eddbf763d1554039a616b9e,dalculus/f1-DataDisplay_0_order4.seq-A-2-2-irEDCBA.wcnf.gz,0.02,0.01,0.01,0.1,0.52,0.01,0.06
bbad19854a8811951405b4485ea21c62,dalculus/f49-DC_TotalLoss.seq-B-2-2-EDCBAir.wcnf.gz,1.27,0.14,0.28,2.92,175.31,0.36,81.42
0cdf696af46f264cef5ef0a43e756737,dalculus/f49-DC_TotalLoss.seq-A-3-combined-irabcde.wcnf.gz,0.53,0.54,0.35,1.56,600.72,0.5,1.3
43ecce12f1a0e531b62c3fec7608773a,dalculus/f1-DataDisplay_0_order4.seq-A-2-2-abcdeir.wcnf.gz,0.01,0.01,0.01,0.06,0.49,0.01,0.05
d9f7f9772a8abb8b6162bede8546c4b8,dalculus/f1-DataDisplay_0_order4.seq-B-2-combined-abcdeir.wcnf.gz,0.02,0.01,0.01,0.1,0.3,0.01,0.05
46b612ee6a97e04231386ffb7bdd7cba,dalculus/f49-DC_TotalLoss.seq-A-2-combined-EDCBAir.wcnf.gz,0.45,1871.37,0.81,6.93,600.54,1.22,25.08
0ffea9dcc45d0719ee43ca80ba606726,dalculus/f49-DC_TotalLoss.seq-B-2-1-abcdeir.wcnf.gz,1.26,1519.59,0.74,2.93,243.2,1.15,4.65
f2d4da63e614dc28a577a03ac636c14f,dalculus/f1-DataDisplay_0_order4.seq-A-3-1-EDCBAir.wcnf.gz,0.01,0.01,0.01,0.03,0.12,0.01,0.03
11b65bcfa23925685024c9fe36e1f247,dalculus/f1-DataDisplay_0_order4.seq-A-2-1-irabcde.wcnf.gz,0.01,0.01,0.01,0.09,0.77,0.01,0.07
d54bf6f893563b48708c0acb5cc91ca1,dalculus/f1-DataDisplay_0_order4.seq-B-2-2-irabcde.wcnf.gz,0.01,0.02,0.01,0.06,0.88,0.01,0.07
777b665b14a306478632f3f21d19aebf,decision-tree/australian-credit-un/formula_0.8_2021_atleast_63_max-5_reduced_incomplete_adaboost_5.wcnf.gz,3600.0,3600.0,3600.0,3600.0,3600.0,3600.0,3600.0
c27c4a4aaf83d5713e76fc0b7ab15884,decision-tree/australian-credit-un/formula_0.8_2021_atleast_63_max-5_reduced_incomplete_adaboost_3.wcnf.gz,3600.0,3600.0,3600.0,3600.0,3600.0,3600.0,3600.0
fb9412a13ccf7e6557ee59b81ab7a3cc,decision-tree/australian-credit-un/formula_0.8_2021_atleast_127_max-6_reduced_incomplete_adaboost_6.wcnf.gz,3600.0,3600.0,3600.0,3600.0,3600.0,3600.0,3600.0
d2a158ee6085043c29339b28932f4ea6,decision-tree/primary-tumor-un/formula_0.8_2021_atleast_15_max-3_reduced_incomplete_adaboost_5.wcnf.gz,3600.0,3600.0,3600.0,3600.0,3600.0,3600.0,3600.0
c9572e86b585e47ef8172229a489d368,decision-tree/primary-tumor-un/formula_0.8_2021_atleast_15_max-3_reduced_incomplete_adaboost_2.wcnf.gz,3600.0,3600.0,3600.0,3600.0,3600.0,3600.0,3600.0
57d101edbbef1850cd4b0b8281e24b73,decision-tree/primary-tumor-un/formula_0.8_2021_atleast_127_max-6_reduced_incomplete_adaboost_6.wcnf.gz,3600.0,3600.0,3600.0,3600.0,3600.0,3600.0,3600.0
d50ab2db49cfc6acad3b600503b93434,decision-tree/primary-tumor-un/formula_0.8_2021_atleast_63_max-5_reduced_incomplete_adaboost_2.wcnf.gz,3600.0,3600.0,3600.0,3600.0,3600.0,3600.0,3600.0
bec673b676668080300df3706cfacedc,decision-tree/primary-tumor-un/formula_0.8_2021_atleast_63_max-5_reduced_incomplete_adaboost_3.wcnf.gz,3600.0,3600.0,3600.0,3600.0,3600.0,3600.0,3600.0
52a9aab8a9e7d5cd2e419127e17f647b,decision-tree/anneal-un/formula_0.8_2021_atleast_31_max-4_reduced_incomplete_adaboost_5.wcnf.gz,3600.0,3600.0,3600.0,3600.0,3600.0,3600.0,3600.0
3b2ccdb4c99faf049dbd47ca16fdecb2,decision-tree/anneal-un/formula_0.8_2021_atleast_15_max-3_reduced_incomplete_adaboost_2.wcnf.gz,3600.0,3600.0,3600.0,3600.0,3600.0,3600.0,3600.0
8eeb77bf865574b574b56c45c62927f9,decision-tree/anneal-un/formula_0.8_2021_atleast_127_max-6_reduced_incomplete_adaboost_6.wcnf.gz,3600.0,3600.0,3600.0,3600.0,3600.0,3600.0,3600.0
7cbd3f887aa34cfc544ca61a319a4425,decision-tree/anneal-un/formula_0.8_2021_atleast_63_max-5_reduced_incomplete_adaboost_3.wcnf.gz,3600.0,3600.0,3600.0,3600.0,3600.0,3600.0,3600.0
64862884de435a2c4e20dd6246f95806,decision-tree/tic-tac-toe-un/formula_0.8_2021_atleast_63_max-5_reduced_incomplete_adaboost_4.wcnf.gz,3600.0,3600.0,3600.0,3600.0,3600.0,3600.0,3600.0
49dbb9f01e6fd1987101727d432cc878,decision-tree/tic-tac-toe-un/formula_0.8_2021_atleast_15_max-3_reduced_incomplete_adaboost_6.wcnf.gz,3600.0,3600.0,3600.0,3600.0,3600.0,3600.0,3600.0
d5fb9a74e0bda67acb3eca0948ec03e7,decision-tree/tic-tac-toe-un/formula_0.8_2021_atleast_15_max-3_reduced_incomplete_adaboost_4.wcnf.gz,3600.0,3600.0,3600.0,3600.0,3600.0,3600.0,3600.0
105745f2771ff2a1fb19dee79be82345,decision-tree/car-un/formula_0.8_2021_atleast_127_max-6_reduced_incomplete_adaboost_3.wcnf.gz,3600.0,3600.0,3600.0,3600.0,3600.0,3600.0,3600.0
cd7f4f0c434c182ed42aa2c51fbfb415,decision-tree/car-un/formula_0.8_2021_atleast_15_max-3_reduced_incomplete_adaboost_6.wcnf.gz,3600.0,3600.0,3600.0,3600.0,3600.0,3600.0,3600.0
6a3069f3c8c43f2f7b18bd0a4fdba676,decision-tree/car-un/formula_0.8_2021_atleast_31_max-4_reduced_incomplete_adaboost_2.wcnf.gz,3600.0,3600.0,3600.0,3600.0,3600.0,3600.0,3600.0
f40f17434905825d75bd35103816def1,decision-tree/car-un/formula_0.8_2021_atleast_63_max-5_reduced_incomplete_adaboost_4.wcnf.gz,3600.0,3600.0,3600.0,3600.0,3600.0,3600.0,3600.0
22cf5bc8080a7782d541bccfe1d4b17b,decision-tree/car-un/formula_0.8_2021_atleast_63_max-5_reduced_incomplete_adaboost_5.wcnf.gz,3600.0,3600.0,3600.0,3600.0,3600.0,3600.0,3600.0
4dd8e755d39405d1fbff71bc3dc62764,decision-tree/heart-cleveland-un/formula_0.8_2021_atleast_15_max-3_reduced_incomplete_adaboost_2.wcnf.gz,3600.0,3600.0,3600.0,3600.0,3600.0,3600.0,3600.0
c45572896c49309380cfef7bbcd60059,decision-tree/heart-cleveland-un/formula_0.8_2021_atleast_31_max-4_reduced_incomplete_adaboost_6.wcnf.gz,3600.0,3600.0,3600.0,3600.0,3600.0,3600.0,3600.0
f7fc2672a622917bee602b5bd81cc4e1,decision-tree/heart-cleveland-un/formula_0.8_2021_atleast_127_max-6_reduced_incomplete_adaboost_3.wcnf.gz,3600.0,3600.0,3600.0,3600.0,3600.0,3600.0,3600.0
8be4e25f4ae43e48ca09bc37a0b8a591,decision-tree/heart-cleveland-un/formula_0.8_2021_atleast_63_max-5_reduced_incomplete_adaboost_6.wcnf.gz,3600.0,3600.0,3600.0,3600.0,3600.0,3600.0,3600.0
a2e01e3be0c93646d7f696f9ac9f5934,drmx-atmostk/drmx-am32-outof-70-eseqc-w.wcnf.gz,3.28,0.44,2.45,3600.0,606.59,5.13,53.11
28c1dac37ca3f1323ab394e05836387b,drmx-atmostk/drmx-am32-outof-70-etot-w.wcnf.gz,4.78,0.23,5.74,3600.0,618.02,6.9,130.21
a9955047883c7ad1398cae21ad06eeaa,drmx-atmostk/drmx-am16-outof-45-etot-w.wcnf.gz,5.29,0.09,1.13,38.07,81.7,1.86,32.07
c22b5d974cbba67a66742fb6d6152582,drmx-atmostk/drmx-am28-outof-60-ekmtot-w.wcnf.gz,3.7,0.09,37.34,3600.0,602.82,31.38,108.75
43236c5bedb821870b06bc78e12e3036,drmx-atmostk/drmx-am12-outof-40-ekmtot-w.wcnf.gz,19.87,0.02,0.86,12.68,14.14,0.77,3.82
abaaf1b136db68bf1baa0f79daf4241a,drmx-atmostk/drmx-am20-outof-50-etot-w.wcnf.gz,4.15,0.08,6.29,265.06,444.56,9.03,111.32
68a265e064dc1ddd34a2407e15220bad,drmx-atmostk/drmx-am12-outof-40-eseqc-w.wcnf.gz,0.19,0.05,0.15,25.29,600.33,0.21,102.5
c4096cd9bd5b10864aaa10c53f116c07,drmx-atmostk/drmx-am20-outof-50-ecardn-w.wcnf.gz,93.9,2.59,57.94,654.55,662.52,206.37,151.92
4d8fda092f52bddf164a6cc5ac4378a8,drmx-atmostk/drmx-am20-outof-50-esortn-w.wcnf.gz,61.02,2.85,43.72,1069.97,709.66,335.43,140.51
406859e653792ddab88b667a3a687276,drmx-atmostk/drmx-am24-outof-55-ekmtot-w.wcnf.gz,584.26,0.16,6.0,3600.0,1360.6,7.66,110.37
ef5da554cfe1805acfb9fcb309df5754,drmx-atmostk/drmx-am28-outof-60-esortn-w.wcnf.gz,33.29,1.63,101.03,3600.0,618.85,190.21,67.89
214499883d3785eae56b9805cb74f239,drmx-atmostk/drmx-am32-outof-70-esortn-w.wcnf.gz,160.03,7.42,57.18,3600.0,713.29,102.44,43.27
8b285e0eba7688f0302e8cf4836d7175,drmx-cryptogen/wolfram80_5.wcnf.gz,75.44,3600.0,41.33,1637.17,77.31,40.88,130.36
e2238f5740c233e6b2b9115d4deca2e3,drmx-cryptogen/wolfram72_3.wcnf.gz,10.1,3600.0,2.65,310.25,609.39,2.63,8.21
41790bb8fcb5383577f924417f5508ff,drmx-cryptogen/geffe128_0.wcnf.gz,38.01,3600.0,66.0,195.75,641.11,63.98,100.21
7f05a8af6ba88676744babcb475d7e19,drmx-cryptogen/wolfram72_9.wcnf.gz,15.97,3600.0,2.46,406.28,615.43,2.44,36.57
300e38d90be262b94e8b49d41c61223b,drmx-cryptogen/geffe128_2.wcnf.gz,23.14,3600.0,0.32,91.49,624.5,0.32,2.82
a15f25d50f419da92cdcf6a7309b5a5b,drmx-cryptogen/geffe128_7.wcnf.gz,42.12,3600.0,58.55,231.09,645.33,59.91,11.59
b02193251b4248380bb0da1261aa7702,drmx-cryptogen/wolfram72_6.wcnf.gz,12.62,3600.0,7.23,1095.96,612.68,7.25,31.78
13594510371eb7098c2b2e49ec0c56ed,drmx-cryptogen/geffe128_3.wcnf.gz,50.32,3600.0,40.72,419.78,654.23,40.92,86.28
6780c7cdc73ce3836f76d1f9a6752341,drmx-cryptogen/wolfram80_7.wcnf.gz,22.4,3600.0,11.5,563.83,21.61,11.51,21.48
8d04368ee9a63120d9535820179ec975,drmx-cryptogen/threshold128_1.wcnf.gz,31.68,3600.0,278.78,1065.13,633.81,285.99,21.99
46d6acd41c6cff30e30c2b6ea6e43759,drmx-cryptogen/wolfram80_3.wcnf.gz,40.16,3600.0,9.59,126.74,40.47,9.57,28.64
b95f54c1dae16c927d5bbecb41a3fa75,drmx-cryptogen/wolfram80_0.wcnf.gz,62.94,3600.0,95.74,403.61,64.49,93.99,89.15
9c90e68e486e8867f821d55955a5570f,frb/frb20-11-2.wcnf.gz,0.04,0.19,0.15,47.25,26.08,0.15,3.19
f1d208e046069fb93c3f3c79f322c459,frb/frb20-11-3.wcnf.gz,0.04,0.16,0.15,15.79,34.63,0.15,5.73
4bdd6dc2a8ed50b2c4d3c01ecdbacf5b,frb/frb10-6-5.wcnf.gz,0.01,0.01,0.01,0.32,0.51,0.02,0.04
5165ad4e1f485661eb231bcff1b97a78,frb/frb20-11-1.wcnf.gz,0.03,0.14,0.15,188.84,63.09,0.15,1.75
19e6346cc2b0a949f07b62c1fcc6b83b,frb/frb10-6-2.wcnf.gz,0.01,0.01,0.02,0.17,0.6,0.01,0.06
55f50b9908a39aa99b2c5522e8c9e54d,frb/frb25-13-1.wcnf.gz,0.28,2.14,0.6,3600.0,304.96,0.6,0.31
d4a38e821299b9075cd64c21a9d1e6a9,frb/frb10-6-4.wcnf.gz,0.01,0.01,0.02,0.18,0.19,0.01,0.02
824b278c9f8d2b995c72b8345ab457fc,frb/frb25-13-4.wcnf.gz,2.64,0.89,0.47,3600.0,67.17,0.47,18.75
ec87cc470307a2728399904c16596f27,frb/frb10-6-3.wcnf.gz,0.03,0.02,0.01,0.28,0.51,0.01,0.03
3d8f64784e4e772d2ff2226585387762,frb/frb15-9-2.wcnf.gz,0.02,0.07,0.04,3.64,2.11,0.04,0.14
87f22a7af6d1af9295c6d084d52a4ffd,frb/frb20-11-4.wcnf.gz,0.3,0.14,0.15,31.37,17.67,0.16,2.91
287e43071e8cf5070a23a7aa88cc2d09,frb/frb15-9-3.wcnf.gz,0.02,0.07,0.04,3.88,4.24,0.04,1.12
9e74685fc90f755426ad95c524f6d79d,haplotyping-pedigrees/ped2.B.recomb1-0.10-10.wcnf.gz,1.73,0.33,0.52,57.36,1.41,0.69,1.1
f52ba23ac339387de8ef4130431243c3,haplotyping-pedigrees/ped2.G.recomb1-0.10-7.wcnf.gz,11.93,3.95,6.78,106.11,9.48,10.09,164.25
91a768efab6bb7dd2f44cf86f2c86329,haplotyping-pedigrees/ped3.G.recomb10-0.10-8.wcnf.gz,5.18,3.47,5.21,24.06,4.42,8.7,101.62
58dde93c9e2f76c6e9548c428c6f5140,haplotyping-pedigrees/ped2.B.recomb1-0.10-9.wcnf.gz,1.73,0.42,0.6,51.61,1.41,0.86,1.16
d3eb07f97265fe52183f3ecab62d7002,haplotyping-pedigrees/ped2.B.recomb1-0.10-6.wcnf.gz,1.92,0.43,0.55,69.58,1.58,0.7,1.27
401cdeaf2fceb1273b62962e3910ef13,haplotyping-pedigrees/ped3.F.recomb10-0.01-2.wcnf.gz,2.27,1.22,1.72,18.25,1.9,2.95,12.47
93851f18783890c973527f922ec190a7,haplotyping-pedigrees/ped2.G.recomb10-0.01-5.wcnf.gz,25.16,21.7,41.86,94.09,22.6,79.97,523.03
8eb9929a8cf77b42d1b8258ad294dcb6,haplotyping-pedigrees/ped2.G.recomb5-0.20-11.wcnf.gz,38.97,43.3,39.29,163.78,37.7,80.85,2165.6
cf039071f141815043e240b5760fb2a6,haplotyping-pedigrees/ped2.G.recomb10-0.20-14.wcnf.gz,49.53,29.33,59.18,114.46,46.01,100.19,2330.02
dbeaf555595d004c1792fff367ca37e7,haplotyping-pedigrees/ped2.G.recomb10-0.10-8.wcnf.gz,31.37,22.74,40.72,105.9,27.12,76.41,1047.91
741cadccc2cb2be3a6ed5a2bb54467ba,haplotyping-pedigrees/ped3.G.recomb10-0.10-10.wcnf.gz,6.29,7.55,7.16,43.17,5.47,11.78,310.26
75b816a13b06d9783993cb00c96519f7,haplotyping-pedigrees/ped2.G.recomb5-0.01-4.wcnf.gz,12.78,5.46,15.77,65.58,10.32,29.01,76.71
df5497c587c0f3fef709c41ccecebcae,hs-timetabling/BrazilInstance6.xml.wcnf.gz,3600.0,3600.0,3600.0,3600.0,3600.0,3600.0,3600.0
aea9c8a623c49be4cc7891a6cc0f73d0,hs-timetabling/BrazilInstance1.xml.wcnf.gz,3600.0,3600.0,3600.0,3600.0,3600.0,3600.0,3600.0
6822ca2cc37207e6b3f88d94d3210c74,hs-timetabling/BrazilInstance7.xml.wcnf.gz,3600.0,3600.0,3600.0,3600.0,3600.0,3600.0,3600.0
4bcbd8862bb9b5a06133d0c2289ed908,hs-timetabling/ItalyInstance1.xml.wcnf.gz,569.0,2642.4,120.56,3600.0,1063.47,196.69,759.28
4774f189878eb33d53d29cda34e728f8,hs-timetabling/ItalyInstance4.xml.wcnf.gz,3600.0,3600.0,3600.0,3600.0,3600.0,3600.0,3600.0
64f0b64f0470368037824092394df3fe,hs-timetabling/BrazilInstance2.xml.wcnf.gz,3600.0,3600.0,3600.0,3600.0,3600.0,3600.0,3600.0
a9c98e116504b85319672f5f416c3837,hs-timetabling/BrazilInstance5.xml.wcnf.gz,3600.0,3600.0,3600.0,3600.0,3600.0,3600.0,3600.0
e06918db36a26edf2cd4c46e386043f6,hs-timetabling/FinlandSecondarySchool.xml.wcnf.gz,3600.0,3600.0,3600.0,3600.0,3600.0,3600.0,3600.0
5c8e2b1ca0c3fd0267e266ab6acaf1b8,hs-timetabling/BrazilInstance4.xml.wcnf.gz,3600.0,3600.0,3600.0,3600.0,3600.0,3600.0,3600.0
c5eecffbb6d5619ace9a570d48d9d241,lisbon-wedding/lisbon-wedding-4-18.wcnf.gz,48.91,3577.47,25.95,3600.0,15.77,45.49,1693.72
aa35b2efa48005d10c329819ba3a506e,lisbon-wedding/lisbon-wedding-1-18.wcnf.gz,115.17,3600.0,80.0,3600.0,153.3,100.71,1725.51
34519d4da3de2d9377578bd380ef842e,lisbon-wedding/lisbon-wedding-9-18.wcnf.gz,596.0,3600.0,3600.0,3600.0,608.12,3600.0,3171.21
062615a558dd4880fad3a2fc600a7d91,lisbon-wedding/lisbon-wedding-5-19.wcnf.gz,3600.0,3600.0,42.81,3600.0,3600.0,75.89,3581.82
12c0a0daa301ed7502141d7f6ee92314,lisbon-wedding/lisbon-wedding-1-17.wcnf.gz,3600.0,3600.0,3600.0,3600.0,3600.0,3600.0,3600.0
248b1e8a2957fa99a988bddeaedd6524,lisbon-wedding/lisbon-wedding-7-18.wcnf.gz,3600.0,3600.0,3600.0,3600.0,3600.0,3600.0,3600.0
e7e553dcfc89f575a2167eaf22d2c940,lisbon-wedding/lisbon-wedding-10-19.wcnf.gz,3600.0,3600.0,3600.0,3600.0,3600.0,3600.0,3600.0
580ab85fb784d743de3c0f9c3ed2bb39,lisbon-wedding/lisbon-wedding-5-17.wcnf.gz,21.03,2255.82,3600.0,3600.0,20.8,3600.0,1172.81
ca527d9b4fd26daddd82ace0cfa0f16e,lisbon-wedding/lisbon-wedding-7-19.wcnf.gz,3600.0,3600.0,3600.0,3600.0,3600.0,3600.0,3600.0
f514a7cbe7bfaecef9e0a28f509165d6,lisbon-wedding/lisbon-wedding-9-17.wcnf.gz,336.0,3600.0,3600.0,3600.0,377.53,3600.0,3600.0
1aaaf7e279ccbc25f769c6d3e58e0923,lisbon-wedding/lisbon-wedding-1-19.wcnf.gz,3600.0,3600.0,3600.0,3600.0,3600.0,3600.0,3600.0
98acd3873cae90a1a07409ada0862436,lisbon-wedding/lisbon-wedding-3-17.wcnf.gz,49.24,3600.0,24.0,3600.0,81.92,20.48,557.84
5cf42b54c195e40d0d356d1e1c7f7025,max-prob-min-cuts_barrere/test52--n-7500.wcnf.gz,6.05,0.07,4.06,42.49,5.06,4.07,0.2
f37be563069ddc24f729389ff2aaa743,max-prob-min-cuts_barrere/test55--n-7500.wcnf.gz,1.61,64.47,2.91,24.66,0.58,2.9,0.17
9f5d1a3e86fcf06010bf320a23356c3a,max-prob-min-cuts_barrere/test79--n-10000.wcnf.gz,34.19,0.43,11.17,101.67,18.68,11.18,0.37
b88d459d0048fd3efc1ff6d0f5c6f291,max-prob-min-cuts_barrere/test61--n-10000.wcnf.gz,29.39,0.39,16.31,180.3,6.24,16.36,1.28
bf1041b2c77865c2ba1005f42fc5cbbe,max-prob-min-cuts_barrere/test8--n-2500.wcnf.gz,1.17,0.2,0.72,9.03,0.88,0.72,0.06
c1e55c593f74a9d9590e45bb2ef39922,max-prob-min-cuts_barrere/test30--n-5000.wcnf.gz,9.97,0.3,3.87,41.32,2.22,3.9,0.5
4a0b88760863b741878ab066d85f305a,max-prob-min-cuts_barrere/test49--n-7500.wcnf.gz,6.99,53.16,6.99,83.96,0.69,6.97,0.12
4c68dc73ad5c78d2acc9a4efa0c18f2a,max-prob-min-cuts_barrere/test42--n-7500.wcnf.gz,3.85,0.15,2.79,34.44,1.78,2.79,0.62
a25b17f733291201ce43621c2e72f80a,max-prob-min-cuts_barrere/test13--n-2500.wcnf.gz,0.35,2.74,0.45,10.59,0.84,0.46,0.04
225e86daee64950b9ee6b603a9bf4601,max-prob-min-cuts_barrere/test23--n-5000.wcnf.gz,1.91,11.86,2.13,42.82,0.33,2.23,0.09
1135012477ab1d68507dcd16e0dd327a,max-prob-min-cuts_barrere/test41--n-7500.wcnf.gz,7.66,0.8,4.73,50.54,2.13,4.72,0.04
6d80876f059d14968c5859846a0d6422,max-prob-min-cuts_barrere/test72--n-10000.wcnf.gz,13.24,0.35,6.14,59.27,6.49,6.14,0.43
5c04f9e06b130ff5d2c3388ed4d7e144,max-realizability/power-distribution_9_2.wcnf.gz,0.02,0.02,0.01,0.04,0.49,0.01,0.09
5c3f81d2303e5560a43c11174ff305fd,max-realizability/power-distribution_8_2.wcnf.gz,0.08,0.02,0.02,0.1,11.17,0.02,0.08
be03488598df7043fced4933040461aa,max-realizability/power-distribution_12_3.wcnf.gz,0.51,0.36,0.33,1.81,601.01,0.32,0.52
11c4b3f062a3d35279b34a04adbd2a4a,max-realizability/power-distribution_11_3.wcnf.gz,0.24,0.24,0.22,1.06,601.04,0.3,0.31
689f7cd3fbadcef39d37839b29153296,max-realizability/power-distribution_6_7.wcnf.gz,9.62,6.29,5.11,27.11,611.17,5.15,8.53
757ec27cd17d48d75c9fabdf0eaaf0d6,max-realizability/power-distribution_3_7.wcnf.gz,0.64,0.43,0.4,2.79,0.62,0.41,0.98
982fefbe52ab8f34670a3ed33859ba57,max-realizability/power-distribution_6_6.wcnf.gz,0.93,0.77,1.57,3.86,601.15,1.7,1.13
b416e4c676445e682820f85eb0469e27,max-realizability/power-distribution_12_4.wcnf.gz,4.71,5.35,1.68,15.7,4.75,1.22,1.95
4cd43fb32a4254d45f1a3f9d0cad29e7,max-realizability/power-distribution_10_2.wcnf.gz,0.03,0.02,0.02,0.11,105.77,0.02,0.04
e5658177ad0d396b19beb262fb686def,max-realizability/power-distribution_6_2.wcnf.gz,0.01,0.01,0.01,0.03,0.38,0.01,0.14
4edd9134fc10bbac90ec4ab73e1b469a,max-realizability/power-distribution_6_3.wcnf.gz,0.04,0.02,0.02,0.11,13.72,0.02,0.05
afeef3fec0bd1899a3794632e39bd683,max-realizability/power-distribution_10_3.wcnf.gz,0.17,0.11,0.15,0.65,600.3,0.19,0.16
b770cdd5d853062444f4b09b53974149,maxcut/dimacs_mod/brock400_2.clq.wcnf.gz,3600.0,3600.0,3600.0,3600.0,3600.0,3600.0,3600.0
b256e59d70ae7a2675bab0ec8d17eeff,maxcut/dimacs_mod/c-fat500-5.clq.wcnf.gz,0.43,3600.0,0.65,3600.0,1.09,1.23,0.57
d8c8e373810cbaadb364a3485251cc0e,maxcut/dimacs_mod/c-fat200-1.clq.wcnf.gz,0.01,0.01,0.01,0.03,0.06,0.02,0.02
b96350d5639c318e5bcd87dd26f141de,maxcut/dimacs_mod/p_hat1000-2.clq.wcnf.gz,3600.0,3600.0,3600.0,3600.0,38.05,3600.0,509.01
aa865333ec75150f03b1160a2e00778c,maxcut/dimacs_mod/c-fat200-2.clq.wcnf.gz,0.05,89.48,0.05,0.19,0.3,0.07,0.11
adcb99dce5ac94bafce1e7360dcac45c,maxcut/dimacs_mod/johnson16-2-4.clq.wcnf.gz,3600.0,3600.0,3600.0,3600.0,123.87,3600.0,256.52
c82d31b61c18c89be1f70632c7d4cb6f,maxcut/dimacs_mod/brock200_3.clq.wcnf.gz,3600.0,3600.0,3600.0,3600.0,302.08,3600.0,759.01
1962b49da8d1404e963747f867dbf2b1,maxcut/dimacs_mod/p_hat700-2.clq.wcnf.gz,3600.0,3600.0,3600.0,3600.0,44.15,3600.0,344.0
504a70a17555fceb2b144849bfa01f1c,maxcut/dimacs_mod/hamming6-4.clq.wcnf.gz,3600.0,3600.0,3600.0,3600.0,148.0,3600.0,82.01
4dab8663acbf38ddf6fa15842e6ce866,maxcut/dimacs_mod/MANN_a45.clq.wcnf.gz,3600.0,3600.0,3600.0,3600.0,3600.0,3600.0,3600.0
746a5b011e3a9e797959f3f63b655777,maxcut/dimacs_mod/johnson8-2-4.clq.wcnf.gz,451.37,479.84,720.41,3600.0,5.48,1757.69,5.68
e05d168a54778616762aa4e644e2e091,maxcut/dimacs_mod/p_hat300-3.clq.wcnf.gz,3600.0,3600.0,3600.0,3600.0,3600.0,3600.0,3600.0
2a16351b3bd1ec6bc8f525301eb3d0a8,metro/metro_8_8_5_20_10_6_500_1_9.lp.sm-extracted.wcnf.gz,43.66,92.81,484.2,1057.43,49.96,561.16,1064.77
20aaa2eb9e8178b5bd5f03bbc96b1b09,metro/metro_8_8_5_20_10_6_500_1_0.lp.sm-extracted.wcnf.gz,7.43,27.6,132.97,403.12,7.56,413.27,416.15
f42ff850de91b7073d2832c1056746e0,metro/metro_8_8_5_20_10_6_500_1_3.lp.sm-extracted.wcnf.gz,456.18,623.39,3600.0,3600.0,511.79,3600.0,3600.0
856540b1277e2ca1f6a9736e20532ce7,metro/metro_8_8_5_20_10_6_500_1_1.lp.sm-extracted.wcnf.gz,43.61,84.71,397.24,1157.32,43.92,579.11,564.38
be3c1ff3d6f0396c76f40cb36e11efba,metro/inst22.lp.sm-extracted.wcnf.gz,10.71,8.49,22.38,43.33,10.52,51.85,30.36
2327cf2c65477ffdfba4286e2f0b4b8e,metro/metro_9_9_10_35_13_7_500_2_2.lp.sm-extracted.wcnf.gz,6.22,49.63,107.67,97.56,5.93,255.81,100.31
a6a55b1ca15106193b2fe0c9f229bb07,metro/metro_9_8_7_22_10_6_500_1_2.lp.sm-extracted.wcnf.gz,6.7,20.51,30.03,127.29,6.36,52.29,31.43
a8cdd3b60255e0fb59dca9aeec6bbdd1,metro/metro_9_9_10_35_13_7_500_2_6.lp.sm-extracted.wcnf.gz,3.07,21.4,25.36,27.56,2.74,75.57,16.92
39250e93204c19c0248e9247e007e229,metro/metro_9_8_7_22_10_6_500_1_1.lp.sm-extracted.wcnf.gz,6.74,20.91,51.54,87.21,7.9,102.12,82.46
c3e7db201323c1d5c45e03a5955516b5,metro/metro_9_9_10_35_13_7_500_2_4.lp.sm-extracted.wcnf.gz,8.4,49.05,84.14,151.52,8.1,246.89,74.53
463772c12f730c6d89ccf37ad0c2676b,metro/metro_9_8_7_30_10_6_500_1_6.lp.sm-extracted.wcnf.gz,6.47,32.85,70.78,262.86,7.02,136.66,51.69
7be20a42385b105474d229e1f427657a,metro/metro_9_8_7_22_10_6_500_1_9.lp.sm-extracted.wcnf.gz,1.87,3.73,9.07,15.47,1.86,29.13,30.3
4219fa215a76d620b6c308f1902b5554,min-width/MinWidthCB_mitdbsample_300_64_1k_6s_1t_6.wcnf.gz,3600.0,3600.0,3600.0,3600.0,3600.0,3600.0,3600.0
967d3a17a17e87a966bfa0a0bc1ff944,min-width/MinWidthCB_power_600_24_1k_6s_1t_6.wcnf.gz,22.48,45.83,609.22,3600.0,617.84,2190.7,3600.0
c0de89dbfbae808bab4aef8414fca7e8,min-width/MinWidthCB_mitdbsample_300_32_1k_6s_1t_6.wcnf.gz,3600.0,206.57,3600.0,3600.0,3600.0,3600.0,3600.0
e11cb1e6b4516cb7c42e38b5f9ff5ce4,min-width/MinWidthCB_mitdbsample_300_64_1k_15s_2t_17.wcnf.gz,3600.0,3600.0,3600.0,3600.0,3600.0,3600.0,3600.0
a05eac66842ef60e01ef972d008c55d8,min-width/MinWidthCB_milan_100_12_1k_5s_2t_7.wcnf.gz,0.4,5.44,0.49,2.86,600.46,0.66,0.39
acd927369ec2eee97f41adc55c3c0f1c,min-width/MinWidthCB_mitdbsample_100_43_1k_5s_1t_7.wcnf.gz,3600.0,3600.0,3600.0,3600.0,3600.0,3600.0,3600.0
02dc960af24daa6a31e3b0c91acd6758,min-width/MinWidthCB_mitdbsample_300_32_1k_15s_1t_15.wcnf.gz,3600.0,3600.0,3600.0,3600.0,3600.0,3600.0,3600.0
b9b571e1ff0ba0622223122864d7c47a,min-width/MinWidthCB_power_200_24_1k_4s_1t_6.wcnf.gz,3600.0,161.46,3600.0,3600.0,3600.0,3600.0,3600.0
7e9ffce60b47380bdf1a0db780691044,min-width/MinWidthCB_milan_200_12_1k_2s_2t_4.wcnf.gz,0.13,1.61,0.19,0.3,11.05,0.26,0.18
5f31aff082e4ca483d3ac4d58a88b77c,min-width/MinWidthCB_milan_100_12_1k_2s_1t_2.wcnf.gz,0.02,0.25,0.03,0.26,0.23,0.04,0.03
ffb2bd6e21a0676437f1ba2ae3af0985,min-width/MinWidthCB_mitdbsample_100_32_1k_5s_2t_7.wcnf.gz,3600.0,127.07,3600.0,3600.0,3600.0,3600.0,3600.0
1039e957a0852b12fa471524785e600c,min-width/MinWidthCB_milan_200_12_1k_10s_2t_10.wcnf.gz,1.28,12.39,1.69,4.31,601.39,2.31,0.63
5935052538fb32f5e54dd984ca94fde8,mpe/random-net-60-1_network-5.net.wcnf.gz,0.41,19.2,0.66,0.58,3.5,0.9,0.18
1c1f75abd84b5d120ba5e51d48b2a8db,mpe/random-net-60-2_network-2.net.wcnf.gz,3600.0,139.64,129.44,3600.0,3600.0,1296.32,113.52
a3f12bc289dc4c45421f22cd6c3ddc35,mpe/random-net-50-5_network-4.net.wcnf.gz,3600.0,3600.0,3600.0,3600.0,3600.0,3600.0,3600.0
96893d2c70ab2e15e02478f3a60bfa5b,mpe/random-net-100-1_network-5.net.wcnf.gz,0.85,3600.0,2.11,1655.02,2.03,2.3,0.29
628485b5e8e4440901f7107d907ed824,mpe/random-net-180-1_network-2.net.wcnf.gz,3600.0,1944.57,6.18,3600.0,26.12,9.87,0.74
c341484c6b8b35c665045efc40d67e07,mpe/random-net-280-1_network-3.net.wcnf.gz,3600.0,972.26,12.65,3600.0,48.32,17.02,20.15
d220310b2a1fe4093441a9145a318536,mpe/random-net-260-1_network-6.net.wcnf.gz,3600.0,290.74,12.41,3600.0,42.62,39.66,10.39
11aff2de0eb24a08994a2348e43e6262,mpe/random-net-100-1_network-6.net.wcnf.gz,4.31,37.6,2.18,3600.0,9.04,6.32,0.27
f4759d35eb1d6f8fc29e3e2d61bb9790,mpe/random-net-30-6_network-9.net.wcnf.gz,3600.0,37.69,3600.0,3600.0,3600.0,3600.0,401.66
ddb4e61d001e4579b7a0c257a87be67c,mpe/random-net-40-5_network-8.net.wcnf.gz,3600.0,120.25,3600.0,3600.0,3600.0,3600.0,1295.02
e2a2cf13107e135835c985f756717018,mpe/random-net-50-3_network-10.net.wcnf.gz,3600.0,37.68,3600.0,3600.0,3600.0,3600.0,3600.0
d56e6ea76051377a4bea9f3b63129325,mpe/random-net-50-2_network-10.net.wcnf.gz,53.01,46.9,3.97,3600.0,58.06,14.63,9.03
6892d07c0b8f073645ea8108826d4fef,planning/wcsp/depot01cc.wcsp.dir.wcnf.gz,0.02,0.04,0.02,0.03,0.32,0.01,0.02
97e8ac5b87d81610789b78803cbf4374,planning/wcsp/driverlog01cc.wcsp.dir.wcnf.gz,0.01,0.01,0.01,0.02,0.1,0.02,0.02
5e1bc20fbb26b7398fd5cddff33f45ca,planning/wcsp/driverlog04cc.wcsp.dir.wcnf.gz,0.09,0.12,0.05,0.44,3.36,0.05,0.09
6d2beb338f93b9954e1d28d2aa195284,planning/wcsp/mprime03c.wcsp.dir.wcnf.gz,0.01,0.01,0.01,0.01,0.04,0.01,0.02
aa329e4120134e52b8feb46ea384aa8c,planning/wcsp/mprime01cc.wcsp.dir.wcnf.gz,0.09,0.04,0.02,0.14,3.45,0.02,0.09
86de7daf223cac28060389b3d2860259,planning/wcsp/logistics01c.wcsp.dir.wcnf.gz,0.01,0.02,0.01,0.06,0.2,0.02,0.02
5bd8712aac68676f9e0e84c257731046,planning/wcsp/driverlog02bc.wcsp.dir.wcnf.gz,0.11,0.18,0.12,1.91,24.19,0.15,0.46
493212ef0a1ac7aad5c9df2f6cdd9a73,planning/min-enc/driverlog02cc.wcsp.wcnf.gz,0.18,0.23,0.2,1.03,27.88,0.27,0.34
4df94075e5b2fa5c25f67d396548f1cb,planning/min-enc/bwt7.wcsp.wcnf.gz,0.7,0.08,0.1,1.24,0.59,0.1,0.49
49b60ada38d1f69cdaad87705611f144,planning/min-enc/driverlog02bc.wcsp.wcnf.gz,0.21,0.2,0.25,1.88,39.15,0.55,0.58
7567abf115ed78019f5883f17b91a5a7,planning/min-enc/bwt3cc.wcsp.wcnf.gz,0.01,0.01,0.01,0.02,0.06,0.01,0.01
5c234356f803d0b132a60ce9c9666aa4,planning/min-enc/driverlog04cc.wcsp.wcnf.gz,0.14,0.2,0.12,0.85,7.52,0.14,0.16
49a4471a8374d73e7d316d3002d8c7f3,preference_planning/WCNF_storage_p01.wcnf.gz,0.01,0.03,0.01,0.04,0.61,0.01,0.09
b2bdcd63a4918ff09285c0392189a367,preference_planning/WCNF_pathways_p17.wcnf.gz,46.51,46.06,144.49,629.95,45.52,191.94,91.59
51486eca745fd21239f1c1f48933a04b,preference_planning/WCNF_pathways_p11.wcnf.gz,0.15,0.04,0.07,0.45,166.28,0.1,0.2
43232ddc56422bbe241620ccc3e05b4d,preference_planning/WCNF_pathways_p08.wcnf.gz,4.67,3.66,3.89,49.63,603.73,5.67,5.85
96e39322b15bdd29318dda58814a39d2,preference_planning/WCNF_pathways_p04.wcnf.gz,0.04,0.02,0.02,0.12,12.73,0.02,0.05
41e3f8970f202ab9b6149f8bd72928bf,preference_planning/WCNF_pathways_p01.wcnf.gz,0.01,0.01,0.01,0.05,1.27,0.01,0.02
05329c9e3abc8b76438dd62f2feb948b,preference_planning/WCNF_storage_p06.wcnf.gz,0.51,0.31,0.36,5.32,419.56,0.64,1.65
8e295e49dca7b0ddbe956206bcde4034,preference_planning/WCNF_pathways_p02.wcnf.gz,0.02,0.01,0.01,0.06,1.18,0.01,0.03
b0c1c095a569daf1beba3c5f901cb4d5,preference_planning/WCNF_pathways_p07.wcnf.gz,10.96,5.95,17.25,60.31,615.67,27.66,17.43
b37bd1c7c868d11d1b3c5c83eb37555e,preference_planning/WCNF_pathways_p09.wcnf.gz,0.32,0.28,0.26,0.85,601.89,0.38,0.4
a4ae27da7c71a9ac87e3bf47fc6636ea,preference_planning/WCNF_pathways_p20.wcnf.gz,1.17,0.91,1.4,4.11,601.51,2.19,2.58
15d882f3a46e93dba1b157d9b9c6ccb2,preference_planning/WCNF_storage_p07.wcnf.gz,7.3,7.37,16.79,540.49,7.62,30.17,59.1
c3c28a7b302037146fb201ee42798ea6,protein_ins/p1.wcnf.t.wcnf.gz,166.91,146.75,126.61,3600.0,198.78,199.26,238.3
fdd23ac46e35e4f2d8e61f49d6820678,protein_ins/1bpi_.5pti_.g.wcnf.t.wcnf.gz,105.27,25.1,18.33,3600.0,100.55,21.68,266.62
cd67de163210b4297e1260c04300daf2,protein_ins/1vii_.1cph_.g.wcnf.t.wcnf.gz,0.1,0.02,0.01,0.22,3.07,0.02,0.41
d620c88a39f39ee08d86c236b727b522,protein_ins/1knt_.2knt_.g.wcnf.t.wcnf.gz,20.0,2.08,1.54,51.36,18.98,2.06,22.44
ea2a3bce452df0f370ac8053c25adab6,protein_ins/6ebx_.1era_.g.wcnf.t.wcnf.gz,59.17,38.08,38.98,3600.0,48.03,58.81,236.83
f4811b8f8928b933da326e69807b3525,protein_ins/1bpi_.2knt_.g.wcnf.t.wcnf.gz,127.83,97.66,77.36,3600.0,153.97,138.27,436.58
155f9b22b706d04986e8df4500417c86,protein_ins/sandiaprotein.g.wcnf.t.wcnf.gz,66.33,40.63,39.85,3600.0,60.94,28.16,174.92
5f484fb83abf1cf14d92abc09a185eef,protein_ins/3ebx_.6ebx_.g.wcnf.t.wcnf.gz,23.38,11.33,7.95,1091.55,26.0,8.02,96.96
46f1a3f8a26638731e4acaf750df0f93,protein_ins/1knt_.5pti_.g.wcnf.t.wcnf.gz,78.95,45.96,34.57,3600.0,64.07,46.32,196.35
a86f5c6b9f7a4eb0a35288a9e102d6f4,protein_ins/2knt_.5pti_.g.wcnf.t.wcnf.gz,84.6,52.08,3600.0,3600.0,61.58,29.32,165.92
995aa7739b60270e5db3650dd1507b04,protein_ins/3ebx_.1era_.g.wcnf.t.wcnf.gz,151.05,153.09,109.77,3600.0,130.8,167.78,326.11
5573f037b9bb7877b6ba98186ebd9f0c,protein_ins/1knt_.1bpi_.g.wcnf.t.wcnf.gz,116.14,79.89,98.31,3600.0,93.53,44.51,264.23
71c7677bcd3bf25c571954daf10b52de,pseudoBoolean/factor/normalized-factor-size=9-P=107-Q=373.opb.wcnf.gz,0.02,0.01,0.02,0.05,1.31,0.01,0.02
7ac11dabdf2b4c9e45f5334d1eb66bb3,pseudoBoolean/factor/normalized-factor-size=9-P=263-Q=367.opb.wcnf.gz,0.02,0.01,0.01,0.07,1.64,0.01,0.03
0794c700031599e4627bdf541e5b247a,pseudoBoolean/factor/normalized-factor-size=9-P=89-Q=487.opb.wcnf.gz,0.02,0.01,0.02,0.07,1.43,0.02,0.02
a751dd164ac5ad3a893a357df79d6c9b,pseudoBoolean/factor/normalized-factor-size=9-P=157-Q=373.opb.wcnf.gz,0.02,0.01,0.01,0.08,1.86,0.01,0.03
fb0ba67213c833158a185e7db290bc0a,pseudoBoolean/factor/normalized-factor-size=9-P=149-Q=509.opb.wcnf.gz,0.02,0.01,0.01,0.07,1.75,0.01,0.02
b4f25a8704e96fbc82f1459ad1252d81,pseudoBoolean/factor/normalized-factor-size=9-P=157-Q=163.opb.wcnf.gz,0.02,0.02,0.01,0.06,1.17,0.01,0.03
18d5ac508cecb583e2af769e0ac6a2f8,pseudoBoolean/factor/normalized-factor-size=9-P=127-Q=211.opb.wcnf.gz,0.01,0.01,0.01,0.07,1.42,0.01,0.02
bad071da156ffd8444782428c6734b78,pseudoBoolean/factor/normalized-factor-size=9-P=127-Q=359.opb.wcnf.gz,0.02,0.01,0.01,0.07,1.45,0.01,0.01
546915d82d3b98dd68d3082f7a673246,pseudoBoolean/factor/normalized-factor-size=9-P=23-Q=379.opb.wcnf.gz,0.01,0.01,0.01,0.06,0.85,0.01,0.02
e9e1c415da0bfca8c0c280afd580b9d1,pseudoBoolean/factor/normalized-factor-size=9-P=331-Q=331.opb.wcnf.gz,0.02,0.01,0.01,0.06,1.83,0.01,0.03
46efcc6b528c73bb748f4afa2a19f5cb,pseudoBoolean/factor/normalized-factor-size=9-P=307-Q=449.opb.wcnf.gz,0.02,0.01,0.01,0.05,1.64,0.01,0.02
d756b6b5790d90e34a9d61dcdf716d10,pseudoBoolean/factor/normalized-factor-size=9-P=191-Q=509.opb.wcnf.gz,0.01,0.01,0.01,0.07,1.68,0.01,0.02
70c187c72cfb2265c89d01b34fdaa111,qcp/file_qc_wcnf_N9_H48_1.wcnf.gz,0.11,0.06,0.25,0.19,5.35,0.34,0.26
f44c87a4ea96eaa57562e1dd587fab3d,qcp/file_qc_wcnf_N9_H48_3.wcnf.gz,0.25,0.07,0.15,0.2,13.98,0.15,0.16
ae53abd18f25b394fc1d2fbc5a94511c,qcp/file_qc_wcnf_N6_H21_2.wcnf.gz,0.02,0.01,0.02,0.05,0.26,0.03,0.04
7d4fa7b06e5fbb0d31af352f1d2d1ba2,qcp/file_qc_wcnf_N6_H21_1.wcnf.gz,0.02,0.01,0.03,0.04,0.15,0.04,0.02
f9127bc5f03d62ce933154110766a7ae,qcp/file_qc_wcnf_N8_H38_0.wcnf.gz,0.05,0.05,0.12,0.12,2.0,0.14,0.17
17f9417163fbde0d19bff57396694be6,qcp/file_qc_wcnf_N8_H38_2.wcnf.gz,0.06,0.07,0.07,0.17,4.39,0.07,0.39
040ea374bd42ebda8f35bf91bfe11958,qcp/file_qc_wcnf_N7_H29_2.wcnf.gz,0.04,0.02,0.08,0.06,0.6,0.14,0.03
3b6fea17c7e910857536370a927d1d8e,qcp/file_qc_wcnf_N10_H60_4.wcnf.gz,0.41,0.53,1.33,0.41,30.73,2.91,0.45
8a7839e6c80ed1e057d0fbcd9d7ef666,qcp/file_qc_wcnf_N10_H60_1.wcnf.gz,0.48,0.39,0.32,0.38,104.73,0.33,0.38
f30ccb25410cc988f627380f5b7b8b03,qcp/file_qc_wcnf_N10_H60_3.wcnf.gz,0.21,0.1,0.69,0.34,11.15,1.0,0.11
b2ae2ab27e135061ee8386167520cda5,qcp/file_qc_wcnf_N8_H38_3.wcnf.gz,0.06,0.03,0.06,0.13,0.37,0.06,0.05
4cae6176fa8dd9e9e52ffeb94ab21356,qcp/file_qc_wcnf_N6_H21_0.wcnf.gz,0.02,0.01,0.03,0.04,0.18,0.03,0.05
6ad341a03765d944df57fa97b9500846,railroad_reisch/weighted/MultiDay_4_weighted.wcnf.gz,3600.0,3600.0,3600.0,3600.0,3600.0,3600.0,3600.0
b1d0245506ad3936f2ff33ac63280e07,railroad_reisch/weighted/Subnetwork_9_weighted.wcnf.gz,3600.0,3600.0,3600.0,3600.0,3600.0,3600.0,469.16
75701632104e3e597dc815a0a33e74fb,railroad_reisch/weighted/MultiDay_2_weighted.wcnf.gz,3600.0,3600.0,3600.0,3600.0,3600.0,3600.0,3600.0
aa5346e0caf38f37610f288c71c581ed,railroad_reisch/weighted/SingleDay_37_weighted.wcnf.gz,3600.0,3600.0,3600.0,3600.0,3600.0,3600.0,3600.0
91d8278936cbdcddeb77a55e9deb0b46,railroad_reisch/weighted/Subnetwork_7_weighted.wcnf.gz,3600.0,3600.0,3600.0,3600.0,3600.0,3600.0,210.03
7e0aa11845ef1a9ca9a4dde2109e4fca,railroad_reisch/weighted/MultiDay_3_weighted.wcnf.gz,3600.0,3600.0,3600.0,3600.0,3600.0,3600.0,3600.0
f891f513398f55ca8de1bd6bf72753c8,railroad_reisch/weighted/SingleDay_15_weighted.wcnf.gz,3600.0,3600.0,3600.0,3600.0,3600.0,3600.0,3600.0
d63044df54ba70ede3011831ecf15fed,railroad_reisch/weighted/SingleDay_3_weighted.wcnf.gz,3600.0,3600.0,3600.0,3600.0,3600.0,3600.0,14.53
f22a9b93914330eb63ccccd293d632be,railway-transport/bf2030fvslack.wcnf.gz,3600.0,3600.0,3600.0,3600.0,3600.0,3600.0,3600.0
ae9f667f8c9e86649c7b57aee0a1b945,railway-transport/f2030.wcnf.gz,3600.0,261.52,175.0,3600.0,1714.32,3600.0,3600.0
dba3af5b4fb143b01fe017337feeee9f,railway-transport/wg2.wcnf.gz,3600.0,3600.0,3600.0,3600.0,3600.0,3600.0,3600.0
bf312e3713f08c2baff18d90037798e9,railway-transport/bf2030fvcons.wcnf.gz,328.92,297.57,220.15,3600.0,395.52,393.32,85.26
e663d06d76208c5e2c8766771ab8fdfc,railway-transport/r11.wcnf.gz,3600.0,3600.0,3600.0,3600.0,3600.0,3600.0,3600.0
02579269d1651bee4cbb66dca9a3edf1,ramsey/ram_k3_n12.ra1.wcnf.gz,172.08,205.55,3600.0,1827.98,787.5,3600.0,3600.0
baa5bcfd9f2c520925e7c5c288aa9368,ramsey/ram_k3_n10.ra1.wcnf.gz,17.08,8.09,53.61,6.96,122.66,79.17,66.77
d47174388e96ddf55f5d42fd3815214c,ramsey/ram_k4_n20.ra1.wcnf.gz,3600.0,3600.0,3600.0,3600.0,3600.0,3600.0,3600.0
718a9f53f00f082b96c2e19e19324a36,ramsey/ram_k3_n20.ra1.wcnf.gz,3600.0,3600.0,3600.0,3600.0,3600.0,3600.0,3600.0
1d25f6c483abd093d16edfd0efd23645,ramsey/ram_k3_n11.ra1.wcnf.gz,45.78,44.61,542.17,161.22,642.95,1357.55,1035.38
09eadcd1e14584958f8ead92b9e5845f,ramsey/ram_k3_n16.ra1.wcnf.gz,3600.0,3600.0,3600.0,3600.0,3600.0,3600.0,3600.0
3860ef146279b2a9db5004d9d343c8b7,ramsey/ram_k3_n9.ra1.wcnf.gz,0.12,0.33,0.21,0.58,25.1,0.18,0.15
1f99554bef2bc4a122bde358bdf0ec4c,ramsey/ram_k4_n19.ra1.wcnf.gz,3600.0,3600.0,3600.0,3600.0,3600.0,3600.0,3600.0
6ab5b1a992bbea7115fbd6fca0a4c300,ramsey/ram_k3_n13.ra1.wcnf.gz,3600.0,3600.0,3600.0,3600.0,3600.0,3600.0,3600.0
8c0d647335a376b8256d3d60a96f4a14,ramsey/ram_k3_n18.ra1.wcnf.gz,3600.0,3600.0,3600.0,3600.0,3600.0,3600.0,3600.0
ea3423e18d1fa7fdabf2c1717b386cfd,ramsey/ram_k3_n15.ra1.wcnf.gz,3600.0,3600.0,3600.0,3600.0,3600.0,3600.0,3600.0
fb48b2dfc2a341a8fcf6c31e6e1f5090,ramsey/ram_k3_n19.ra1.wcnf.gz,3600.0,3600.0,3600.0,3600.0,3600.0,3600.0,3600.0
dd0b0480ef3f988ef4c941035c98e63e,relational-inference/ar-3.wcnf.gz,8.01,3600.0,5.74,3600.0,2.58,5.81,0.55
bf916f1f3d6a25890392025b7d961299,relational-inference/rc-2.wcnf.gz,55.79,3600.0,47.24,734.53,47.52,46.64,2.39
ea49ec4c183e647851408976bea44146,relational-inference/rc-3.wcnf.gz,56.02,3600.0,48.16,594.93,48.37,47.37,2.54
904f32d315ae7de10e3e9b9b0c1159f2,relational-inference/ar-2.wcnf.gz,2893.04,3600.0,782.71,3600.0,2437.59,780.08,26.49
8d50d71fc2445bbed796b9a48dfd72fa,relational-inference/pa-3.wcnf.gz,3600.0,3600.0,1692.28,3600.0,3600.0,2845.99,1817.63
0f1c52389db20638ea273317523fa709,relational-inference/pa-1.wcnf.gz,1307.35,3600.0,140.82,3600.0,1119.56,141.14,247.54
785b8ca328e9bb071a5c9ebd31c60b5d,relational-inference/ar-1.wcnf.gz,3.53,3600.0,4.47,3600.0,2.84,4.55,1.73
fcfeb7a452588be4899f26214fa8e23e,relational-inference/pa-2.wcnf.gz,3600.0,3600.0,1061.98,3600.0,3600.0,1054.43,1192.89
2dd65ba7c3748c04e0ba280cae35446c,rna-alignment/random-same-4.rna.pre.wcnf.gz,0.29,0.37,0.11,64.16,39.61,0.12,0.14
edfd08a55931220c9ed774ef5b777de4,rna-alignment/random-same-5.rna.pre.wcnf.gz,0.11,0.44,0.12,51.21,44.98,0.12,0.3
c8f894f14f9e0a9da76385548e5e9bb6,rna-alignment/k100-73-76.rna.pre.wcnf.gz,40.62,544.98,87.22,3600.0,51.23,79.72,513.6
deb807110e470d453af817275cdacd89,rna-alignment/random-dif-14.rna.pre.wcnf.gz,0.14,0.71,0.09,28.03,66.74,0.09,2.03
8886741fdd59270e9a54709417863afd,rna-alignment/k100-14-38.rna.pre.wcnf.gz,31.65,235.39,59.19,3600.0,30.52,61.64,316.61
15c75d633ab3faef4fd2fa6bbc6c9103,rna-alignment/k100-35-86.rna.pre.wcnf.gz,54.79,547.91,116.44,3600.0,58.45,123.65,1198.53
be2a4879f24be42561aa468cea5c399e,rna-alignment/random-same-20.rna.pre.wcnf.gz,0.24,0.48,0.19,48.19,52.79,0.19,0.32
9143140727d49c0533ea6b5ca7aac354,rna-alignment/random-same-19.rna.pre.wcnf.gz,0.09,0.16,0.06,6.59,12.46,0.06,0.11
9fd4630213e26c9a7e96eb6b993f27cd,rna-alignment/k100-38-60.rna.pre.wcnf.gz,28.68,213.36,62.54,3600.0,27.73,65.17,249.8
a4acb8303f8bf13924cf476d2098d428,rna-alignment/k100-42-56.rna.pre.wcnf.gz,37.18,295.96,59.46,3600.0,35.94,60.81,888.68
5b51415db5654cef6a16f573ff3a6c84,rna-alignment/random-dif-3.rna.pre.wcnf.gz,0.22,0.79,0.14,57.97,67.73,0.18,1.84
f772b81bbe9b68678056baf43963a7ce,rna-alignment/random-dif-21.rna.pre.wcnf.gz,0.15,1.19,0.15,90.82,105.3,0.21,5.6
81f41c6af4b3cb0b30a2388a83c4712e,scSequencing_Mehrabadi/simNo_4-s_5-m_100-n_50-fp_0.0001-fn_0.20.wcnf.gz,32.4,3600.0,1066.68,3600.0,32.08,2913.01,1835.04
2ba07d28ea1315cb2652e9e939e26975,scSequencing_Mehrabadi/simNo_7-s_5-m_100-n_100-fp_0.0001-fn_0.05.wcnf.gz,33.58,3600.0,107.41,3600.0,35.32,299.91,399.48
525bb7b659d7ef92fb2012c3efa8e401,scSequencing_Mehrabadi/simNo_10-s_5-m_100-n_100-fp_0.01-fn_0.20.wcnf.gz,3600.0,3600.0,3600.0,3600.0,3600.0,3600.0,3600.0
f6e1588881ab936df881164f53100d2d,scSequencing_Mehrabadi/simNo_8-s_15-m_100-n_50-fp_0.0001-fn_0.20.wcnf.gz,10.09,3600.0,19.51,12.31,9.38,24.58,30.43
b136c5b771c43aa64507cd269a3ff803,scSequencing_Mehrabadi/simNo_2-s_5-m_300-n_300-fp_0.01-fn_0.20.wcnf.gz,3600.0,3600.0,3600.0,3600.0,3600.0,3600.0,3600.0
2d655dead8d472a826a3d0beaca771f9,scSequencing_Mehrabadi/simNo_4-s_5-m_100-n_500-fp_0.01-fn_0.05.wcnf.gz,3600.0,3600.0,3600.0,3600.0,3600.0,3600.0,3600.0
8c3ff2ae69ed40c0076ee09b4fcff38f,scSequencing_Mehrabadi/simNo_2-s_15-m_100-n_500-fp_0.0001-fn_0.05.wcnf.gz,282.59,3600.0,510.96,145.06,268.08,660.08,418.54
99fa8b93df5e0a3380a4422503e898ee,scSequencing_Mehrabadi/simNo_7-s_15-m_50-n_50-fp_0.01-fn_0.05.wcnf.gz,1.34,57.38,0.77,3.35,1.08,1.0,1.42
3e7323d788387d9c137d2922120cf28e,scSequencing_Mehrabadi/simNo_10-s_5-m_100-n_500-fp_0.01-fn_0.05.wcnf.gz,3600.0,3600.0,3600.0,3600.0,3600.0,3600.0,3600.0
719f76d24ff414271f36cfcc56b018a0,scSequencing_Mehrabadi/simNo_1-s_15-m_100-n_500-fp_0.01-fn_0.20.wcnf.gz,3600.0,3600.0,3600.0,3600.0,3600.0,3600.0,3600.0
d504214dcc9df8983808d7e576d957ce,scSequencing_Mehrabadi/simNo_10-s_15-m_50-n_50-fp_0.0001-fn_0.20.wcnf.gz,1.38,121.71,0.94,4.25,1.09,1.23,1.52
a14e900d278fcaa890b78d190b9c8fa4,scSequencing_Mehrabadi/simNo_4-s_5-m_100-n_500-fp_0.0001-fn_0.05.wcnf.gz,3600.0,3600.0,3600.0,3600.0,3600.0,3600.0,3600.0
d8a778b6b8b6171a30ea666f5e93997b,security-witness_paxian/weighted/RSN_Security_Min_Witness-Shortest-MBIST_100cores_20controllers_5memories_na-D5.wcnf.gz,21.17,5.17,77.67,1079.21,18.66,77.27,11.47
dbe9b0a84f63ad517e7a18bc7f12cfc8,security-witness_paxian/weighted/RSN_Security_Min_Witness-Shortest-MBIST_100cores_20controllers_5memories_na-DF.wcnf.gz,21.07,5.59,89.46,3600.0,18.55,89.54,11.48
2caf940698a59ae749a963a8643b864c,security-witness_paxian/weighted/RSN_Security_Min_Witness-Shortest-MBIST_100cores_20controllers_5memories_na-DB.wcnf.gz,21.2,9.87,90.55,1396.02,3600.0,92.71,15.58
274462dbb63ab9cc6fdc2a97516c0dc0,security-witness_paxian/weighted/RSN_Security_Min_Witness-Shortest-MBIST_100cores_100controllers_5memories_na-D7.wcnf.gz,171.24,44.52,905.28,3600.0,157.79,876.71,59.21
82f7cbdac414319f5d5aab237c3aff6f,security-witness_paxian/weighted/RSN_Security_Min_Witness-Shortest-FlexScan-D5.wcnf.gz,3.44,105.84,62.57,527.2,2.8,62.45,4.4
9bf0f91755a95d3bee4f0f9670aa517a,security-witness_paxian/weighted/RSN_Security_Min_Witness-Shortest-FlexScan-DC.wcnf.gz,3.4,151.69,58.75,380.29,2.81,59.67,4.75
65553d93effb89fb63ee48666fcfd4cd,security-witness_paxian/weighted/RSN_Security_Min_Witness-Shortest-FlexScan-DB.wcnf.gz,3.46,147.22,59.7,321.62,2.88,60.39,4.55
0330403d2a206ac157aa96a794183f98,security-witness_paxian/weighted/RSN_Security_Min_Witness-Shortest-MBIST_100cores_100controllers_5memories_na-DE.wcnf.gz,113.42,19.7,21.44,3600.0,107.15,21.39,19.01
22a219476122873a706d7da06c1af938,security-witness_paxian/weighted/RSN_Security_Min_Witness-Shortest-MBIST_100cores_20controllers_5memories_na-D4.wcnf.gz,21.07,5.53,77.57,3600.0,18.61,76.0,11.45
4422c27f8ac2b034ce3dd8c56096b62d,security-witness_paxian/weighted/RSN_Security_Min_Witness-Shortest-MBIST_100cores_100controllers_5memories_na-D1.wcnf.gz,171.38,44.35,895.4,3600.0,158.03,881.67,59.14
a80b27efd6b911cc79b14edee83d1710,security-witness_paxian/weighted/RSN_Security_Min_Witness-Shortest-MBIST_100cores_20controllers_5memories_na-DC.wcnf.gz,21.67,8.11,95.84,3600.0,19.21,97.47,19.59
bed9cbd34d24a5c126cdb2d0c062762c,security-witness_paxian/weighted/RSN_Security_Min_Witness-Shortest-FlexScan-D1.wcnf.gz,3.42,85.23,57.37,2199.72,2.84,57.37,4.52
831c51207b60c3e80461041e1c4300d2,set-covering/random/scpnr/scpnre4_weighted.wcnf.gz,3600.0,3600.0,3600.0,3600.0,258.24,3600.0,75.11
4cfae55f5d5a6e23338efff0f69c36b5,set-covering/random/scpnr/scpnrf4_weighted.wcnf.gz,3600.0,3600.0,3600.0,3600.0,377.77,3600.0,301.79
971f81f9856a647f4be400f4b01a2e4f,set-covering/random/scpnr/scpnre3_weighted.wcnf.gz,3600.0,3600.0,3600.0,3600.0,159.69,3600.0,37.47
465638bd862c75ccd09165df4a8af287,set-covering/random/scpnr/scpnrf2_weighted.wcnf.gz,3600.0,3600.0,3600.0,3600.0,140.63,3600.0,46.61
23ced0d09d29db6f0e6fbfcfd86ccc5c,set-covering/random/scpnr/scpnrf3_weighted.wcnf.gz,3600.0,3600.0,3600.0,3600.0,54.83,3600.0,33.85
4b30abeef4a259521ebf104f9ba7b731,set-covering/random/scpnr/scpnre1_weighted.wcnf.gz,3600.0,3600.0,3600.0,3600.0,199.31,3600.0,65.54
59cfb9dc5d6e2bb4c8d783eb45a9f6d5,set-covering/random/scp/scp49_weighted.wcnf.gz,3600.0,3600.0,2955.62,3600.0,0.38,2552.31,0.08
3e787dbb55af18285acbee1e231fdf87,set-covering/random/scp/scp64_weighted.wcnf.gz,2.0,3600.0,0.98,52.9,1.44,1.59,0.12
f92402d4462749813128d081a8c2ab02,set-covering/random/scp/scp51_weighted.wcnf.gz,45.74,3600.0,3.29,3600.0,0.56,13.42,0.16
922bdea8adafec0484cb413cd943e432,set-covering/random/scp/scp47_weighted.wcnf.gz,0.38,3600.0,0.64,1.48,0.05,1.01,0.07
5596a2e3f18bed4f976180aca0eb4173,set-covering/random/scp/scp46_weighted.wcnf.gz,529.76,3600.0,2.8,1703.68,0.09,27.99,0.07
a36f245d94cc1339439240c2319054bf,set-covering/random/scp/scp65_weighted.wcnf.gz,3600.0,3600.0,1018.57,3600.0,9.47,1506.35,0.64
b8c4ef0511b9098822ee71f6abcfbf62,setcover-rail_zhendong/pms-instances-of-scp-rail-master/rail4284.wcnf.gz,3600.0,3600.0,3600.0,3600.0,3600.0,3600.0,3600.0
111d3323f22b1a44b613b78c35279f34,setcover-rail_zhendong/pms-instances-of-scp-rail-master/rail516.wcnf.gz,3600.0,3600.0,3600.0,3600.0,17.1,3600.0,307.88
8ae475de527f66116b203f7b70c73988,setcover-rail_zhendong/pms-instances-of-scp-rail-master/rail507.wcnf.gz,3600.0,3600.0,3600.0,3600.0,256.05,3600.0,623.44
1d1e713e9a24686335fc8994c573e9f3,setcover-rail_zhendong/pms-instances-of-scp-rail-master/rail2536.wcnf.gz,3600.0,3600.0,3600.0,3600.0,3600.0,3600.0,3600.0
38cc273f22bde72a1d97930c807ea013,setcover-rail_zhendong/pms-instances-of-scp-rail-master/rail582.wcnf.gz,3600.0,3600.0,3600.0,3600.0,219.81,3600.0,190.31
f15c993d5534561f9a242d70e1c8333c,setcover-rail_zhendong/pms-instances-of-scp-rail-master/rail4872.wcnf.gz,3600.0,3600.0,3600.0,3600.0,3600.0,3600.0,3600.0
e629764d4ae5a074c77aef2aa3b24512,shiftdesign/limits-10-10_data-1_inst-068_30m.sm-extracted.wcnf.gz,66.45,29.8,3600.0,71.02,84.37,3600.0,1900.82
7ec0cfe88be3f52d8cebc2a8dc49dad7,shiftdesign/limits-10-10_data-2_inst-017_60m.sm-extracted.wcnf.gz,101.43,24.61,327.26,149.0,94.63,398.9,3600.0
d1e959b466ed4e49a52b581a52a09201,shiftdesign/limits-10-10_data-1_inst-010_30m.sm-extracted.wcnf.gz,506.39,51.41,3570.93,282.77,470.41,3600.0,3600.0
e3ca50a406aedb241d3cfdcfc434b6d6,shiftdesign/limits-10-10_data-1_inst-045_30m.sm-extracted.wcnf.gz,165.16,174.19,3600.0,414.97,189.28,3600.0,3600.0
4308ad0af1e6fc97749725f382decd08,shiftdesign/limits-10-10_data-1_inst-137_30m.sm-extracted.wcnf.gz,233.98,111.43,3600.0,305.74,287.3,2138.63,3600.0
a6cd9adecfea5b0972eaeebf12f0b053,shiftdesign/limits-10-10_data-1_inst-056_60m.sm-extracted.wcnf.gz,50.63,6.18,249.79,132.7,47.6,270.63,512.52
709174bf329f05a418fd3a43aca28b2b,shiftdesign/limits-10-10_data-1_inst-081_60m.sm-extracted.wcnf.gz,4.33,0.96,8.83,6.47,3.72,8.84,1.72
2c0fe3c39fc6efacb360c77d2bee4a36,shiftdesign/limits-10-10_data-1_inst-059_30m.sm-extracted.wcnf.gz,182.44,81.7,3600.0,205.96,201.37,3600.0,3600.0
0c5d25c07e5ffa4cfb69ae4bcc04e22a,shiftdesign/limits-10-10_data-1_inst-005_60m.sm-extracted.wcnf.gz,31.88,5.6,450.93,49.62,39.26,415.68,320.86
0811236bb8caab03731d83df9d3e06c2,shiftdesign/limits-10-10_data-1_inst-099_60m.sm-extracted.wcnf.gz,10.26,2.11,13.42,48.36,9.16,13.44,2.92
e8affbe0b062aa3511c09e6a91385397,shiftdesign/limits-10-10_data-1_inst-078_60m.sm-extracted.wcnf.gz,40.66,18.74,2609.57,110.05,50.91,2639.61,492.91
aee9c9d01331af32fd4e39558c781a67,shiftdesign/limits-10-10_data-1_inst-112_60m.sm-extracted.wcnf.gz,29.58,17.08,2367.88,62.22,38.11,3401.59,375.75
39a1cb72e5d4e8576328d61922273a32,spot5/log/412.wcsp.log.wcnf.gz,0.22,0.68,0.1,601.16,600.2,0.19,1455.05
2d0383be79385bfdd645adba918dc110,spot5/log/404.wcsp.log.wcnf.gz,0.01,0.07,0.02,0.14,1.63,0.02,10.6
ab64cbca0256d4577a4f5cef550865c8,spot5/log/503.wcsp.log.wcnf.gz,0.01,0.04,0.02,12.42,2.12,0.02,0.37
2bf57f01109323418b9f39467ec465a0,spot5/log/414.wcsp.log.wcnf.gz,0.18,1.26,0.23,76.64,600.32,0.38,120.32
605c49b18fa2a8f4de1f7bd435e9bf68,spot5/log/54.wcsp.log.wcnf.gz,0.02,0.02,0.01,0.41,1.87,0.01,0.73
a8ae58acea3a2b3a484315df87ee8d68,spot5/log/8.wcsp.log.wcnf.gz,0.01,0.01,0.01,0.01,0.01,0.01,0.01
7d454d8e8d22c154b16fb61bdc42a421,spot5/log/1502.wcsp.log.wcnf.gz,0.01,0.01,0.02,1.91,0.19,0.01,0.04
6f0b275ff2e8c4c2f24118627d692bc9,spot5/dir/42.wcsp.dir.wcnf.gz,0.27,0.25,0.33,8.26,2.11,1.1,0.11
11eb99dd6860d80cdff9afc3eef085a5,spot5/dir/408.wcsp.dir.wcnf.gz,0.07,0.37,0.05,146.85,6.17,0.09,0.21
1d7ea16c872a01c8b490decb6f2862fe,spot5/dir/505.wcsp.dir.wcnf.gz,0.05,0.36,0.05,28.34,4.71,0.09,13.44
758a8ba280100e7bb33e601aad2e25aa,spot5/dir/54.wcsp.dir.wcnf.gz,0.02,0.02,0.02,0.17,0.26,0.02,0.03
462a716d881a9cd50aebf23edeeb93dd,spot5/dir/509.wcsp.dir.wcnf.gz,0.18,1.04,0.14,3.5,35.51,0.23,223.0
a4b4290a3a72433438ff800cffdb8657,staff-scheduling/instance5.wcnf.gz,3600.0,3600.0,3600.0,3600.0,3600.0,3600.0,3600.0
55a3feaba9504fa559b27f9de00a1242,staff-scheduling/instance7.wcnf.gz,3600.0,3600.0,3600.0,3600.0,3600.0,3600.0,3600.0
1cdf581be351b306c301fa401dc59e4b,staff-scheduling/instance4.wcnf.gz,3600.0,2706.26,3600.0,3600.0,3600.0,3600.0,3600.0
430cbb01c9b78b15ecfaad5f8b37c651,staff-scheduling/instance1.wcnf.gz,0.15,0.11,0.17,0.55,88.36,0.29,0.84
a358422334ecff3d68f76cb4b407d968,staff-scheduling/instance3.wcnf.gz,3600.0,3600.0,3600.0,3600.0,3600.0,3600.0,3600.0
b84af991183c740e291dcb278e30898c,staff-scheduling/instance2.wcnf.gz,2377.02,1359.59,3247.86,3600.0,1792.97,3600.0,3600.0
6c30a756f6e657222caf23960a6d869e,staff-scheduling/instance12.wcnf.gz,3600.0,3600.0,3600.0,3600.0,3600.0,3600.0,3600.0
aabd00400139b816eff5b73816ae92b9,staff-scheduling/instance8.wcnf.gz,3600.0,3600.0,3600.0,3600.0,3600.0,3600.0,3600.0
801baeeeca67651bbafa359146de6282,staff-scheduling/instance6.wcnf.gz,3600.0,3600.0,3600.0,3600.0,3600.0,3600.0,3600.0
4fd740aacb62ade1ce0533d085921bbb,staff-scheduling/instance11.wcnf.gz,3600.0,3600.0,3600.0,3600.0,3600.0,3600.0,3600.0
f5b3b7a814f34a4379ff25d5d86b602a,staff-scheduling/instance9.wcnf.gz,3600.0,3600.0,3600.0,3600.0,3600.0,3600.0,3600.0
85e2266b47180a3aaf47da7ecad0e98d,staff-scheduling/instance10.wcnf.gz,3600.0,3600.0,3600.0,3600.0,3600.0,3600.0,3600.0
679c0c150bde0cdda509d5d9a957d63f,tcp/tcp_students_91_it_6.wcnf.gz,0.99,1.73,1.96,16.61,11.28,17.28,12.45
4190ee4d7b7946ff02b4b66d6bf528a7,tcp/tcp_students_91_it_5.wcnf.gz,4.34,19.86,20.03,94.83,4.03,250.37,134.76
3f6c71aa7fcf133f25b474df6728a0e7,tcp/tcp_students_105_it_11.wcnf.gz,0.9,1.0,0.67,4.41,0.78,7.21,6.15
34556d9c9fddd046a893ef0ccfc50a4a,tcp/tcp_students_91_it_9.wcnf.gz,0.54,0.17,0.27,1.49,0.54,0.69,0.54
79e95fa01e297222e7183b95feb24342,tcp/tcp_students_105_it_15.wcnf.gz,10.36,172.03,459.82,3600.0,50.27,378.04,154.55
7546362ea3f7becb36fc0b6554d4c4ef,tcp/tcp_students_91_it_1.wcnf.gz,2.05,2.51,5.35,8.55,1.25,221.05,113.04
9f7dab38dc6d9cab0cb3d026c3d8ec95,tcp/tcp_students_105_it_14.wcnf.gz,1.98,1.58,4.71,9.08,1.77,79.2,145.41
962059a56725925caa942485d7b2db87,tcp/tcp_students_112_it_15.wcnf.gz,1.66,2.48,2.07,21.6,1.5,45.17,18.71
f7d43bef20e04869e7d67747b7aba3a2,tcp/tcp_students_112_it_4.wcnf.gz,2.11,4.74,3.99,14.03,1.4,213.57,30.51
d14c09aeda12705895e58d84490866c0,tcp/tcp_students_91_it_8.wcnf.gz,0.5,0.15,0.29,1.4,0.44,0.64,0.62
ae4847ea6b8e63a9629ca4c78633a3b5,tcp/tcp_students_91_it_15.wcnf.gz,3.6,21.02,10.62,1225.31,4.03,232.28,67.48
7a7996eac0b8bfab64c2b788ea22102b,tcp/tcp_students_112_it_12.wcnf.gz,8.31,2.2,21.31,3.58,8.56,25.2,144.6
0ed5abbf21eb0efaeca65f01647293ef,timetabling/comp10.lp.sm-extracted.wcnf.gz,50.48,1828.94,1372.77,1269.86,37.7,622.78,103.6
f44a9dd1813da9146aa9b3b7b91f9196,timetabling/comp14.wcnf.gz,16.51,13.09,12.03,3600.0,14.11,56.42,774.87
84ce7f24944e5cb0bca75e1573cbdbd9,timetabling/comp08.lp.sm-extracted.wcnf.gz,33.9,340.85,242.86,179.96,30.18,258.0,176.71
637f547dbe68822a3573cf8c966e276c,timetabling/test2.wcnf.gz,16.4,152.03,46.86,313.02,13.53,72.46,153.54
0838b1db476b937daea04b35b16cfa53,timetabling/dds1.wcnf.gz,30.91,321.74,108.42,3600.0,31.68,288.08,2084.99
16ff3e04b17befaaba55e9d5a3149476,timetabling/comp10.wcnf.gz,32.94,147.76,58.07,341.54,36.15,51.05,14.39
47c0f11aba0de15643f696eac0e368e1,timetabling/Udine4.lp.sm-extracted.wcnf.gz,22.06,51.29,106.12,80.35,20.56,226.83,840.4
8498c4be11bb8263dadc62681074cbed,timetabling/EA12.lp.sm-extracted.wcnf.gz,36.97,3600.0,93.83,114.66,31.42,103.32,91.81
e8275d4dd40dfdae271ed643c484185c,timetabling/comp16.lp.sm-extracted.wcnf.gz,57.24,1204.68,660.83,569.97,50.3,1066.41,723.71
9c6bfec02ba69e7ef1a01b7535114619,timetabling/comp06.wcnf.gz,41.95,286.23,80.84,3600.0,43.49,439.82,1478.27
d2a4c50e14df04f202f7fb76d5c7f13c,timetabling/comp20.wcnf.gz,48.14,256.55,256.85,2570.58,42.36,548.07,161.35
06b8e615ccf14edeec7de4db3e91fe84,timetabling/comp19.wcnf.gz,45.33,20.19,186.4,3600.0,39.2,257.0,2350.51
51f56fb37211a7097a90ec3d672548e1,upgradeability/wpms/mancoosi-test-i3000d0u98-56.wcnf.gz,0.46,5.03,8.52,19.15,2.06,8.45,0.75
073bc476d11c1871369d359941c4f1a8,upgradeability/wpms/mancoosi-test-i3000d0u98-51.wcnf.gz,0.47,54.54,9.27,18.74,2.1,9.29,0.8
e9fca4b76517bf35640c4ab35605252a,upgradeability/wpms/mancoosi-test-i1000d0u98-11.wcnf.gz,0.52,1.15,6.08,26.54,1.92,6.14,0.58
6eecafba9ad7fa652c6567e28017924e,upgradeability/wpms/mancoosi-test-i3000d0u98-68.wcnf.gz,0.48,3.18,7.36,20.7,2.05,7.41,0.76
bde932f20d325e83d17d625a67d2f918,upgradeability/wpms/mancoosi-test-i1000d0u98-24.wcnf.gz,0.45,1.43,5.51,33.68,1.94,5.53,0.58
e866be2ef52cabb0340434a74efd0a8f,upgradeability/up-up98/mancoosi-test-i40d0u98-14.wcnf.gz,0.4,0.4,3.82,29.11,1.75,3.84,0.23
b8c279a3fa4cd7a5ba86ab06274c8a6f,upgradeability/up-up98/mancoosi-test-i20d0u98-5.wcnf.gz,0.42,0.39,3.83,30.15,1.76,3.84,0.24
ff43c172ba5aa332f2e94c056a993acf,upgradeability/up-up98/mancoosi-test-i30d0u98-8.wcnf.gz,0.41,0.4,3.81,28.29,1.77,3.82,0.28
444edbb5a5beef6ad10cd4728a5ef257,upgradeability/up-up98/mancoosi-test-i40d0u98-10.wcnf.gz,0.4,0.38,3.78,28.77,1.76,3.77,0.23
9c27022de6000f30ad1c036c81eb250c,upgradeability/up-up98/mancoosi-test-i20d0u98-15.wcnf.gz,0.4,0.34,3.76,29.39,1.75,3.77,0.37
5cefb8aabfa2a94ff1092d60deb231f7,upgradeability/packup/rand869_l1.wcnf.gz,1.21,1198.69,2.53,3600.0,11.56,3.5,6.87
d46fa6406ff794d2c47c9c8db9ee3cba,upgradeability/packup/rand446_l1.wcnf.gz,0.38,697.62,0.72,23.33,2.03,0.94,1.42
f12650c147656ae5dbd2d7446f7de308,warehouses/cap92.wcsp.wcnf.gz,124.52,1191.89,3600.0,3600.0,1.2,3600.0,0.31
babb10a91114400b785a87b1a55d60cc,warehouses/cap131.wcsp.wcnf.gz,3600.0,3600.0,3600.0,3600.0,2.54,3600.0,1.15
892c84ffee0fd88576ac1958b792889b,warehouses/cap91.wcsp.wcnf.gz,1.8,533.21,3600.0,3600.0,1.2,3600.0,0.31
1886a56531a3f88b26c15f38d92618e3,warehouses/cap71.wcsp.wcnf.gz,0.65,78.68,2.8,4.08,0.75,1.66,0.14
98f16f7abdc2024a77243845a9493400,warehouses/warehouse1.wcsp.wcnf.gz,4.39,8.5,37.84,28.98,0.36,151.9,0.06
782e8c8c5112a96ef3006841b6345409,warehouses/warehouse0.wcsp.wcnf.gz,0.01,0.05,0.01,0.11,0.03,0.01,0.01
d17aff68faaabd81271dd6945dd37c79,warehouses/cap132.wcsp.wcnf.gz,3600.0,3600.0,3600.0,3600.0,2.54,3600.0,1.15
c9534ba465ae742fe74c5c94c39318a6,warehouses/cap72.wcsp.wcnf.gz,7.38,99.61,11.61,30.71,0.76,147.28,0.14
2a847b03285818f0a871eff5e6f0a2d2,switchingactivitymaximization/SwitchingActivityMaximization_OpenRISC1200_100.wcnf.gz,3600.0,3600.0,3600.0,3600.0,3600.0,3600.0,3600.0
8870bb009bcb1d8121fabebbe85228aa,switchingactivitymaximization/SwitchingActivityMaximization_OpenRISC1200_150.wcnf.gz,3600.0,3600.0,3600.0,3600.0,3600.0,3600.0,3600.0
e584b920c01004f84bce92f4561f0238,switchingactivitymaximization/SwitchingActivityMaximization_OpenRISC1200_20.wcnf.gz,10.95,3.1,3.73,28.68,10.63,3.78,5.98
3f96b2fd08e9769db144080f60761070,switchingactivitymaximization/SwitchingActivityMaximization_OpenRISC1200_200.wcnf.gz,3600.0,3600.0,3600.0,3600.0,3600.0,3600.0,3600.0
16ee4e91d3ac20d35e432c63b091823f,switchingactivitymaximization/SwitchingActivityMaximization_OpenRISC1200_30.wcnf.gz,11.19,4.45,2.91,33.64,10.64,2.89,8.0
ed2e18efe71b44a39f73cf91dad43e26,switchingactivitymaximization/SwitchingActivityMaximization_OpenRISC1200_40.wcnf.gz,18.87,27.43,3.81,26.54,18.55,3.76,8.02
d8eae463170a6c434c08f8598ddd0ad8,switchingactivitymaximization/SwitchingActivityMaximization_OpenRISC1200_50.wcnf.gz,23.65,71.37,3.81,40.57,23.43,3.77,14.0
0816254effdfcfcccb64038a8413bc3c,switchingactivitymaximization/SwitchingActivityMaximization_OpenRISC1200_52.wcnf.gz,13.97,49.97,9.28,753.3,13.46,9.2,7.01
382651b5257523619a88d96d9fef1c55,switchingactivitymaximization/SwitchingActivityMaximization_OpenRISC1200_54.wcnf.gz,28.24,310.31,94.57,83.37,28.69,93.46,8.47
df153a98d8e7fa12bd02d0fc6a5bcb04,switchingactivitymaximization/SwitchingActivityMaximization_OpenRISC1200_56.wcnf.gz,20.17,170.65,267.14,347.02,19.95,261.75,14.82
2fe0297472f3b663e42b45de2a1c49d1,switchingactivitymaximization/SwitchingActivityMaximization_OpenRISC1200_58.wcnf.gz,11.76,222.85,42.19,3600.0,11.18,41.68,10.46
78bbe735dcc348d92826a8d1ef946d19,switchingactivitymaximization/SwitchingActivityMaximization_OpenRISC1200_60.wcnf.gz,575.12,1764.8,3600.0,3600.0,615.58,3600.0,215.45
0f0f7c6edf2e93dbf196443a7931d94c,switchingactivitymaximization/SwitchingActivityMaximization_OpenRISC1200_62.wcnf.gz,48.11,1280.6,3600.0,3600.0,48.75,3600.0,66.51
c1c8a40ccbe6ff87f2bd89a8f752afec,switchingactivitymaximization/SwitchingActivityMaximization_OpenRISC1200_64.wcnf.gz,2918.85,3600.0,701.51,3600.0,3050.46,700.42,212.91
378bef86e5e5c933733b59db319ae0c1,switchingactivitymaximization/SwitchingActivityMaximization_OpenRISC1200_66.wcnf.gz,3600.0,3600.0,3600.0,3600.0,3600.0,3600.0,1373.64
029c26f52d9c640d926fbd4b70a163fd,switchingactivitymaximization/SwitchingActivityMaximization_OpenRISC1200_68.wcnf.gz,3600.0,3600.0,3600.0,3600.0,3600.0,3600.0,3600.0
f7e0795ad9f74e492158cb3d20e2ca4b,switchingactivitymaximization/SwitchingActivityMaximization_OpenRISC1200_70.wcnf.gz,2603.11,3600.0,3600.0,3600.0,2403.51,3600.0,869.08
0287e2fbe2e51f2d27cee56797dba325,switchingactivitymaximization/SwitchingActivityMaximization_OpenRISC1200_72.wcnf.gz,3600.0,3600.0,3600.0,3600.0,3600.0,3600.0,3600.0
9df4e09614ddbfa3a33df2d6fbc63583,switchingactivitymaximization/SwitchingActivityMaximization_OpenRISC1200_74.wcnf.gz,3600.0,3600.0,3600.0,3600.0,3600.0,3600.0,3600.0
d0c8c4a2b1c6dff010df6fe5b63037c3,switchingactivitymaximization/SwitchingActivityMaximization_OpenRISC1200_76.wcnf.gz,3600.0,3600.0,3600.0,3600.0,3600.0,3600.0,3600.0
8f2944670274dfbfc37e25c49a04b652,switchingactivitymaximization/SwitchingActivityMaximization_OpenRISC1200_78.wcnf.gz,3600.0,3600.0,3600.0,3600.0,3600.0,3600.0,3600.0
18d5b79268f7b1ccf7bd9ab479981136,switchingactivitymaximization/SwitchingActivityMaximization_OpenRISC1200_80.wcnf.gz,3600.0,3600.0,3600.0,3600.0,3600.0,3600.0,3600.0
ad6561f35246c714406a2c0bd61b3410,switchingactivitymaximization/SwitchingActivityMaximization_OpenRISC1200_90.wcnf.gz,3600.0,3600.0,3600.0,3600.0,3600.0,3600.0,3600.0
fb62c3bf4db4ffbe167b629f0d179e37,switchingactivitymaximization/SwitchingActivityMaximization_OpenRISC1200_10.wcnf.gz,10.62,2.67,2.65,28.16,10.05,2.65,6.75
