hash,filename,SATLike-c_score,SATLike-c_cost,Open-WBO-Inc-BMO_score,Open-WBO-Inc-BMO_cost,Open-WBO-Gluc_score,Open-WBO-Gluc_cost,maxroster_score,maxroster_cost,SATLike_score,SATLike_cost,Open-WBO-Riss_score,Open-WBO-Riss_cost,LinSBPS_score,LinSBPS_cost,Open-WBO-Inc-Cluster_score,Open-WBO-Inc-Cluster_cost
788f86f1c1e1ff507f84fb004f92f224,BTBNSL-Rounded_BTWBNSL_AbaloneTWBound_4.wcnf.xz,0.942,1650463258,0.9925,1566386628,0.942,1650463258,0.9925,1566386628,0.7099,2189959632,0.8547,1819017150,1.0,1554716345,0.8484,1832514765
22a6e529de030b0300959b42433cfd62,BTBNSL-Rounded_BTWBNSL_Abalone_TWBound_3.wcnf.xz,0.8326,1861320135,0.9842,1574559321,0.8326,1861320135,1.0,1549644710,0.8645,1792555946,0.8246,1879375165,0.9981,1552527259,0.8934,1734584822
7ddd25e7ac77fdfa2479621e116beec1,BTBNSL-Rounded_BTWBNSL_Flag.BIC_TWBound_3.wcnf.xz,0.9905,279866035,1.0,277221178,0.9321,297412473,1.0,277221178,0.9139,303336233,0.9253,299615063,0.9882,280525107,0.9474,292626937
19f6fe588a49959692e178dd496746fd,BTBNSL-Rounded_BTWBNSL_Flag.BIC_TWBound_4.wcnf.xz,0.9203,301244071,1.0,277221178,0.9203,301244071,1.0,277221178,0.9863,281066336,0.9144,303158548,0.9874,280749712,0.9512,291437235
c37cd856c69e8b1ae9979b0285aea35e,BTBNSL-Rounded_BTWBNSL_Horse.BIC_TWBound_3.wcnf.xz,0.9936,457656230,1.0,454710948,0.9623,472542928,1.0,454710948,0.9937,457596154,0.9615,472935357,0.9985,455408219,0.969,469253443
ddd4d222ed1f50940505168809ef2eaf,BTBNSL-Rounded_BTWBNSL_Horse.BIC_TWBound_4.wcnf.xz,0.9952,456845981,0.9999,454710948,0.9466,480306840,1.0,454661212,0.9941,457373911,0.9499,478627532,0.9944,457232932,0.9331,487247861
b508d50132165bc18a8b2ad06fc23816,BTBNSL-Rounded_BTWBNSL_Housing_TWBound_3.wcnf.xz,0.6959,460472615,1.0,320446036,0.6959,460472615,1.0,320446036,0.7433,431113469,0.6959,460472615,0.953,336259999,0.8911,359625938
04a0127d98199d62b3604b9d323e561c,BTBNSL-Rounded_BTWBNSL_Housing_TWBound_4.wcnf.xz,0.6762,466207221,1.0,315227544,0.6762,466207221,0.8958,351894742,0.7273,433434624,0.6762,466207221,0.9622,327622069,0.8414,374638527
4fa57a996cb097c98a969a43ee1cea0e,BTBNSL-Rounded_BTWBNSL_Voting_TWBound_3.wcnf.xz,0.8364,555090921,1.0,464263033,0.8364,555090921,1.0,464263033,0.9831,472235447,0.7915,586532569,0.9991,464690104,0.9214,503847909
b288319ad020d45a817ae9140816d6a1,BTBNSL-Rounded_BTWBNSL_Water_1000_1_2.scores_TWBound_4.wcnf.xz,0.8517,1557955426,0.9984,1329043665,0.8517,1557955426,1.0,1326871413,0.7984,1661964841,0.9342,1420282164,0.9963,1331749123,0.8795,1508590277
906ec5b4d896a68cd2ca99fcf1c03a3f,BTBNSL-Rounded_BTWBNSL_adult15N_TWBound_3.wcnf.xz,0.7981,44143019065,0.9953,35399331044,0.7981,44143019065,1.0,35232369129,0.8138,43292865260,0.7981,44143019065,0.9975,35320722522,0.8312,42389092459
3e71614d6e601b44437710df520b674f,BTBNSL-Rounded_BTWBNSL_alarm_100_1_3.scores_TWBound_4.wcnf.xz,0.8234,167734954,0.9993,138202406,0.8234,167734954,1.0,138107705,0.7745,178308882,0.8704,158672234,0.9813,140746108,0.8259,167219204
0c0a29fa0592bda0bdc60af531d271ae,BTBNSL-Rounded_BTWBNSL_hailfinder_10000_1_3.scores_TWBound_3.wcnf.xz,0.8893,59458460750,1.0,52875201949,0.8893,59458460750,0.9879,53520327031,0.8084,65411031180,0.874,60501006671,0.959,55136360691,0.8899,59419507661
a8f2daae616987d2129b273f32e8128e,BTBNSL-Rounded_BTWBNSL_hailfinder_10000_1_3.scores_TWBound_4.wcnf.xz,0.8079,61808588319,1.0,49933914284,0.8079,61808588319,0.924,54040979168,0.7843,63669984585,0.9086,54959259188,0.9885,50515860038,0.8532,58527353386
df8695b71c7c5fa0103bc96a7266ac68,BTBNSL-Rounded_BTWBNSL_hailfinder_1000_1_3.scores_TWBound_4.wcnf.xz,0.8561,6163463993,1.0,5276763036,0.8561,6163463993,0.9936,5311001526,0.7992,6602461521,0.8229,6412095072,0.9958,5298817253,0.8343,6324711825
8d432e52a94c23183af3dc8390077cdc,BTBNSL-Rounded_BTWBNSL_insurance_1000_1_3.scores_TWBound_3.wcnf.xz,0.8434,1675163488,0.9874,1430907103,0.8434,1675163488,0.9903,1426675710,0.7454,1895482405,0.8823,1601331661,1.0,1412902605,0.8772,1610772698
8196f734cfc1d9b20fd8d66250dbfcfd,abstraction-refinement-downcast-antlr.wcnf.xz,0.9995,76291,1.0,76256,0.999,76336,0.9981,76402,0.9995,76292,0.2107,361912,0.9986,76365,1.0,76258
6793f4fbcc2f6a236b32663d633f4c6d,abstraction-refinement-polysite-xalan.wcnf.xz,0.7999,143387,1.0,114694,0.8,143359,0.9936,115438,0.9996,114745,0.0291,3947815,0.9997,114732,0.8488,135130
10538d318bff7e093a5974345f95ff95,af-synthesis-af-synthesis_stb_50_100_9.wcnf.xz,0.7219,150,0.9732,111,0.9732,111,1.0,108,0.7219,150,0.9909,109,1.0,108,0.916,118
4d475f6c708f3aa8bd348708f088d032,af-synthesis-af-synthesis_stb_50_120_2.wcnf.xz,0.6279,171,0.9818,109,0.9818,109,0.9908,108,0.6391,168,0.9818,109,1.0,107,0.8504,126
7b9df1f4265763e2f50e9b9f38b93352,af-synthesis-af-synthesis_stb_50_120_5.wcnf.xz,0.6725,170,1.0,114,1.0,114,0.9914,115,0.6928,165,1.0,114,1.0,114,0.9055,126
07042ec06b195d879ca14c112de2fce7,af-synthesis-af-synthesis_stb_50_120_7.wcnf.xz,0.7202,167,1.0,120,1.0,120,1.0,120,0.7202,167,1.0,120,1.0,120,0.9308,129
f7f9da5cf24bc5e759e949c66703a71a,af-synthesis-af-synthesis_stb_50_120_9.wcnf.xz,0.615,186,1.0,114,1.0,114,0.9914,115,0.6319,181,1.0,114,1.0,114,0.8333,137
d9b2fe4aa5cd097aecb518f5f23f9bd6,af-synthesis-af-synthesis_stb_50_140_0.wcnf.xz,0.676,178,0.9918,121,0.9918,121,1.0,120,0.6722,179,0.9918,121,1.0,120,0.9167,131
9eb67aaeeb64005c3e2011ba3e10205f,af-synthesis-af-synthesis_stb_50_140_1.wcnf.xz,0.6882,185,1.0,127,1.0,127,1.0,127,0.6882,185,0.9922,128,1.0,127,0.9143,139
3471182ada8ef00252163223650598d9,af-synthesis-af-synthesis_stb_50_140_5.wcnf.xz,0.6277,187,1.0,117,0.9833,119,1.0,117,0.6344,185,1.0,117,1.0,117,0.8676,135
cf5834d6f0c086af7eb414a23e2cd29e,af-synthesis-af-synthesis_stb_50_140_7.wcnf.xz,0.679,161,1.0,109,0.9649,113,1.0,109,0.679,161,0.9402,116,1.0,109,0.8871,123
7baa6d2674af05c0df4b8bcd94739b93,af-synthesis-af-synthesis_stb_50_140_8.wcnf.xz,0.7451,152,1.0,113,1.0,113,1.0,113,0.7451,152,0.9828,115,1.0,113,0.9344,121
827997a06805e933f93bcbe6b83a5ede,af-synthesis-af-synthesis_stb_50_160_4.wcnf.xz,0.7045,175,1.0,123,1.0,123,1.0,123,0.7045,175,0.992,124,1.0,123,0.8986,137
d0bfacd6a99ee3f76c2cf40f657e611c,af-synthesis-af-synthesis_stb_50_180_1.wcnf.xz,0.75,175,1.0,131,1.0,131,0.9925,132,0.75,175,1.0,131,1.0,131,0.8684,151
4beddb974822d3819cc4c870caa17a98,af-synthesis-af-synthesis_stb_50_180_2.wcnf.xz,0.7205,160,1.0,115,1.0,115,1.0,115,0.7296,158,0.9748,118,1.0,115,0.8992,128
58688347812a692f7bd3d9e3c623d25d,af-synthesis-af-synthesis_stb_50_200_5.wcnf.xz,0.7357,139,1.0,102,0.9904,103,1.0,102,0.7687,133,1.0,102,1.0,102,0.9196,111
3c4a6f9088846f09d5fc468bd2ff001a,af-synthesis-af-synthesis_stb_50_200_6.wcnf.xz,0.7044,158,1.0,111,1.0,111,1.0,111,0.6871,162,0.9739,114,1.0,111,0.9333,119
9334abf9f099aa8712cc9ad7f441291b,af-synthesis-af-synthesis_stb_50_20_8.wcnf.xz,0.7289,165,0.9758,123,0.9758,123,1.0,120,0.7707,156,0.9758,123,1.0,120,0.8963,134
141289a2a2bc7962e2661f03349346b0,af-synthesis-af-synthesis_stb_50_60_2.wcnf.xz,0.7564,155,1.0,117,1.0,117,1.0,117,0.7973,147,1.0,117,1.0,117,0.8551,137
f0b6d6eeb4d920026c4c3b7cdc79d5a5,af-synthesis-af-synthesis_stb_50_80_3.wcnf.xz,0.7215,157,0.9913,114,1.0,113,1.0,113,0.6994,162,0.9661,117,1.0,113,0.9048,125
24bc67bc4af0dae7c91a8c2b4321f3ef,af-synthesis-af-synthesis_stb_50_80_7.wcnf.xz,0.725,159,0.9667,119,0.9915,116,1.0,115,0.7632,151,0.9748,118,1.0,115,0.9206,125
4092d332781d0ada9223479eacde1409,causal-discovery-causal_Autos_8_159.wcnf.xz,0.8188,864241,0.8971,788745,0.8188,864241,1.0,707611,0.4126,1715170,0.1319,5365338,1.0,707611,0.4032,1755151
4515bfdc874f644ed81e05cdefc6f740,causal-discovery-causal_Image_7_2310.wcnf.xz,0.4635,930684,0.7751,556558,0.5467,789130,0.8531,505694,0.4635,930684,0.1637,2634900,1.0,431410,0.9472,455446
fb205d98e896ca988c2abbc55d4d90cc,causal-discovery-causal_Letter_7_20000.wcnf.xz,0.7982,638403,0.9275,549431,0.0541,9426353,0.9998,509703,0.7982,638403,0.7982,638403,1.0,509580,0.9307,547532
bbfa812e89cecdb844b2608f8e2a54ae,causal-discovery-causal_Link_10_1000.wcnf.xz,0.528,28652900,0.5373,28154602,0.0,-,1.0,15127981,0.0,-,0.0977,154915005,0.5299,28547924,0.3959,38212009
f673ca32dbcf097d0496443945d46a93,causal-discovery-causal_LungCancer_8_27.wcnf.xz,0.6935,204098,0.9008,157117,0.6935,204098,1.0,141532,0.658,215111,0.0809,1748586,1.0,141532,0.674,209982
01867ce616494c946cf13cdbaf714329,causal-discovery-causal_Pigs_6_1000.wcnf.xz,0.6688,27228963,0.7231,25186079,0.6688,27228963,0.9034,20157909,0.0692,263042901,0.0692,263042901,1.0,18211446,0.899,20256354
9895ed8949cbe11204152f3db5f66733,causal-discovery-causal_Statlog_7_752.wcnf.xz,0.2964,1283413,1.0,380356,0.0934,4074103,1.0,380356,0.2964,1283413,0.2964,1283413,1.0,380356,0.5075,749421
c5954efa03b4988560cb542a3389e215,causal-discovery-causal_Water_10_100.wcnf.xz,0.0864,65263137,0.6619,8514786,0.0864,65263137,0.1777,31720075,0.9995,5638771,0.0596,94559456,0.0714,78933701,1.0,5635776
af31b7c287cc794538535a6c7ee25cc3,causal-discovery-causal_asia_7_1000.wcnf.xz,0.2414,705793,1.0,170353,0.0,-,1.0,170353,0.2414,705793,0.2414,705793,0.9846,173012,0.2208,771503
88f5c28d1b5169e6006974ef79c15be9,causal-discovery-causal_asia_8_10000.wcnf.xz,0.1659,5644379,0.5956,1571745,0.0075,124431372,1.0,936156,0.1659,5644379,0.0,-,1.0,936156,1.0,936156
37cbe2a7145ddd9ec35eb63e59a7b6a1,causal-discovery-causal_carpo_8_100.wcnf.xz,0.5444,311544,1.0,169596,0.5444,311544,1.0,169596,0.5444,311544,0.0628,2701245,1.0,169596,0.6324,268167
e1b16b06bbce9e3a1907a29f78b45e88,causal-discovery-causal_carpo_8_1000.wcnf.xz,0.7195,947128,0.9007,756631,0.7195,947128,0.9007,756631,0.3037,2244087,0.1483,4594492,1.0,681472,0.9007,756631
83711ddf9361a4442be2e15ae8df664c,causal-discovery-causal_hailfinder_8_10000.wcnf.xz,0.7572,152065307,1.0,115149390,0.7572,152065307,1.0,115149390,0.0587,1960171618,0.0587,1960171618,1.0,115149390,1.0,115149390
6be4fb2b959efcc30e8def677277e8c7,causal-discovery-causal_insurance_9_100.wcnf.xz,0.1052,41861472,1.0,4404542,0.1052,41861472,1.0,4404542,0.0821,53618344,0.0821,53618344,0.1093,40316123,0.5032,8752723
d50f9c24f4adabb9b4e4227453bb6899,cluster-expansion-IS10_5.0.5.0.0.5_softer_periodic.wcnf.xz,1.0,110811777649462,0.9617,115223718343385,0.9132,121350752413144,0.9924,111665197584749,1.0,110811777649462,0.9117,121541146317125,0.9132,121350752413144,0.9132,121350752413144
bfa8648f1ea694df841e675c8debe9fd,cluster-expansion-IS11_5.0.5.0.0.5_softer_periodic.wcnf.xz,1.0,112011518301720,0.9706,115403718343385,0.9046,123830752413144,0.9951,112558490876361,1.0,112011518301720,0.903,124041146317125,0.9046,123830752413144,0.9046,123830752413144
37ab8b0d070ccee23764ae47f03675c3,cluster-expansion-IS12_5.0.5.0.0.5_softer_periodic.wcnf.xz,1.0,113046121337628,0.978,115583718343385,0.895,126310752413144,0.9958,113520690838375,0.9982,113247900782373,0.8934,126541146317125,0.895,126310752413144,0.895,126310752413144
4b6d460f198abf8f38854495589bd501,cluster-expansion-IS13_5.0.5.0.0.5_softer_periodic.wcnf.xz,0.9987,119555216776852,0.9993,119490993578269,0.9993,119490993578269,1.0,119401387482250,0.9987,119555216776852,1.0,119401387482250,0.9993,119490993578269,0.9993,119490993578269
b1cdfc3adbc958aa2d98733df6dc8926,cluster-expansion-IS14_5.0.5.0.0.5_softer_periodic.wcnf.xz,1.0,114000033196938,0.9848,115763718343385,0.8852,128790752413144,0.997,114337751387331,1.0,114000033196938,0.8834,129041146317125,0.8852,128790752413144,0.8852,128790752413144
34d5c180ed643738b1caf127d59c911e,cluster-expansion-IS15_5.0.5.0.0.5_softer_periodic.wcnf.xz,1.0,114671051464901,0.989,115943718343385,0.8735,131270752413144,0.997,115012547858062,1.0,114671051464901,0.8718,131541146317125,0.8735,131270752413144,0.8735,131270752413144
74cf4fe9efd09cdce9575c9f64a3dc84,cluster-expansion-IS16_5.0.5.0.0.5_softer_periodic.wcnf.xz,1.0,115483852769611,0.9945,116123718343385,0.8634,133750752413144,0.9996,115531896981612,1.0,115483852769611,0.8616,134041146317125,0.8634,133750752413144,0.8634,133750752413144
951d7e37c57fc80023cb2898a53fe1db,cluster-expansion-IS17_5.0.5.0.0.5_softer_periodic.wcnf.xz,1.0,115927113981773,0.9968,116303718343385,0.851,136230752413144,0.9997,115963934195472,1.0,115927113981773,0.849,136541146317125,0.851,136230752413144,0.851,136230752413144
af02cb9c4c91246868de889b6039a684,cluster-expansion-IS19_5.0.5.0.0.5_softer_periodic.wcnf.xz,0.999,119515216776851,0.9994,119470993578269,0.9994,119470993578269,1.0,119401387482250,0.999,119515216776851,1.0,119401387482250,0.9994,119470993578269,0.9994,119470993578269
e946d95f945bc6cecee5e80253f78a3a,cluster-expansion-IS1_5.0.5.0.0.5_softer_periodic.wcnf.xz,1.0,118261114081858,0.9905,119390993578269,0.9905,119390993578269,0.992,119210720724359,1.0,118261114081858,0.9905,119401387482250,0.9905,119390993578269,0.9905,119390993578269
f8d1f6fc99f72813ee1a597f676fca29,cluster-expansion-IS20_5.0.5.0.0.5_softer_periodic.wcnf.xz,0.9997,119438766297190,0.9996,119450993578269,0.9996,119450993578269,1.0,119401387482250,0.9997,119438766297190,1.0,119401387482250,0.9996,119450993578269,0.9996,119450993578269
217886868155609a74277a9775143fc7,cluster-expansion-IS23_5.0.5.0.0.5_softer_periodic.wcnf.xz,1.0,118693335762271,0.994,119410993578269,0.994,119410993578269,0.9941,119401387482250,1.0,118693335762271,0.9941,119401387482250,0.994,119410993578269,0.994,119410993578269
8fdb0fa7ac9977becc2539c51ddba043,cluster-expansion-IS2_5.0.5.0.0.5_softer_periodic.wcnf.xz,1.0,117606800507375,0.9852,119370993578269,0.9852,119370993578269,0.9941,118307767687624,1.0,117606800507375,0.985,119401387482250,0.9852,119370993578269,0.9852,119370993578269
d0732515c0909712a4e2551819e856e9,cluster-expansion-IS3_5.0.5.0.0.5_softer_periodic.wcnf.xz,1.0,116825198407457,0.9788,119350993578269,0.9788,119350993578269,0.9945,117469077777584,1.0,116825198407457,0.9784,119401387482250,0.9788,119350993578269,0.9788,119350993578269
2a416d13883d7a993b909449d37167c9,cluster-expansion-IS4_5.0.5.0.0.5_softer_periodic.wcnf.xz,1.0,115941698196693,0.9716,119330993578269,0.9716,119330993578269,0.9946,116571658058288,1.0,115941698196693,0.971,119401387482250,0.9716,119330993578269,0.9716,119330993578269
8f5b54700277be0115f09bc70cf1f65e,cluster-expansion-IS5_5.0.5.0.0.5_softer_periodic.wcnf.xz,1.0,114843630201231,0.9626,119310993578269,0.9626,119310993578269,0.994,115534545128417,1.0,114843630201231,0.9618,119401387482250,0.9626,119310993578269,0.9626,119310993578269
cd8e857cff040263ead2f43c20075345,cluster-expansion-IS6_5.0.5.0.0.5_softer_periodic.wcnf.xz,1.0,113797656078091,0.954,119290993578269,0.954,119290993578269,0.9935,114541137027569,0.9997,113831254650755,0.9531,119401387482250,0.954,119290993578269,0.954,119290993578269
ea6e134f6cd044eb13e5c21920bfaafe,cluster-expansion-IS7_5.0.5.0.0.5_softer_periodic.wcnf.xz,1.0,112716237022535,0.945,119270993578269,0.945,119270993578269,0.9942,113373203916212,1.0,112716237022535,0.944,119401387482250,0.945,119270993578269,0.945,119270993578269
a28c0812e4005a40ae9e40788d239cf2,cluster-expansion-IS8_5.0.5.0.0.5_softer_periodic.wcnf.xz,1.0,111543756680490,0.9475,117723959508510,0.9354,119250993578269,0.9988,111678911790985,1.0,111543756680490,0.9342,119401387482250,0.9354,119250993578269,0.9354,119250993578269
47f2d80db6d2c3c160929db7a2fa4be2,cluster-expansion-IS9_5.0.5.0.0.5_softer_periodic.wcnf.xz,1.0,110066981524176,0.9538,115403959508510,0.9231,119230993578269,0.9927,110879184689970,1.0,110066981524176,0.9218,119401387482250,0.9231,119230993578269,0.9231,119230993578269
15b24f4309d37ba8c741afe825d48817,correlation-clustering-Rounded_CorrelationClustering_Ecoli_BINARY_N240_D0.200.wcnf.xz,0.9832,18545228,0.989,18435419,0.486,37519447,0.9868,18477338,1.0,18233407,0.4695,38834001,0.97,18796544,0.7871,23164130
adbbf4c9d5ceb26339fb9651d0433d49,correlation-clustering-Rounded_CorrelationClustering_Ecoli_BINARY_N260_D0.200.wcnf.xz,0.9882,26193247,0.997,25961652,0.4827,53619311,1.0,25883011,0.9929,26067150,0.5048,51275886,0.9007,28736346,0.8016,32290948
e5546850fc1ed1f1fffaf32879072aa2,correlation-clustering-Rounded_CorrelationClustering_Ecoli_BINARY_N280_D0.200.wcnf.xz,0.9943,28964500,0.9986,28841129,0.6747,42686107,1.0,28799582,0.9911,29058825,0.4494,64082416,0.9117,31589365,0.7627,37760314
171be8881c2d05b9b9c1dd9963f6a558,correlation-clustering-Rounded_CorrelationClustering_Ionosphere_BINARY_N240_D0.200.wcnf.xz,0.9387,6732161,0.8169,7736133,0.2597,24333774,0.8169,7736133,0.9404,6719945,0.2483,25449627,1.0,6319559,0.6936,9110861
9b6a035cb7ee49abd407c6f8193fe66a,correlation-clustering-Rounded_CorrelationClustering_Ionosphere_BINARY_N300_D0.200.wcnf.xz,0.9429,8679573,0.8309,9850311,0.0,-,0.7037,11630825,0.9503,8612090,0.3898,20998130,1.0,8184321,0.444,18433253
3ccca0e6f0a513aab1f4e54a782c6496,correlation-clustering-Rounded_CorrelationClustering_Protein2_BINARY_N320.wcnf.xz,0.9916,28645415,0.9663,29396228,0.1249,227496462,0.9443,30080957,1.0,28404912,0.1849,153652624,0.9765,29088135,0.8453,33603885
ab1e234d44c33a3cd6f787d4b13f0c28,correlation-clustering-Rounded_CorrelationClustering_Protein2_BINARY_N340.wcnf.xz,1.0,32002013,0.7432,43058597,0.1633,195958884,0.9635,33214107,0.9879,32392702,0.1471,217623681,0.1717,186341995,0.7918,40414799
bf6a04da86a2a0ebe1d8c2fcfa048b2a,correlation-clustering-Rounded_CorrelationClustering_Protein2_BINARY_N360.wcnf.xz,0.994,36192805,0.77,46720512,0.1702,211390190,0.9895,36355879,1.0,35974764,0.1791,200838381,0.9144,39341977,0.7681,46837617
d64420d035ac515a3bcb7dc11f724120,correlation-clustering-Rounded_CorrelationClustering_Protein4_BINARY_N300.wcnf.xz,0.9047,13673421,0.7813,15833718,0.1556,79516489,0.8237,15017800,0.9266,13350271,0.1975,62638211,1.0,12370211,0.7499,16494807
180edf6d00b40911ae9fb36c0f7ebfd7,correlation-clustering-Rounded_CorrelationClustering_Protein4_BINARY_N360.wcnf.xz,0.9888,17505098,0.8112,21337155,0.192,90147283,0.905,19125379,1.0,17308432,0.2997,57758771,0.9157,18901085,0.778,22246298
cbbac1eda938459e98a8b7d03fcfe741,correlation-clustering-Rounded_CorrelationClustering_Protein4_BINARY_N380.wcnf.xz,1.0,18404771,0.7989,23037880,0.1821,101073690,0.8961,20538481,0.9772,18834540,0.2217,82999786,0.9022,20400775,0.7792,23619754
cf208672468ad29b854709a6750edca4,correlation-clustering-Rounded_CorrelationClustering_Vowel_BINARY_N800_D0.200.wcnf.xz,0.6916,144749992,0.7217,138717243,0.6916,144749992,0.7405,135194086,1.0,100109948,0.6828,146607848,0.6916,144749992,0.6822,146736884
aea9c8a623c49be4cc7891a6cc0f73d0,hs-timetabling-BrazilInstance1.xml.wcnf.xz,0.3125,127,0.7143,55,0.9756,40,0.5714,69,0.3252,122,0.9756,40,1.0,39,0.9524,41
64f0b64f0470368037824092394df3fe,hs-timetabling-BrazilInstance2.xml.wcnf.xz,0.0224,267,0.1111,53,0.1071,55,0.0652,91,0.0225,266,0.0923,64,1.0,5,0.0909,65
5c8e2b1ca0c3fd0267e266ab6acaf1b8,hs-timetabling-BrazilInstance4.xml.wcnf.xz,0.3074,230,0.3641,194,0.3074,230,0.2233,317,0.0,-,0.3128,226,1.0,70,0.2946,240
a9c98e116504b85319672f5f416c3837,hs-timetabling-BrazilInstance5.xml.wcnf.xz,0.082,243,0.1961,101,0.082,243,0.2326,85,0.0,-,0.0862,231,1.0,19,0.0889,224
df5497c587c0f3fef709c41ccecebcae,hs-timetabling-BrazilInstance6.xml.wcnf.xz,0.1496,340,0.2865,177,0.1496,340,0.244,208,0.0695,733,0.1604,317,1.0,50,0.1487,342
6822ca2cc37207e6b3f88d94d3210c74,hs-timetabling-BrazilInstance7.xml.wcnf.xz,0.2105,702,0.4983,296,0.2209,669,0.5585,264,0.0,-,0.2142,690,1.0,147,0.2345,630
8fe9a66e9e7587c41a27823e0d548079,hs-timetabling-FinlandArtificialSchool.xml.wcnf.xz,0.15,19,0.0182,164,0.15,19,0.021,142,0.0,-,0.2727,10,1.0,2,0.1579,18
7d31d11c57cf85b89474076c8293abcf,hs-timetabling-FinlandCollege.xml.wcnf.xz,0.3146,1188,0.3688,1013,0.3146,1188,0.3388,1103,0.0,-,0.2835,1318,1.0,373,0.2195,1703
6fdbc1683b13c889c4dd44cd7b4ae0b5,hs-timetabling-FinlandHighSchool.xml.wcnf.xz,0.0843,450,0.0585,649,0.0843,450,0.0629,603,0.0,-,0.0824,460,1.0,37,0.0564,673
e06918db36a26edf2cd4c46e386043f6,hs-timetabling-FinlandSecondarySchool.xml.wcnf.xz,0.154,577,0.1376,646,0.154,577,0.1344,661,0.0,-,0.1581,562,1.0,88,0.1324,671
4bcbd8862bb9b5a06133d0c2289ed908,hs-timetabling-ItalyInstance1.xml.wcnf.xz,0.0622,208,0.7647,16,0.3514,36,0.3421,37,0.0546,237,0.6842,18,1.0,12,0.1512,85
4774f189878eb33d53d29cda34e728f8,hs-timetabling-ItalyInstance4.xml.wcnf.xz,0.0573,8294,1.0,474,0.0287,16576,0.3985,1191,0.0596,7966,0.0302,15703,0.8247,575,0.0297,15982
92679c0014e18ad14f4264ef2305a7cb,hs-timetabling-SouthAfricaLewitt2009.xml.wcnf.xz,0.0204,48,0.0435,22,0.0204,48,0.0116,85,0.0,-,0.0286,34,1.0,0,0.0238,41
38517a0ed43ce0aff6d19f310cfd567e,lisbon-wedding-lisbon-wedding-10-18.wcnf.xz,0.5885,643,1.0,378,1.0,378,1.0,378,0.6435,588,1.0,378,1.0,378,1.0,378
e7e553dcfc89f575a2167eaf22d2c940,lisbon-wedding-lisbon-wedding-10-19.wcnf.xz,0.6019,632,1.0,380,1.0,380,1.0,380,0.6755,563,1.0,380,1.0,380,1.0,380
858f17a28f7e44c1432b6887c0f27e19,lisbon-wedding-lisbon-wedding-7-17.wcnf.xz,0.9976,421,0.9953,422,0.9976,421,1.0,420,0.8207,512,0.9953,422,1.0,420,0.9976,421
1c3897d3da22a5c41e5c901ebd188080,lisbon-wedding-lisbon-wedding-8-17.wcnf.xz,0.7543,524,1.0,395,0.9975,396,1.0,395,0.7361,537,1.0,395,1.0,395,1.0,395
f5d4a9e397b493e18160e9b0b797c16b,lisbon-wedding-lisbon-wedding-8-19.wcnf.xz,0.8969,445,1.0,399,1.0,399,1.0,399,0.7561,528,1.0,399,1.0,399,1.0,399
f514a7cbe7bfaecef9e0a28f509165d6,lisbon-wedding-lisbon-wedding-9-17.wcnf.xz,0.8977,439,0.9975,395,0.9975,395,0.9975,395,0.7315,539,0.9975,395,1.0,394,0.9753,404
ec86eb6edc23530ec5104366213a4597,lisbon-wedding-lisbon-wedding-9-19.wcnf.xz,0.7308,545,1.0,398,1.0,398,1.0,398,0.7241,550,1.0,398,1.0,398,0.9708,410
da877331cd32856eaf50189f39be46ee,maxcut-MANN_a81.clq.wcnf.xz,1.0,1995,0.9713,2054,0.9491,2102,1.0,1995,1.0,1995,0.9098,2193,0.998,1999,0.9406,2121
65c8001abf1bb4af094a5a5f803f38af,maxcut-hamming10-2.clq.wcnf.xz,1.0,1929,0.9138,2111,0.9173,2103,1.0,1929,1.0,1929,0.8082,2387,1.0,1929,0.9019,2139
6c86df2894fc6a31ff2b089ffcac47d5,maxcut-hamming6-2.clq.wcnf.xz,0.9959,4409,0.9519,4613,0.916,4794,1.0,4391,1.0,4391,0.8688,5054,0.9387,4678,0.924,4752
02d6a3b37db5b0e8f47b15776a0832f8,maxcut-hamming8-2.clq.wcnf.xz,1.0,2213,0.963,2298,0.9543,2319,1.0,2213,1.0,2213,0.7546,2933,0.9928,2229,0.9365,2363
e05d168a54778616762aa4e644e2e091,maxcut-p_hat300-3.clq.wcnf.xz,1.0,1439,0.9326,1543,0.9079,1585,1.0,1439,1.0,1439,0.8145,1767,0.9697,1484,0.9011,1597
048305a4e7292470c2349cb944b61264,maxcut-p_hat500-3.clq.wcnf.xz,1.0,1501,0.9187,1634,0.8935,1680,1.0,1501,1.0,1501,0.5819,2580,0.9791,1533,0.901,1666
31f28297d7c99f3ba6713058c784e1c2,maxcut-p_hat700-3.clq.wcnf.xz,1.0,1432,0.8748,1637,0.8868,1615,1.0,1432,1.0,1432,0.8105,1767,1.0,1432,0.9145,1566
bea796ffd93e7c1445994173b1757a1f,maxcut-san200_0.9_3.clq.wcnf.xz,1.0,1670,0.9361,1784,0.9212,1813,1.0,1670,1.0,1670,0.8587,1945,0.9946,1679,0.9252,1805
3e1cbcc3c662ffea43538faea8eb92bf,maxcut-sanr200_0.7.clq.wcnf.xz,1.0,1171,0.8567,1367,0.8637,1356,1.0,1171,1.0,1171,0.7787,1504,0.9614,1218,0.9135,1282
61394be9827fc71d9919a0c7b50b175c,maxcut-sanr200_0.9.clq.wcnf.xz,1.0,1610,0.9488,1697,0.9248,1741,1.0,1610,0.9988,1612,0.898,1793,0.9859,1633,0.928,1735
82c4e460326eb2d9a78659c1df1dd5e5,maxcut-t7g3-9999.spn.wcnf.xz,0.9613,12436482,0.7539,15857006,0.4826,24771159,1.0,11954769,0.9679,12350717,0.3017,39628803,0.7762,15402219,0.7186,16636534
581330e5a46e330a49cbdd5dcbdee457,min-width-MinWidthCB_milan_200_12_1k_10s_1t_12.wcnf.xz,0.9582,97348,0.9554,97635,0.6928,134645,1.0,93283,0.9538,97805,0.5719,163102,0.987,94514,0.8561,108961
3d933eaeb8271d64bb04c2c07fa0bd1c,min-width-MinWidthCB_mitdbsample_300_43_1k_15s_1t_15.wcnf.xz,0.9498,40375,0.9988,38395,0.6069,63190,0.7914,48460,0.9418,40720,0.0,-,1.0,38350,0.7744,49525
4010aff91e857c2038c9065b34721553,min-width-MinWidthCB_mitdbsample_300_43_1k_3s_1t_5.wcnf.xz,0.9984,47500,0.9791,48435,0.0,-,0.9839,48200,1.0,47425,0.8041,58980,0.9708,48850,0.9373,50600
c0d648fa8c5cc1633874aecc15080408,min-width-MinWidthCB_mitdbsample_300_43_1k_6s_2t_6.wcnf.xz,0.9831,44795,0.9882,44565,0.7608,57890,1.0,44040,0.9851,44705,0.6702,65710,0.9958,44225,0.8723,50490
2478bfc753b099f2ff177bcac6863b3c,min-width-MinWidthCB_mitdbsample_300_43_1k_6s_2t_8.wcnf.xz,0.9806,44665,0.9685,45225,0.7067,61975,0.9931,44105,0.9835,44535,0.7051,62115,1.0,43800,0.9015,48585
52d64d5017bbd6418b5c3de5096fd8b9,min-width-MinWidthCB_mitdbsample_300_64_1k_15s_1t_15.wcnf.xz,0.9901,65760,0.9187,70875,0.6386,101950,0.878,74160,1.0,65110,0.7412,87845,0.9792,66490,0.786,82840
9526c0a6261fecbe422397600a198e5a,min-width-MinWidthCB_mitdbsample_300_64_1k_15s_2t_15.wcnf.xz,0.8988,66150,1.0,59455,0.627,94825,0.8091,73480,0.9182,64755,0.6789,87580,0.8542,69605,0.7407,80265
e11cb1e6b4516cb7c42e38b5f9ff5ce4,min-width-MinWidthCB_mitdbsample_300_64_1k_15s_2t_17.wcnf.xz,0.9262,64130,1.0,59400,0.6408,92695,0.8609,68995,0.9153,64895,0.6351,93525,0.916,64850,0.7332,81020
d93d1cddeff963cab5286b46ce50b3af,min-width-MinWidthCB_mitdbsample_300_64_1k_3s_3t_3.wcnf.xz,0.9946,77545,0.9894,77955,0.7762,99370,1.0,77130,0.9957,77460,0.8633,89345,0.9854,78275,0.914,84385
6731a8f383da59c9db7411abe4ffd697,min-width-MinWidthCB_mitdbsample_300_64_1k_3s_3t_5.wcnf.xz,0.9881,77025,0.988,77030,0.7378,103155,0.9888,76965,0.9894,76920,0.7643,99580,1.0,76105,0.9339,81495
75dd3a4b1cf3610e019dd10d3cb64d74,min-width-MinWidthCB_mitdbsample_300_64_1k_6s_1t_8.wcnf.xz,1.0,75565,0.9897,76355,0.7318,103260,0.9742,77570,0.9974,75765,0.728,103800,0.9767,77365,0.9025,83725
96ecd418d2d7fff953e9f8690887b881,min-width-MinWidthCB_mitdbsample_300_64_1k_6s_2t_6.wcnf.xz,1.0,74060,0.983,75340,0.7939,93285,0.9636,76855,0.9993,74110,0.6292,117700,0.9663,76645,0.9057,81775
e28b6540e1bc051a92be438cd16dcedb,min-width-MinWidthCB_mitdbsample_300_64_1k_6s_3t_6.wcnf.xz,1.0,72545,0.9784,74150,0.7359,98580,0.9981,72680,0.9974,72735,0.7017,103390,0.9794,74070,0.8869,81800
2f7aa14199c3959039c67ecb1eab5c15,min-width-MinWidthCB_power_1000_24_1k_10s_1t_12.wcnf.xz,0.9635,92292,0.9746,91239,0.6957,127826,1.0,88924,0.9567,92951,0.6401,138925,0.9616,92477,0.9033,98444
fb85a9b2e2b1fa7abde9b00c73b0f8ea,min-width-MinWidthCB_power_1000_24_1k_20s_2t_22.wcnf.xz,0.925,86530,0.9934,80571,0.6781,118038,1.0,80041,0.9336,85738,0.7226,110772,0.9863,81154,0.9266,86385
f4ede81958b17dd3d3d8bff5c8685a32,min-width-MinWidthCB_power_1000_24_1k_50s_1t_52.wcnf.xz,0.9286,88216,0.9965,82200,0.0,-,0.5966,137294,0.9275,88319,0.6254,130985,1.0,81913,0.8807,93005
ee93efd679628ada0c79367cd40cc355,miplib-normalized-mps-v2-20-10-mod008.opb.msat.wcnf.xz,0.9139,336,0.9625,319,0.9139,336,0.6403,480,0.0,-,0.9249,332,1.0,307,0.828,371
5011f6dd3fb71aed46c6d6d42513a83a,miplib-normalized-mps-v2-20-10-p0548.opb.msat.wcnf.xz,0.4918,45940,1.0,22594,0.4918,45940,0.9346,24175,0.0,-,0.4498,50230,0.4918,45940,0.6672,33864
c4a436e4eb1d94843bbea68a54579aab,miplib-normalized-mps-v2-20-10-sentoy.opb.msat.wcnf.xz,0.4365,3944,0.9642,1785,0.537,3206,0.9642,1785,0.0,-,0.5368,3207,1.0,1721,0.7895,2180
a539e2f8fc1b5306877fdf69b2fdf898,power-distribution-sparse-power-distribution_10_8.wcnf.xz,1.0,60,0.9104,66,1.0,60,1.0,60,1.0,60,1.0,60,1.0,60,1.0,60
aebb3a455c212726d9491ef770ccda4e,power-distribution-sparse-power-distribution_12_8.wcnf.xz,1.0,216,0.9864,219,1.0,216,0.3924,552,1.0,216,1.0,216,1.0,216,1.0,216
f22a9b93914330eb63ccccd293d632be,railway-transport-bf2030fvslack.wcnf.xz,0.7307,336300,1.0,245735,0.7307,336300,0.6646,369761,0.0,-,0.6562,374492,0.7307,336300,0.6395,384243
ae9f667f8c9e86649c7b57aee0a1b945,railway-transport-f2030.wcnf.xz,0.9198,4674,0.9566,4494,0.9403,4572,0.8306,5176,0.8833,4867,0.9364,4591,1.0,4299,0.8806,4882
e663d06d76208c5e2c8766771ab8fdfc,railway-transport-r11.wcnf.xz,0.7707,119134021,0.9049,101466508,0.0,-,0.6721,136608982,1.0,91820897,0.0,-,0.7392,124221186,0.901,101915402
dba3af5b4fb143b01fe017337feeee9f,railway-transport-wg2.wcnf.xz,0.6621,144,0.5549,172,0.5549,172,0.5926,161,0.589,162,0.9505,100,1.0,95,0.5926,161
fcfeb7a452588be4899f26214fa8e23e,relational-inference-pa-2.wcnf.xz,0.0093,29731,0.1279,2165,0.0589,4699,0.0,252025431,0.0097,28550,1.0,276,0.009,30829,0.1238,2237
8d50d71fc2445bbed796b9a48dfd72fa,relational-inference-pa-3.wcnf.xz,0.0388,10698,0.1818,2282,0.0226,18371,0.0,272135963,0.0409,10153,1.0,414,0.0096,43288,0.1818,2282
1d69eb0fbbde8c41206c99b062d6ac4d,robot-nagivation-robot-navigation_10.wcnf.xz,1.0,14,0.9375,15,1.0,14,0.0,-,0.0,-,0.5556,26,1.0,14,1.0,14
38da17874408d58f540931f29769c280,robot-nagivation-robot-navigation_8.wcnf.xz,1.0,26,0.9643,27,1.0,26,0.675,39,0.0,-,1.0,26,1.0,26,1.0,26
aabff9eae3f574ccd7075bf1c80e979a,robot-nagivation-robot-navigation_9.wcnf.xz,1.0,14,0.9375,15,1.0,14,0.375,39,0.0,-,1.0,14,1.0,14,1.0,14
6ac7c5e6d741b5f51d747d97a4167581,spot5-1401.wcsp.log.wcnf.xz,0.9663,475105,0.9582,479115,0.9663,475105,1.0,459111,0.8878,517106,0.9071,506124,1.0,459111,0.9623,477107
fe5b4ed0c8739fa6a058dceb75bce2de,spot5-1403.wcsp.log.wcnf.xz,0.9464,485256,0.9663,475282,0.9523,482251,1.0,459270,0.8777,523266,0.8676,529374,0.9957,461265,0.9072,506253
9bb155542219893b71728c1b0eaa1fea,spot5-1405.wcsp.log.wcnf.xz,0.9217,498459,0.9563,480455,0.9217,498457,1.0,459454,0.8845,519457,0.7846,585569,1.0,459446,0.8896,516444
4fd740aacb62ade1ce0533d085921bbb,staff-scheduling-instance11.wcnf.xz,1.0,3760,0.8378,4488,0.4375,8596,0.1686,22300,0.9918,3791,0.5419,6939,0.9671,3888,0.4958,7585
6c30a756f6e657222caf23960a6d869e,staff-scheduling-instance12.wcnf.xz,0.0,-,0.5243,13576,0.3501,20331,0.2395,29720,1.0,7118,0.4199,16954,0.3501,20331,0.3636,19580
b84af991183c740e291dcb278e30898c,staff-scheduling-instance2.wcnf.xz,0.9834,842,0.9988,829,1.0,828,0.9881,838,0.9787,846,0.9928,834,0.8982,922,0.9928,834
a358422334ecff3d68f76cb4b407d968,staff-scheduling-instance3.wcnf.xz,0.9738,1029,0.9444,1061,0.9862,1016,0.9348,1072,0.9776,1025,0.8979,1116,1.0,1002,0.89,1126
1cdf581be351b306c301fa401dc59e4b,staff-scheduling-instance4.wcnf.xz,0.9823,1749,0.9571,1795,0.9896,1736,0.9609,1788,0.9851,1744,0.9424,1823,1.0,1718,0.9971,1723
a4b4290a3a72433438ff800cffdb8657,staff-scheduling-instance5.wcnf.xz,0.9589,1290,0.8682,1425,0.783,1580,0.3782,3272,0.9597,1289,0.7343,1685,1.0,1237,0.8348,1482
801baeeeca67651bbafa359146de6282,staff-scheduling-instance6.wcnf.xz,0.9251,2323,0.8758,2454,0.7597,2829,0.3024,7109,0.9352,2298,0.7152,3005,1.0,2149,0.8498,2529
55a3feaba9504fa559b27f9de00a1242,staff-scheduling-instance7.wcnf.xz,1.0,1167,0.7197,1622,0.5675,2057,0.1194,9781,0.9949,1173,0.5583,2091,0.9924,1176,0.6115,1909
aabd00400139b816eff5b73816ae92b9,staff-scheduling-instance8.wcnf.xz,0.5341,3781,0.6322,3194,0.6554,3081,0.1468,13759,0.5661,3567,0.5524,3656,1.0,2019,0.5869,3441
f5b3b7a814f34a4379ff25d5d86b602a,staff-scheduling-instance9.wcnf.xz,0.2838,1944,0.1846,2989,0.1749,3155,0.0465,11869,0.2803,1968,0.1282,4306,1.0,551,0.1703,3240
4f7267b340d1e8b42884761b653a5783,tcp-tcp_students_105_it_3.wcnf.xz,0.976,2994,1.0,2922,1.0,2922,1.0,2922,0.975,2997,0.9878,2958,1.0,2922,0.9644,3030
dabd6100bb0f268090f54b76b02908bd,tcp-tcp_students_105_it_6.wcnf.xz,0.9532,3141,0.9871,3033,1.0,2994,1.0,2994,0.9756,3069,0.9881,3030,1.0,2994,0.9881,3030
63134c140378ec451c0d842298b7b2b9,tcp-tcp_students_112_it_5.wcnf.xz,1.0,3366,1.0,3366,1.0,3366,1.0,3366,0.9894,3402,1.0,3366,1.0,3366,0.9689,3474
270b840d693c9af7d1f749889e48242d,tcp-tcp_students_91_it_13.wcnf.xz,0.987,2766,1.0,2730,1.0,2730,0.87,3138,1.0,2730,1.0,2730,1.0,2730,0.9743,2802
7d71b2e65ec6e8071b9f26c1de0c9358,tcp-tcp_students_98_it_11.wcnf.xz,0.9729,2769,1.0,2694,0.9857,2733,1.0,2694,0.9594,2808,0.9989,2697,1.0,2694,0.9729,2769
8d0ab42833fed665870b6c700c1411dd,tcp-tcp_students_98_it_14.wcnf.xz,0.9884,3099,1.0,3063,1.0,3063,0.999,3066,0.999,3066,0.999,3066,1.0,3063,0.977,3135
5baf10e45b84633e74ce1e3f0cc3a146,tcp-tcp_students_98_it_15.wcnf.xz,0.9767,3216,1.0,3141,1.0,3141,1.0,3141,0.9887,3177,1.0,3141,1.0,3141,0.9776,3213
e8275d4dd40dfdae271ed643c484185c,timetabling-comp16.lp.sm-extracted.wcnf.xz,0.1525,294,0.1974,227,0.0705,637,0.152,295,0.149,301,0.0086,5206,1.0,44,0.0533,843
