hash,filename,Exact_score,Exact_cost,Loandra_score,Loandra_cost,Satlike-ck_score,Satlike-ck_cost,TT-Open-WBO-Inc-21_score,TT-Open-WBO-Inc-21_cost,StableResolve_score,StableResolve_cost,SATlike-c_score,SATlike-c_cost
3327a500b5e0ce68c9d2d4f5654a14db,scheduling_xiaojuan/lam20-n100-p13-frag12/20-100-frag12-13.wcnf.gz,,,,,,,,,,,,
a67a98e43e466632dc9d4102b5dd7df8,scheduling_xiaojuan/lam20-n100-p13-frag12/20-100-frag12-85.wcnf.gz,0.88,48,0.96,44,0.98,43,1.0,42,0.8,53,0.98,43
4aa54e8dada9c189378832e39f36ab14,scheduling_xiaojuan/lam20-n100-p13-frag12/20-100-frag12-91.wcnf.gz,0.86,50,0.96,45,0.98,44,0.98,44,0.83,52,0.98,44
6c5157ebe45446320b1c11a66072974c,scheduling_xiaojuan/lam20-n100-p13-frag12/20-100-frag12-97.wcnf.gz,0.9,47,1.0,42,0.98,43,0.98,43,0.81,52,1.0,42
a812e2656dd6540961f7a1e7da8663c4,scheduling_xiaojuan/lam20-n100-p100-frag3/20-100-p100-49.wcnf.gz,0.94,82,1.0,77,0.99,78,1.0,77,0.92,84,0.98,79
692a704b20b5b068330fbf0fa7939d28,scheduling_xiaojuan/lam20-n100-p100-frag3/20-100-p100-54.wcnf.gz,0.95,78,1.0,74,1.0,74,1.0,74,0.91,81,1.0,74
2154c091cda708690bad4936af16f706,scheduling_xiaojuan/lam100-n100-p13-frag3/20-100-lambda100-48.wcnf.gz,0.97,76,1.0,74,1.0,74,1.0,74,0.96,77,1.0,74
c55ef81fa576eb55dd385a2079bab72e,scheduling_xiaojuan/lam100-n100-p13-frag3/20-100-lambda100-96.wcnf.gz,0.94,79,1.0,74,1.0,74,1.0,74,0.97,76,1.0,74
55c6173815781ffbb5a668ae3d5d5ae2,large-graph-commmunity-detection_jabbour/AMAZON.wcnf.gz,0.0,-,0.77,68181,0.6,87464,0.82,63979,1.0,52408,0.82,63979
c11072a5d2c67cb65c5c3abade10277f,large-graph-commmunity-detection_jabbour/DBLP.wcnf.gz,0.71,82210,0.85,68614,0.87,67492,0.88,66289,1.0,58599,0.88,66289
38a78b87e53c46614f478b00dd29f205,large-graph-commmunity-detection_jabbour/YOUTUBE.wcnf.gz,0.93,121036,1.0,112502,0.95,118156,0.99017769915243,113618,0.960136207691126,117173,0.99,113618
a0a3073f2dca669206e759f2b8a64006,gen-hyper-tw/GenHyperTW_aim-50-3_4-yes1-3.wcnf.gz,0.8,19,0.89,17,1.0,15,1.0,15,0.8,19,1.0,15
833d566d0150e82e6d892b13570072a6,gen-hyper-tw/GenHyperTW_clique_15.wcnf.gz,0.69,12,0.9,9,1.0,8,0.9,9,0.6,14,1.0,8
528aa38a9b0b5f99f9fb4d59c4fa1ce3,gen-hyper-tw/GenHyperTW_flat30-50.wcnf.gz,0.66,43,1.0,28,0.85,33,0.91,31,0.64,44,0.85,33
6f879024c5e1685d51ccea5368c7744c,gen-hyper-tw/GenHyperTW_hole6.wcnf.gz,0.47,16,0.53,14,1.0,7,1.0,7,0.73,10,1.0,7
fa01f13d30e5ef49e338145747da51d3,gen-hyper-tw/GenHyperTW_par8-3-c.wcnf.gz,0.36,24,0.82,10,0.82,10,0.64,13,0.41,21,1.0,8
9673fc8dda0ebb86b60cf5cee50e859a,gen-hyper-tw/GenHyperTW_pret60_25.wcnf.gz,0.58,11,1.0,6,0.88,7,0.88,7,0.7,9,0.88,7
cb7e44fe60ca795bdc1e46c39e0f6e8e,gen-hyper-tw/GenHyperTW_uf20-099.wcnf.gz,1.0,6,0.88,7,1.0,6,1.0,6,0.88,7,1.0,6
f896ed60b2a0431b882f6458f5de1864,gen-hyper-tw/GenHyperTW_atv_partial_system.wcnf.gz,0.29,13,0.67,5,0.8,4,0.5,7,0.13,31,0.57,6
02b954e56938c609faed7744eb907854,hs-timetabling/GreeceWesternGreeceUniversityInstance4.xml.wcnf.gz,0.08,192,1.0,14,0.21,71,0.54,27,0.18,83,0.11,140
64fe9eb8e89d347bb36d204833e9884a,min-fill/MinFill_R0_myciel6.wcnf.gz,0.23,3274,1.0,753,0.94,801,0.97,777,0.42,1803,0.92,821
3fc9af170b9d5adb0d35e99318434462,min-fill/MinFill_R0_queen8_8.wcnf.gz,0.83,1150,1.0,959,0.98,978,0.99,971,0.94,1019,0.98,980
957a119351606c4561d680738c36bab9,min-fill/MinFill_R0_queen9_9.wcnf.gz,0.78,2097,1.0,1640,0.97,1696,0.96,1701,0.92,1790,0.96,1712
cfccbc4b1c707e54e6079ac274241296,min-fill/MinFill_R1_games120.wcnf.gz,0.49,3869,0.75,2524,0.94,2016,0.97,1965,0.6,3166,1.0,1902
e34c0270b6d40bcfaa886dfd8ff1ada1,min-fill/MinFill_R3_miles750.wcnf.gz,0.13,3597,1.0,484,0.63,773,0.58,838,0.15,3162,0.52,929
114527052c66d447e2667df7daa87dd2,min-fill/MinFill_R0_miles1500.wcnf.gz,0.09,2454,0.09,2412,0.5,434,0.94,232,0.1,2221,0.93,235
eccbb210e1ffcc2fcb7973022050327b,min-fill/MinFill_R0_queen5_5.wcnf.gz,0.99,94,1.0,93,1.0,93,1.0,93,1.0,93,1.0,93
8e1a34408598a551034c64197df6cbba,railroad_reisch/unweighted/MultiDay_1.wcnf.gz,0.65,112964,0.94,78917,0.92,80622,0.92,80623,1.0,73915,0.92,80622
e261b085f69e740b24ab7cfa112d8443,railroad_reisch/unweighted/MultiDay_3.wcnf.gz,0.77,197348,0.94,162181,0.94,162436,0.94,162438,1.0,152940,0.94,162437
f6b1ac2b4f9e49f03a20f056eb5929fc,railroad_reisch/unweighted/MultiDay_4.wcnf.gz,0.8,230831,0.95,195470,0.95,195677,0.95,195678,1.0,185492,0.95,195677
4c1825b8c1d8e91362332a82456658ea,railroad_reisch/unweighted/SingleDay_15.wcnf.gz,0.84,30562,0.98,26016,0.98,26131,0.98,26125,1.0,25525,0.98,26131
89f7dc8a3180427955297ee486c1c9a3,railroad_reisch/unweighted/SingleDay_3.wcnf.gz,0.68,13989,0.97,9738,1.0,9457,1.0,9456,1.0,9448,1.0,9457
dcdee872a1be29a2dfc0c720750d6280,railroad_reisch/unweighted/Subnetwork_7.wcnf.gz,0.77,8316,0.99,6430,1.0,6398,1.0,6393,1.0,6393,1.0,6393
b283e1fc3ddbea15bb5e9676003fc2b7,railroad_reisch/unweighted/Subnetwork_9.wcnf.gz,0.8,9899,0.97,8171,1.0,7908,1.0,7906,1.0,7902,1.0,7907
8e1a34408598a551034c64197df6cbba,railroad_reisch/weighted/MultiDay_1_weighted.wcnf.gz,0.65,112964,0.94,78867,0.92,80622,0.92,80623,1.0,73916,0.92,80622
5a451c257892a7d7f43ffa3b7af676a0,treewidth-computation/TWComp_1c75_N69.wcnf.gz,1.0,29,1.0,29,1.0,29,1.0,29,0.91,32,1.0,29
81624dedaa57f22db99b68025cc6fecf,treewidth-computation/TWComp_myciel5_N47.wcnf.gz,1.0,19,1.0,19,1.0,19,1.0,19,0.87,22,1.0,19
684479f2e5c5a721acd41167544df706,treewidth-computation/TWComp_queen5_5_N25.wcnf.gz,1.0,18,1.0,18,1.0,18,1.0,18,1.0,18,1.0,18
f6c94e15ab52ec13b4a3ff64a095fac2,atcoss/mesat/atcoss_mesat_02.wcnf.gz,0.52,98,1.0,50,1.0,50,0.84,60,0.84,60,1.0,50
ce0c8e73080b230c99bcb093fbc68252,atcoss/mesat/atcoss_mesat_03.wcnf.gz,0.56,90,0.93,54,1.0,50,1.0,50,0.74,68,1.0,50
03a7a9705731681707c028c9234394de,atcoss/mesat/atcoss_mesat_04.wcnf.gz,0.0,-,1.0,30,0.94,32,0.94,32,0.62,49,0.94,32
b95022969e00a1317f9cd318f05edaf7,atcoss/mesat/atcoss_mesat_15.wcnf.gz,0.0,-,1.0,40,1.0,40,0.0,-,0.0,-,0.0,-
61a38599aaf2dd2fd403efc8388716ac,atcoss/mesat/atcoss_mesat_18.wcnf.gz,0.0,-,1.0,12,1.0,12,1.0,12,0.62,20,1.0,12
779197085c5705f724f9c4a79de75cc4,atcoss/sugar/atcoss_sugar_05.wcnf.gz,0.19,58,1.0,10,0.85,12,0.79,13,0.22,48,0.85,12
b7268d11503040768324ba5fb967e9bf,atcoss/sugar/atcoss_sugar_10.wcnf.gz,0.48,28,0.82,16,1.0,13,0.82,16,0.42,32,0.82,16
63ca710fe488c972faeb46dddff0d226,maxclique/structured/hamming10-4.clq.wcnf.gz,0.99,992,1.0,984,1.0,984,0.99,992,1.0,986,1.0,984
801a7ce8164130e2084336b9fe396843,maxclique/structured/p_hat1000-2.clq.wcnf.gz,0.99,966,1.0,954,1.0,954,0.99,966,1.0,954,1.0,954
e763814efd2f9ec867a08b9aed9976a4,maxclique/structured/p_hat700-2.clq.wcnf.gz,0.98,669,1.0,658,1.0,656,0.99,660,1.0,656,1.0,656
7f00aded6cbc78f63c2c523a6e01d47c,maxcut/dimacs_mod/brock200_3.clq.wcnf.gz,0.94,227,0.99,216,1.0,214,1.0,214,1.0,214,1.0,214
4522b43039b0be879827ae0b392aa25b,maxcut/bipartite/maxcut-140-630-0.7-12.wcnf.gz,0.61,274,0.91,184,1.0,167,1.0,167,1.0,167,1.0,167
55bde4505ab54511fbe6bc99c479e094,maxcut/bipartite/maxcut-140-630-0.7-20.wcnf.gz,0.68,246,0.95,177,1.0,168,1.0,168,1.0,168,1.0,168
d61c9a2c1f63a5d29a7767d9e27cc587,maxcut/bipartite/maxcut-140-630-0.7-28.wcnf.gz,0.59,284,0.97,173,1.0,167,1.0,167,1.0,167,1.0,167
bb78409cb938e67866a8c36444d0c86b,maxcut/bipartite/maxcut-140-630-0.7-4.wcnf.gz,0.62,271,0.94,177,1.0,167,1.0,167,1.0,167,1.0,167
df4b317ff0b1792f7da02bfc751fcd30,maxcut/bipartite/maxcut-140-630-0.7-45.wcnf.gz,0.73,230,0.97,173,1.0,168,1.0,168,1.0,168,1.0,168
b69ab08a5dd2762bdb323c696bcd29fc,maxcut/bipartite/maxcut-140-630-0.7-6.wcnf.gz,0.7,232,0.96,169,1.0,162,1.0,162,1.0,162,1.0,162
f6c3969b3a39b5627565c100c3cbe4e3,maxcut/bipartite/maxcut-140-630-0.8-1.wcnf.gz,0.64,257,0.93,178,1.0,165,1.0,165,1.0,165,1.0,165
cf791c1bd79d95d57e227e75e447ac3d,maxcut/bipartite/maxcut-140-630-0.8-18.wcnf.gz,0.71,229,0.91,179,1.0,163,1.0,163,1.0,163,1.0,163
a97e66e7be8c5668d0ac8ba09731837d,maxcut/bipartite/maxcut-140-630-0.8-26.wcnf.gz,0.67,251,0.94,178,1.0,167,1.0,167,1.0,167,1.0,167
3175453125ad6656245d416a050062a4,maxcut/bipartite/maxcut-140-630-0.8-39.wcnf.gz,0.65,261,0.92,184,1.0,169,1.0,169,1.0,169,1.0,169
f9ee2d20614281972550c70dfd7e0ee5,scheduling/cnf_10.wcnf.gz,0.21,241,0.96,52,0.93,54,1.0,50,0.43,119,1.0,50
9db6427cdafcca5d9912887ea53b4d20,scheduling/cnf_12.wcnf.gz,0.35,175,1.0,61,0.98,62,0.98,62,0.6,103,0.98,62
1138c3481b5bea8d51cb8c29e9d9e271,scheduling/cnf_small.wcnf.gz,0.78,36,1.0,28,1.0,28,0.91,31,1.0,28,0.91,31
ff02ad48ec05e0f7513f99be93084838,MaxSATQueriesinInterpretableClassifiers/MLIC_maxsat_benchmarks/credit_train_1_DNF_3_1.wcnf.gz,0.27,21025,1.0,5675,0.95,5997,0.95,5980,0.27,21027,0.95,6003
38753c1a62e0be2d25c69358042f95c8,railway-transport/d4.wcnf.gz,0.1,26879,0.26,9823,1.0,2567,0.79,3247,0.35,7272,0.85,3036
f025d3bd9ecdfa20c28a54d0efb814d2,railway-transport/pesp_18Min.wcnf.gz,0.06,5467,1.0,311,0.59,532,0.52,598,0.17,1805,0.68,460
5d52d65c2811cffad7ff845745a6844b,railway-transport/we.wcnf.gz,0.03,11120,0.06,4598,1.0,288,0.770666666666667,374,0.094351942539994,3062,0.63,458
ec201844251db6241957ab04e34eb646,railway-transport/pesp_5min.wcnf.gz,0.08,882,0.9,76,1.0,68,0.93,73,0.3,227,1.0,68
454db96157358269d852b363f50490fd,setcover-rail_zhendong/unweighted-setcover-sts/data.135.wcnf.gz,0.97,106,0.99,104,0.99,104,1.0,103,1.0,103,0.99,104
a949988fbd605b8c710eea70750638e2,setcover-rail_zhendong/unweighted-setcover-sts/data.243.wcnf.gz,0.96,207,0.98,203,1.0,198,1.0,198,1.0,198,1.0,198
fa7e6a3895c51454ecbf95afa8c5ff94,setcover-rail_zhendong/unweighted-setcover-sts/data.405.wcnf.gz,0.96,356,0.98,346,1.0,341,1.0,341,1.0,340,0.99,342
8d3c38ed46747150c3c02bce8218e3b4,setcover-rail_zhendong/unweighted-setcover-sts/data.729.wcnf.gz,0.97,657,0.99,648,0.99,647,0.98,654,1.0,640,1.0,639
6e9a32e782c18c058c158f5cc335e372,decision-tree/tic-tac-toe-un/formula_0.8_2021_atleast_127_max-6_reduced_incomplete_tree.wcnf.gz,0.45,239,0.67,159,0.65,163,1.0,106,0.41,259,0.81,131
44359abcb29b6fd066f21d6daea951ae,decision-tree/tic-tac-toe-un/formula_0.8_2021_atleast_31_max-4_reduced_incomplete_tree.wcnf.gz,0.51,279,0.86,165,1.0,142,0.89,160,0.81,175,0.83,171
894e5c83cf45d9cfd01001cf50dfcadd,decision-tree/tic-tac-toe-un/formula_0.8_2021_atleast_63_max-5_reduced_incomplete_tree.wcnf.gz,0.4,261,0.9,117,1.0,105,0.65,163,0.46,228,0.66,159
d078816a292c33435ed5080aa41711a9,decision-tree/soybean-un/formula_0.8_2021_atleast_127_max-6_reduced_incomplete_tree.wcnf.gz,0.1,41,0.44,8,0.67,5,0.67,5,0.05,74,1.0,3
79a139ab84179ed1ca87090084980545,decision-tree/soybean-un/formula_0.8_2021_atleast_15_max-3_reduced_incomplete_tree.wcnf.gz,0.5,45,1.0,22,1.0,22,1.0,22,0.29,78,1.0,22
b492f6ea7329d88b02f0734ae5b5fac8,decision-tree/soybean-un/formula_0.8_2021_atleast_31_max-4_reduced_incomplete_tree.wcnf.gz,0.34,28,1.0,9,0.83,11,0.77,12,0.13,74,0.77,12
f23e50983d3ed156cc1c8b6a0de1c14d,decision-tree/anneal-un/formula_0.8_2021_atleast_127_max-6_reduced_incomplete_tree.wcnf.gz,0.29,264,0.89,87,1.0,77,0.84,92,0.73,106,0.9,86
f0fbfa811b048d6075a9b00970108c3f,decision-tree/anneal-un/formula_0.8_2021_atleast_31_max-4_reduced_incomplete_tree.wcnf.gz,0.55,153,1.0,83,0.94,88,0.88,94,0.69,120,0.88,94
1482d86c9401a7e77641210d463a473d,decision-tree/australian-credit-un/formula_0.8_2021_atleast_127_max-6_reduced_incomplete_tree.wcnf.gz,0.29,207,1.0,59,0.91,65,0.91,65,0.29,205,0.88,67
a2c0eafbc3d7f0fb8e684c848863e815,decision-tree/australian-credit-un/formula_0.8_2021_atleast_15_max-3_reduced_incomplete_tree.wcnf.gz,0.5,134,0.99,67,0.97,68,1.0,66,0.91,73,0.99,67
a4aabe63e54c16d4bcd0c48f26fa9266,decision-tree/car-un/formula_0.8_2021_atleast_127_max-6_reduced_incomplete_tree.wcnf.gz,0.2,212,0.77,55,0.48,88,0.57,75,0.11,382,1.0,42
b8dd6a57036f353bbcf3b254c55daeea,decision-tree/lymph-un/formula_0.8_2021_atleast_127_max-6_reduced_incomplete_tree.wcnf.gz,0.04,25,0.17,5,0.33,2,0.2,4,0.02,43,0.5,1
6b6e1949cd7bac3c5798d1593457df57,decision-tree/heart-cleveland-un/formula_0.8_2021_atleast_127_max-6_reduced_incomplete_tree.wcnf.gz,0.33,72,0.89,26,0.89,26,0.96,24,0.3,78,1.0,23
34cf0495b5bd99b0a96a0e06bdca2b15,decision-tree/heart-cleveland-un/formula_0.8_2021_atleast_63_max-5_reduced_incomplete_tree.wcnf.gz,0.46,67,0.91,33,0.78,39,1.0,30,0.36,84,1.0,30
361f22ad58c0c6e373cf6ff845ff9b3a,decision-tree/vote-un/formula_0.8_2021_atleast_15_max-3_reduced_incomplete_tree.wcnf.gz,0.64,10,1.0,6,0.88,7,1.0,6,0.58,11,0.88,7
86c4da06adb63b245750bb1c0cbbfa90,decision-tree/vote-un/formula_0.8_2021_atleast_31_max-4_reduced_incomplete_tree.wcnf.gz,0.2,14,0.6,4,1.0,2,0.75,3,0.25,11,1.0,2
a319176b4584bae01cee4f6b9b79fda6,decision-tree/vote-un/formula_0.8_2021_atleast_63_max-5_reduced_incomplete_tree.wcnf.gz,0.13,7,0.5,1,0.5,1,0.33,2,0.08,11,1.0,0
9c8e1a58418da30085e70555cea047a1,decision-tree/primary-tumor-un/formula_0.8_2021_atleast_15_max-3_reduced_incomplete_tree.wcnf.gz,0.72,56,1.0,40,1.0,40,1.0,40,0.66,61,1.0,40
aa44a88ca5584789be76abf1c591773b,decision-tree/primary-tumor-un/formula_0.8_2021_atleast_31_max-4_reduced_incomplete_tree.wcnf.gz,0.62,57,0.97,36,1.0,35,0.92,38,0.63,56,0.92,38
2da873e7501c9fcd7cadfa9a0776c3b9,decision-tree/splice-1-un/formula_0.8_2021_atleast_15_max-3_reduced_incomplete_tree.wcnf.gz,0.45,712,1.0,321,0.25,1282,0.23,1387,0.69,469,0.27,1176
fd58cc4b60da985774c8b2d43ef4f585,decision-tree/splice-1-un/formula_0.8_2021_atleast_63_max-5_reduced_incomplete_tree.wcnf.gz,0.46,1980,1.0,905,0.71,1280,0.7,1297,0.74,1222,0.72,1250
6d79a213169042c1b0593a73ec188df6,decision-tree/hypothyroid-un/formula_0.8_2021_atleast_31_max-4_reduced_incomplete_tree.wcnf.gz,0.15,313,1.0,46,0.23,207,0.34,136,0.21,221,1.0,46
ea0f8a5107a618cbcb0bb10f704abf01,decision-tree/breast-cancer-un/rest/stratified/formula_0.8_2021_atleast_63_max-5_reduced_incomplete_tree.wcnf.gz,0.24,44,0.69,15,0.58,18,1.0,10,0.18,59,0.85,12
e48e53446cd9d219df86ca511e812a05,xai-mindset2/haberman.wcnf.gz,0.74,500,1.0,371,0.96,385,0.94,396,0.93,397,0.93,398
cc060d67bf7f35b995cbf8594d9575f8,xai-mindset2/heart-c.wcnf.gz,0.72,284,0.85,240,0.94,217,0.87,233,0.76,267,0.93,219
0e75dac04ecda04f4650755f17b6d20c,phylogenetic-trees_berg/ms_200_12_20-3.wcnf.gz,0.0,-,0.77,130,1.0,100,0.95,105,0.0,-,0.96,104
b298e4984e03729522b3ae83686957c3,phylogenetic-trees_berg/ms_160_20_20-0.wcnf.gz,0.0,-,0.62,129,0.81,98,1.0,79,0.5,158,1.0,79
1f456efcb842dae1d2de45dc41a17d35,phylogenetic-trees_berg/ms_200_10_40-0.wcnf.gz,0.0,-,1.0,88,0.55,162,1.0,88,0.0,-,1.0,88
e3ca9cac067e097d6cb5df3a12a79bf0,phylogenetic-trees_berg/ms_200_16_20-0.wcnf.gz,0.0,-,0.63,133,1.0,84,1.0,84,0.55,154,1.0,84
f0efb54c588e19f3b2ff024c8a17eab4,phylogenetic-trees_berg/ms_200_20_20-6.wcnf.gz,0.0,-,0.56,121,0.91,74,1.0,67,0.5,135,1.0,67
871a50ecdba949878c998933dbb69d58,phylogenetic-trees_berg/ms_200_22_20-2.wcnf.gz,0.0,-,0.59,174,0.88,117,0.91,113,0.58,179,0.91,113
fbdc122f9f3d039022df3bb42229c9d7,phylogenetic-trees_berg/ms_260_20_20-0.wcnf.gz,0.0,-,0.41,185,1.0,76,0.44,176,0.39,195,0.69,110
2802f04b0407dd8312f99837fdb8c426,phylogenetic-trees_berg/ms_260_20_20-1.wcnf.gz,0.0,-,0.47,141,0.7,95,0.89,74,0.39,169,0.89,74
e44035e719a4c9f163728cb657616426,aes/mul_8_11.wcnf.gz,0.05,1382,0.41,159,0.96,67,1.0,64,0.83,77,1.0,64
0407c9a31122adb16306950d1f326ee5,aes/mul_8_13.wcnf.gz,0.05,1179,0.39,156,0.94,64,1.0,60,0.88,68,0.94,64
5c480a59388fb830f4214e077bae2176,aes/mul_8_14.wcnf.gz,0.05,1205,0.51,110,0.89,63,1.0,56,0.93,60,0.88,64
0daa3ef64a8653427d70c92d04c7e85d,aes/mul_8_9.wcnf.gz,0.04,1115,0.52,81,0.93,45,1.0,42,1.0,42,0.91,46
838ae4d3694782ea608dc243073b5921,aes/sbox_8.wcnf.gz,0.58,807,0.76,610,0.99,471,0.6,771,0.97,476,1.0,464
2a0b2bdce1509c44c257d5aee2936255,aes/mul_8_3.wcnf.gz,0.04,974,0.82,44,0.95,38,1.0,36,1.0,36,0.97,37
108973519f53f7f81ceab2712c3aff64,logic-synthesis/normalized-test4.pi.opb.msat.wcnf.gz,0.58,190,0.77,144,0.93,119,0.94,117,1.0,110,0.93,118
71db7ec1e61d2d357518dc0317b47c9a,ramsey/ram_k3_n10.ra0.wcnf.gz,1.0,4,1.0,4,1.0,4,1.0,4,1.0,4,1.0,4
9df8d445ca8ad9442542c09166d0164b,ramsey/ram_k3_n11.ra0.wcnf.gz,1.0,7,1.0,7,1.0,7,1.0,7,1.0,7,1.0,7
0a809976dc20be430529aef0713b6cf3,ramsey/ram_k3_n12.ra0.wcnf.gz,0.92,11,1.0,10,1.0,10,1.0,10,1.0,10,1.0,10
e53cf111003e0f64d8d5fb356e88e710,ramsey/ram_k3_n13.ra0.wcnf.gz,0.85,19,1.0,16,1.0,16,1.0,16,1.0,16,1.0,16
fcf124e0d9ca41558388a0d6eeae4286,ramsey/ram_k3_n14.ra0.wcnf.gz,0.63,34,1.0,21,1.0,21,1.0,21,1.0,21,1.0,21
450afcc24a5ad80919308ac3d67d2e24,ramsey/ram_k3_n15.ra0.wcnf.gz,0.6,51,1.0,30,1.0,30,1.0,30,1.0,30,1.0,30
20b9be35fba374973771bb4b172bd937,ramsey/ram_k3_n18.ra0.wcnf.gz,0.42,144,0.95,63,1.0,60,1.0,60,1.0,60,1.0,60
6dcf081a8a07caeede94f87f51f71ace,ramsey/ram_k3_n19.ra0.wcnf.gz,0.26,293,0.94,80,1.0,75,1.0,75,1.0,75,1.0,75
d175f5d2a9a48baf7d4a4c7b6bcfc9a6,ramsey/ram_k4_n18.ra0.wcnf.gz,0.31,31,0.91,10,1.0,9,1.0,9,1.0,9,1.0,9
234a72ff13513f23e278ab7adeef457c,ramsey/ram_k4_n19.ra0.wcnf.gz,0.18,89,1.0,15,1.0,15,1.0,15,1.0,15,1.0,15
06dbf935ded3e22a0a6ecab934dd7e53,ramsey/ram_k4_n20.ra0.wcnf.gz,0.16,154,0.71,34,1.0,24,1.0,24,1.0,24,1.0,24
7c9bf5669164f4536778846222835fdf,reversi/rev66-16.wcnf.gz,0.78,22,1.0,17,1.0,17,1.0,17,0.72,24,1.0,17
0d96291aa07376b6d958c54e2f0b66e1,reversi/rev66-18.wcnf.gz,0.89,17,1.0,15,0.76,20,1.0,15,0.76,20,1.0,15
92cc907b5f6920a31dcc89cbb73f34b8,reversi/rev66-20.wcnf.gz,0.67,20,1.0,13,1.0,13,1.0,13,0.74,18,1.0,13
97e8f080547ee6fcb9f04f8c4f181e82,reversi/rev66-22.wcnf.gz,0.57,20,1.0,11,1.0,11,1.0,11,0.63,18,1.0,11
96701ada0bafaca3a9cdedda2a19193c,reversi/rev66-24.wcnf.gz,0.53,18,1.0,9,1.0,9,1.0,9,0.59,16,1.0,9
769c7a4858865e0f8b96bcd3a00665b1,reversi/rev66-28.wcnf.gz,0.46,12,0.75,7,1.0,5,1.0,5,0.46,12,1.0,5
319329db93ca7f663d7fad77b25db791,reversi/rev66-32.wcnf.gz,0.67,2,1.0,1,1.0,1,1.0,1,0.33,5,1.0,1
7779f36464b931d3354831be8ad7581a,set-covering/crafted/scpclr/scpclr11_maxsat.wcnf.gz,0.17,144,0.8,29,0.92,25,0.92,25,1.0,23,0.92,25
0627f9b443abb22084ccc217288d2a2d,set-covering/crafted/scpclr/scpclr12_maxsat.wcnf.gz,0.09,281,0.8,29,0.8,29,0.8,29,1.0,23,0.8,29
d7d17d11822d92e4b551eba2f2db3c5e,set-covering/crafted/scpclr/scpclr13_maxsat.wcnf.gz,0.05,488,0.71,33,0.75,31,0.75,31,1.0,23,0.75,31
119c43b96680bbca8eed5a3091409409,set-covering/crafted/scpcyc/scpcyc06_maxsat.wcnf.gz,0.58,104,0.97,62,0.95,63,0.95,63,1.0,60,0.95,63
79878f1b11b4d9d86e74097976eb58a7,set-covering/crafted/scpcyc/scpcyc07_maxsat.wcnf.gz,0.4,363,0.94,153,0.9,161,0.9,161,1.0,144,0.9,161
d0c2465e3897612a9901a9f0ca419be2,set-covering/crafted/scpcyc/scpcyc08_maxsat.wcnf.gz,0.44,787,0.92,373,0.87,395,0.88,393,1.0,344,0.87,395
a9002a5e46e51a718eccb9d0c2550be1,set-covering/crafted/scpcyc/scpcyc09_maxsat.wcnf.gz,0.19,4294,0.92,896,0.97,850,0.99,835,1.0,823,0.97,850
e5e3279c2343263688a6860559b2ed1b,set-covering/crafted/scpcyc/scpcyc10_maxsat.wcnf.gz,0.17,11299,0.89,2161,0.99,1933,1.0,1918,0.95,2028,0.99,1933
3308b0decfa3f7f673a2cf1d461edd8d,set-covering/crafted/scpcyc/scpcyc11_maxsat.wcnf.gz,0.16,27564,0.8,5381,0.99,4357,1.0,4309,0.91,4742,0.99,4357
baf9cf02a19078d4bfed7e27ba4e4ceb,planning-bnn/sysadmin_5_3.wcnf.gz,0.0,-,0.86,6,1.0,5,0.86,6,0.75,7,0.86,6
9a223707c1e1c2751dc144cfa4755cf2,planning-bnn/sysadmin_5_4.wcnf.gz,0.0,-,0.0,-,0.62,12,0.8,9,0.73,10,1.0,7
ce51210ccbd63066caefd379917e713b,planning-bnn/cellda_x_12.wcnf.gz,0.0,-,0.0,-,0.0,-,0.0,-,0.77,12,0.0,-
5a2fb0ef7f320d89455162ae43cd49d8,planning-bnn/cellda_y_10.wcnf.gz,0.0,-,1.0,6,0.0,-,0.0,-,0.0,-,0.0,-
6ca66e973575d59bc4af51925d82541a,planning-bnn/navigation_5x5_10.wcnf.gz,0.0,-,0.0,-,0.0,-,0.0,-,0.0,-,0.0,-
c5a0c45cda7c9a8a8dc6f6abcd87fd80,planning-bnn/navigation_5x5_8.wcnf.gz,0.0,-,0.0,-,0.0,-,0.0,-,0.0,-,0.0,-
f85effff61d92ff1ef2a92e26d9b93e8,planning-bnn/navigation_5x5_9.wcnf.gz,0.0,-,0.0,-,0.0,-,0.0,-,0.0,-,0.0,-
95119f02d7df85964c0a23b6f319596b,planning-bnn/sysadmin_4_4.wcnf.gz,0.67,5,0.8,4,0.67,5,0.8,4,0.5,7,0.8,4
d9393f7d06f6a0fa2983bbba45173ef9,uaq/uaq-ppr-nr200-nc66-n5-k2-rpp4-ppr13-plb100.wcnf.gz,0.7,109,0.93,82,1.0,76,0.9625,79,1.0,76,0.96,79
a365a39f45624173b4f34dd9c5b2d09d,program_disambiguation-Ramos/Q34_OPTIONS_1.wcnf.gz,1.0,3,0.5,7,1.0,3,1.0,3,0.8,4,1.0,3
264b42422ce474434ec1a1b47f924123,extension-enforcement/extension-enforcement_non-strict_stb_200_0.05_4_10_0.wcnf.gz,0.0,1776,0.41,16,0.7,9,0.78,8,1.0,6,0.64,10
dc56293fd0be5b106ca7b215b0ec8c39,extension-enforcement/extension-enforcement_non-strict_stb_200_0.1_4_10_2.wcnf.gz,0.0,2510,0.75,11,0.9,9,0.9,9,1.0,8,0.82,10
1939b0b30ce3d2932b8494bca3dad40d,MaximumCommonSub-GraphExtraction/solved/g2_n35e34_n58e61.wcnf.gz,1.0,21,1.0,21,1.0,21,1.0,21,1.0,21,1.0,21
68ce2a8469952fa1b0d4d6dad4137e05,optic/gen_add_6_991.wcnf.gz,0.08,1359,0.91,112,0.97,105,0.97,105,0.98,104,0.97,105
8885e6228f2aa1778e64098ddd06a024,exploits-synthesis_changjian_zhang/meltdown_min.wcnf.gz,0.0,-,0.97,71,0.0,-,0.0,-,0.0,-,0.0,-
8bec75e791e0e2848345dc7e8930e04a,exploits-synthesis_changjian_zhang/spectre_min.wcnf.gz,0.0,-,0.0,-,0.0,-,0.0,-,0.0,-,0.0,-
b86d78d65e70a23c2d930b1e6f8cfe7c,uaq_gazzarata/min/uaq-min-nr-nr50-np400-rpp5-nc0-rs0-t0-plb100-n9.wcnf.gz,0.87,268,0.99,237,0.99,237,0.99,236,1.0,234,1.0,234
